CREATE USER IF NOT EXISTS SA SALT '4707a0d448745b45' HASH 'f97e6be2f076ae0c69421c1a9521d3961698088b7928db594ea8961f7904dd88' ADMIN;
CREATE SEQUENCE PUBLIC.SEQ_ID START WITH 3021;
CREATE CACHED TABLE PUBLIC.CATEGORIES(
    ID INT NOT NULL,
    CATEGORY_NAME VARCHAR(15) NOT NULL,
    PARENT_ID INT,
    DESCRIPTION VARCHAR(254)
);
ALTER TABLE PUBLIC.CATEGORIES ADD CONSTRAINT PUBLIC.CONSTRAINT_6 PRIMARY KEY(ID);
-- 8 +/- SELECT COUNT(*) FROM PUBLIC.CATEGORIES;
INSERT INTO PUBLIC.CATEGORIES(ID, CATEGORY_NAME, PARENT_ID, DESCRIPTION) VALUES
(1, 'Beverages', NULL, 'Soft drinks, coffees, teas, beers, and ales'),
(2, 'Condiments', NULL, 'Sweet and savory sauces, relishes, spreads, and seasonings'),
(3, 'Confections', NULL, 'Desserts, candies, and sweet breads'),
(4, 'Dairy Products', NULL, 'Cheeses'),
(5, 'Grains/Cereals', NULL, 'Breads, crackers, pasta, and cereal'),
(6, 'Meat/Poultry', NULL, 'Prepared meats'),
(7, 'Produce', NULL, 'Dried fruit and bean curd'),
(8, 'Seafood', NULL, 'Seaweed and fish');
CREATE INDEX PUBLIC.I_CATEGORIES_CATEGORYNAME ON PUBLIC.CATEGORIES(CATEGORY_NAME);
CREATE CACHED TABLE PUBLIC.CUSTOMERS(
    ID CHAR(5) NOT NULL,
    COMPANY_NAME VARCHAR(40) NOT NULL,
    CONTACT_NAME VARCHAR(30),
    CONTACT_TITLE VARCHAR(30),
    ADDRESS VARCHAR(60),
    CITY VARCHAR(15),
    REGION VARCHAR(15),
    POSTAL_CODE VARCHAR(10),
    COUNTRY VARCHAR(15),
    PHONE VARCHAR(24),
    FAX VARCHAR(24)
);
ALTER TABLE PUBLIC.CUSTOMERS ADD CONSTRAINT PUBLIC.CONSTRAINT_62 PRIMARY KEY(ID);
-- 91 +/- SELECT COUNT(*) FROM PUBLIC.CUSTOMERS;
INSERT INTO PUBLIC.CUSTOMERS(ID, COMPANY_NAME, CONTACT_NAME, CONTACT_TITLE, ADDRESS, CITY, REGION, POSTAL_CODE, COUNTRY, PHONE, FAX) VALUES
('ALFKI', 'Alfreds Futterkiste', 'Maria Anders', 'Sales Representative', 'Obere Str. 57', 'Berlin', NULL, '12209', 'Germany', '030-0074321', '030-0076545'),
('ANATR', 'Ana Trujillo Emparedados y helados', 'Ana Trujillo', 'Owner', STRINGDECODE('Avda. de la Constituci\u00f3n 2222'), STRINGDECODE('M\u00e9xico D.F.'), NULL, '05021', 'Mexico', '(5) 555-4729', '(5) 555-3745'),
('ANTON', STRINGDECODE('Antonio Moreno Taquer\u00eda'), 'Antonio Moreno', 'Owner', 'Mataderos  2312', STRINGDECODE('M\u00e9xico D.F.'), NULL, '05023', 'Mexico', '(5) 555-3932', NULL),
('AROUT', 'Around the Horn', 'Thomas Hardy', 'Sales Representative', '120 Hanover Sq.', 'London', NULL, 'WA1 1DP', 'UK', '(171) 555-7788', '(171) 555-6750'),
('BERGS', 'Berglunds snabbk?p', 'Christina Berglund', 'Order Administrator', 'Berguvsv?gen  8', 'Lule?', NULL, 'S-958 22', 'Sweden', '0921-12 34 65', '0921-12 34 67'),
('BLAUS', 'Blauer See Delikatessen', 'Hanna Moos', 'Sales Representative', 'Forsterstr. 57', 'Mannheim', NULL, '68306', 'Germany', '0621-08460', '0621-08924'),
('BLONP', STRINGDECODE('Blondel p\u00e8re et fils'), STRINGDECODE('Fr\u00e9d\u00e9rique Citeaux'), 'Marketing Manager', STRINGDECODE('24, place Kl\u00e9ber'), 'Strasbourg', NULL, '67000', 'France', '88.60.15.31', '88.60.15.32'),
('BOLID', STRINGDECODE('B\u00f3lido Comidas preparadas'), STRINGDECODE('Mart\u00edn Sommer'), 'Owner', 'C/ Araquil, 67', 'Madrid', NULL, '28023', 'Spain', '(91) 555 22 82', '(91) 555 91 99'),
('BONAP', 'Bon app''', 'Laurence Lebihan', 'Owner', '12, rue des Bouchers', 'Marseille', NULL, '13008', 'France', '91.24.45.40', '91.24.45.41'),
('BOTTM', 'Bottom-Dollar Markets', 'Elizabeth Lincoln', 'Accounting Manager', '23 Tsawassen Blvd.', 'Tsawassen', 'BC', 'T2F 8M4', 'Canada', '(604) 555-4729', '(604) 555-3745'),
('BSBEV', 'B''s Beverages', 'Victoria Ashworth', 'Sales Representative', 'Fauntleroy Circus', 'London', NULL, 'EC2 5NT', 'UK', '(171) 555-1212', NULL),
('CACTU', 'Cactus Comidas para llevar', 'Patricio Simpson', 'Sales Agent', 'Cerrito 333', 'Buenos Aires', NULL, '1010', 'Argentina', '(1) 135-5555', '(1) 135-4892'),
('CENTC', 'Centro comercial Moctezuma', 'Francisco Chang', 'Marketing Manager', 'Sierras de Granada 9993', STRINGDECODE('M\u00e9xico D.F.'), NULL, '05022', 'Mexico', '(5) 555-3392', '(5) 555-7293'),
('CHOPS', 'Chop-suey Chinese', 'Yang Wang', 'Owner', 'Hauptstr. 29', 'Bern', NULL, '3012', 'Switzerland', '0452-076545', NULL),
('COMMI', STRINGDECODE('Com\u00e9rcio Mineiro'), 'Pedro Afonso', 'Sales Associate', STRINGDECODE('Av. dos Lus\u00edadas, 23'), 'S?o Paulo', 'SP', '05432-043', 'Brazil', '(11) 555-7647', NULL),
('CONSH', 'Consolidated Holdings', 'Elizabeth Brown', 'Sales Representative', STRINGDECODE('Berkeley Gardens\n12  Brewery '), 'London', NULL, 'WX1 6LT', 'UK', '(171) 555-2282', '(171) 555-9199'),
('DRACD', 'Drachenblut Delikatessen', 'Sven Ottlieb', 'Order Administrator', 'Walserweg 21', 'Aachen', NULL, '52066', 'Germany', '0241-039123', '0241-059428'),
('DUMON', 'Du monde entier', 'Janine Labrune', 'Owner', '67, rue des Cinquante Otages', 'Nantes', NULL, '44000', 'France', '40.67.88.88', '40.67.89.89'),
('EASTC', 'Eastern Connection', 'Ann Devon', 'Sales Agent', '35 King George', 'London', NULL, 'WX3 6FW', 'UK', '(171) 555-0297', '(171) 555-3373'),
('ERNSH', 'Ernst Handel', 'Roland Mendel', 'Sales Manager', 'Kirchgasse 6', 'Graz', NULL, '8010', 'Austria', '7675-3425', '7675-3426'),
('FAMIA', 'Familia Arquibaldo', 'Aria Cruz', 'Marketing Assistant', STRINGDECODE('Rua Or\u00f3s, 92'), 'S?o Paulo', 'SP', '05442-030', 'Brazil', '(11) 555-9857', NULL),
('FISSA', 'FISSA Fabrica Inter. Salchichas S.A.', 'Diego Roel', 'Accounting Manager', 'C/ Moralzarzal, 86', 'Madrid', NULL, '28034', 'Spain', '(91) 555 94 44', '(91) 555 55 93'),
('FOLIG', 'Folies gourmandes', 'Martine Ranc?', 'Assistant Sales Agent', STRINGDECODE('184, chauss\u00e9e de Tournai'), 'Lille', NULL, '59000', 'France', '20.16.10.16', '20.16.10.17'),
('FOLKO', 'Folk och f?HB', 'Maria Larsson', 'Owner', '?kergatan 24', 'Br?cke', NULL, 'S-844 67', 'Sweden', '0695-34 67 21', NULL);
INSERT INTO PUBLIC.CUSTOMERS(ID, COMPANY_NAME, CONTACT_NAME, CONTACT_TITLE, ADDRESS, CITY, REGION, POSTAL_CODE, COUNTRY, PHONE, FAX) VALUES
('FRANK', 'Frankenversand', 'Peter Franken', 'Marketing Manager', 'Berliner Platz 43', STRINGDECODE('M\u00fcnchen'), NULL, '80805', 'Germany', '089-0877310', '089-0877451'),
('FRANR', 'France restauration', 'Carine Schmitt', 'Marketing Manager', '54, rue Royale', 'Nantes', NULL, '44000', 'France', '40.32.21.21', '40.32.21.20'),
('FRANS', 'Franchi S.p.A.', 'Paolo Accorti', 'Sales Representative', 'Via Monte Bianco 34', 'Torino', NULL, '10100', 'Italy', '011-4988260', '011-4988261'),
('FURIB', 'Furia Bacalhau e Frutos do Mar', 'Lino Rodriguez ', 'Sales Manager', 'Jardim das rosas n. 32', 'Lisboa', NULL, '1675', 'Portugal', '(1) 354-2534', '(1) 354-2535'),
('GALED', STRINGDECODE('Galer\u00eda del gastr\u00f3nomo'), 'Eduardo Saavedra', 'Marketing Manager', 'Rambla de Catalu?a, 23', 'Barcelona', NULL, '08022', 'Spain', '(93) 203 4560', '(93) 203 4561'),
('GODOS', STRINGDECODE('Godos Cocina T\u00edpica'), 'Jos?Pedro Freyre', 'Sales Manager', 'C/ Romero, 33', 'Sevilla', NULL, '41101', 'Spain', '(95) 555 82 82', NULL),
('GOURL', 'Gourmet Lanchonetes', 'Andr?Fonseca', 'Sales Associate', 'Av. Brasil, 442', 'Campinas', 'SP', '04876-786', 'Brazil', '(11) 555-9482', NULL),
('GREAL', 'Great Lakes Food Market', 'Howard Snyder', 'Marketing Manager', '2732 Baker Blvd.', 'Eugene', 'OR', '97403', 'USA', '(503) 555-7555', NULL),
('GROSR', 'GROSELLA-Restaurante', 'Manuel Pereira', 'Owner', '5?Ave. Los Palos Grandes', 'Caracas', 'DF', '1081', 'Venezuela', '(2) 283-2951', '(2) 283-3397'),
('HANAR', 'Hanari Carnes', 'Mario Pontes', 'Accounting Manager', 'Rua do Pa?o, 67', 'Rio de Janeiro', 'RJ', '05454-876', 'Brazil', '(21) 555-0091', '(21) 555-8765'),
('HILAA', STRINGDECODE('HILARI\u00f3N-Abastos'), STRINGDECODE('Carlos Hern\u00e1ndez'), 'Sales Representative', 'Carrera 22 con Ave. Carlos Soublette #8-35', STRINGDECODE('San Crist\u00f3bal'), STRINGDECODE('T\u00e1chira'), '5022', 'Venezuela', '(5) 555-1340', '(5) 555-1948'),
('HUNGC', 'Hungry Coyote Import Store', 'Yoshi Latimer', 'Sales Representative', STRINGDECODE('City Center Plaza\n516 Main St.'), 'Elgin', 'OR', '97827', 'USA', '(503) 555-6874', '(503) 555-2376'),
('HUNGO', 'Hungry Owl All-Night Grocers', 'Patricia McKenna', 'Sales Associate', '8 Johnstown Road', 'Cork', 'Co. Cork', NULL, 'Ireland', '2967 542', '2967 3333'),
('ISLAT', 'Island Trading', 'Helen Bennett', 'Marketing Manager', STRINGDECODE('Garden House\nCrowther Way'), 'Cowes', 'Isle of Wight', 'PO31 7PJ', 'UK', '(198) 555-8888', NULL),
('KOENE', 'K?niglich Essen', 'Philip Cramer', 'Sales Associate', 'Maubelstr. 90', 'Brandenburg', NULL, '14776', 'Germany', '0555-09876', NULL),
('LACOR', 'La corne d''abondance', 'Daniel Tonini', 'Sales Representative', '67, avenue de l''Europe', 'Versailles', NULL, '78000', 'France', '30.59.84.10', '30.59.85.11'),
('LAMAI', 'La maison d''Asie', 'Annette Roulet', 'Sales Manager', '1 rue Alsace-Lorraine', 'Toulouse', NULL, '31000', 'France', '61.77.61.10', '61.77.61.11'),
('LAUGB', 'Laughing Bacchus Wine Cellars', 'Yoshi Tannamuri', 'Marketing Assistant', '1900 Oak St.', 'Vancouver', 'BC', 'V3F 2K1', 'Canada', '(604) 555-3392', '(604) 555-7293'),
('LAZYK', 'Lazy K Kountry Store', 'John Steel', 'Marketing Manager', '12 Orchestra Terrace', 'Walla Walla', 'WA', '99362', 'USA', '(509) 555-7969', '(509) 555-6221'),
('LEHMS', 'Lehmanns Marktstand', 'Renate Messner', 'Sales Representative', 'Magazinweg 7', 'Frankfurt a.M. ', NULL, '60528', 'Germany', '069-0245984', '069-0245874'),
('LETSS', 'Let''s Stop N Shop', 'Jaime Yorres', 'Owner', STRINGDECODE('87 Polk St.\nSuite 5'), 'San Francisco', 'CA', '94117', 'USA', '(415) 555-5938', NULL),
('LILAS', 'LILA-Supermercado', STRINGDECODE('Carlos Gonz\u00e1lez'), 'Accounting Manager', STRINGDECODE('Carrera 52 con Ave. Bol\u00edvar #65-98 Llano Largo'), 'Barquisimeto', 'Lara', '3508', 'Venezuela', '(9) 331-6954', '(9) 331-7256'),
('LINOD', 'LINO-Delicateses', 'Felipe Izquierdo', 'Owner', 'Ave. 5 de Mayo Porlamar', 'I. de Margarita', 'Nueva Esparta', '4980', 'Venezuela', '(8) 34-56-12', '(8) 34-93-93');
INSERT INTO PUBLIC.CUSTOMERS(ID, COMPANY_NAME, CONTACT_NAME, CONTACT_TITLE, ADDRESS, CITY, REGION, POSTAL_CODE, COUNTRY, PHONE, FAX) VALUES
('LONEP', 'Lonesome Pine Restaurant', 'Fran Wilson', 'Sales Manager', '89 Chiaroscuro Rd.', 'Portland', 'OR', '97219', 'USA', '(503) 555-9573', '(503) 555-9646'),
('MAGAA', 'Magazzini Alimentari Riuniti', 'Giovanni Rovelli', 'Marketing Manager', 'Via Ludovico il Moro 22', 'Bergamo', NULL, '24100', 'Italy', '035-640230', '035-640231'),
('MAISD', 'Maison Dewey', 'Catherine Dewey', 'Sales Agent', 'Rue Joseph-Bens 532', 'Bruxelles', NULL, 'B-1180', 'Belgium', '(02) 201 24 67', '(02) 201 24 68'),
('MEREP', STRINGDECODE('M\u00e8re Paillarde'), STRINGDECODE('Jean Fresni\u00e8re'), 'Marketing Assistant', '43 rue St. Laurent', STRINGDECODE('Montr\u00e9al'), STRINGDECODE('Qu\u00e9bec'), 'H1J 1C3', 'Canada', '(514) 555-8054', '(514) 555-8055'),
('MORGK', 'Morgenstern Gesundkost', 'Alexander Feuer', 'Marketing Assistant', 'Heerstr. 22', 'Leipzig', NULL, '04179', 'Germany', '0342-023176', NULL),
('NORTS', 'North/South', 'Simon Crowther', 'Sales Associate', STRINGDECODE('South House\n300 Queensbridge'), 'London', NULL, 'SW7 1RZ', 'UK', '(171) 555-7733', '(171) 555-2530'),
('OCEAN', STRINGDECODE('Oc\u00e9ano Atl\u00e1ntico Ltda.'), 'Yvonne Moncada', 'Sales Agent', STRINGDECODE('Ing. Gustavo Moncada 8585\nPiso 20-A'), 'Buenos Aires', NULL, '1010', 'Argentina', '(1) 135-5333', '(1) 135-5535'),
('OLDWO', 'Old World Delicatessen', 'Rene Phillips', 'Sales Representative', '2743 Bering St.', 'Anchorage', 'AK', '99508', 'USA', '(907) 555-7584', '(907) 555-2880'),
('OTTIK', 'Ottilies K?seladen', 'Henriette Pfalzheim', 'Owner', 'Mehrheimerstr. 369', 'K?ln', NULL, '50739', 'Germany', '0221-0644327', '0221-0765721'),
('PARIS', STRINGDECODE('Paris sp\u00e9cialit\u00e9s'), 'Marie Bertrand', 'Owner', '265, boulevard Charonne', 'Paris', NULL, '75012', 'France', '(1) 42.34.22.66', '(1) 42.34.22.77'),
('PERIC', STRINGDECODE('Pericles Comidas cl\u00e1sicas'), STRINGDECODE('Guillermo Fern\u00e1ndez'), 'Sales Representative', 'Calle Dr. Jorge Cash 321', STRINGDECODE('M\u00e9xico D.F.'), NULL, '05033', 'Mexico', '(5) 552-3745', '(5) 545-3745'),
('PICCO', 'Piccolo und mehr', 'Georg Pipps', 'Sales Manager', 'Geislweg 14', 'Salzburg', NULL, '5020', 'Austria', '6562-9722', '6562-9723'),
('PRINI', 'Princesa Isabel Vinhos', 'Isabel de Castro', 'Sales Representative', STRINGDECODE('Estrada da sa\u00fade n. 58'), 'Lisboa', NULL, '1756', 'Portugal', '(1) 356-5634', NULL),
('QUEDE', STRINGDECODE('Que Del\u00edcia'), 'Bernardo Batista', 'Accounting Manager', 'Rua da Panificadora, 12', 'Rio de Janeiro', 'RJ', '02389-673', 'Brazil', '(21) 555-4252', '(21) 555-4545'),
('QUEEN', 'Queen Cozinha', STRINGDECODE('L\u00facia Carvalho'), 'Marketing Assistant', STRINGDECODE('Alameda dos Can\u00e0rios, 891'), 'S?o Paulo', 'SP', '05487-020', 'Brazil', '(11) 555-1189', NULL),
('QUICK', 'QUICK-Stop', 'Horst Kloss', 'Accounting Manager', 'Taucherstra?e 10', 'Cunewalde', NULL, '01307', 'Germany', '0372-035188', NULL),
('RANCH', 'Rancho grande', STRINGDECODE('Sergio Guti\u00e9rrez'), 'Sales Representative', 'Av. del Libertador 900', 'Buenos Aires', NULL, '1010', 'Argentina', '(1) 123-5555', '(1) 123-5556'),
('RATTC', 'Rattlesnake Canyon Grocery', 'Paula Wilson', 'Assistant Sales Representative', '2817 Milton Dr.', 'Albuquerque', 'NM', '87110', 'USA', '(505) 555-5939', '(505) 555-3620'),
('REGGC', 'Reggiani Caseifici', 'Maurizio Moroni', 'Sales Associate', 'Strada Provinciale 124', 'Reggio Emilia', NULL, '42100', 'Italy', '0522-556721', '0522-556722'),
('RICAR', 'Ricardo Adocicados', 'Janete Limeira', 'Assistant Sales Agent', 'Av. Copacabana, 267', 'Rio de Janeiro', 'RJ', '02389-890', 'Brazil', '(21) 555-3412', NULL),
('RICSU', 'Richter Supermarkt', 'Michael Holz', 'Sales Manager', 'Grenzacherweg 237', STRINGDECODE('Gen\u00e8ve'), NULL, '1203', 'Switzerland', '0897-034214', NULL),
('ROMEY', 'Romero y tomillo', 'Alejandra Camino', 'Accounting Manager', STRINGDECODE('Gran V\u00eda, 1'), 'Madrid', NULL, '28001', 'Spain', '(91) 745 6200', '(91) 745 6210');
INSERT INTO PUBLIC.CUSTOMERS(ID, COMPANY_NAME, CONTACT_NAME, CONTACT_TITLE, ADDRESS, CITY, REGION, POSTAL_CODE, COUNTRY, PHONE, FAX) VALUES
('SANTG', 'Sant?Gourmet', 'Jonas Bergulfsen', 'Owner', 'Erling Skakkes gate 78', 'Stavern', NULL, '4110', 'Norway', '07-98 92 35', '07-98 92 47'),
('SAVEA', 'Save-a-lot Markets', 'Jose Pavarotti', 'Sales Representative', '187 Suffolk Ln.', 'Boise', 'ID', '83720', 'USA', '(208) 555-8097', NULL),
('SEVES', 'Seven Seas Imports', 'Hari Kumar', 'Sales Manager', '90 Wadhurst Rd.', 'London', NULL, 'OX15 4NB', 'UK', '(171) 555-1717', '(171) 555-5646'),
('SIMOB', 'Simons bistro', 'Jytte Petersen', 'Owner', 'Vinb?ltet 34', 'K?benhavn', NULL, '1734', 'Denmark', '31 12 34 56', '31 13 35 57'),
('SPECD', STRINGDECODE('Sp\u00e9cialit\u00e9s du monde'), 'Dominique Perrier', 'Marketing Manager', '25, rue Lauriston', 'Paris', NULL, '75016', 'France', '(1) 47.55.60.10', '(1) 47.55.60.20'),
('SPLIR', 'Split Rail Beer & Ale', 'Art Braunschweiger', 'Sales Manager', 'P.O. Box 555', 'Lander', 'WY', '82520', 'USA', '(307) 555-4680', '(307) 555-6525'),
('SUPRD', STRINGDECODE('Supr\u00eames d\u00e9lices'), 'Pascale Cartrain', 'Accounting Manager', 'Boulevard Tirou, 255', 'Charleroi', NULL, 'B-6000', 'Belgium', '(071) 23 67 22 20', '(071) 23 67 22 21'),
('THEBI', 'The Big Cheese', 'Liz Nixon', 'Marketing Manager', STRINGDECODE('89 Jefferson Way\nSuite 2'), 'Portland', 'OR', '97201', 'USA', '(503) 555-3612', NULL),
('THECR', 'The Cracker Box', 'Liu Wong', 'Marketing Assistant', '55 Grizzly Peak Rd.', 'Butte', 'MT', '59801', 'USA', '(406) 555-5834', '(406) 555-8083'),
('TOMSP', 'Toms Spezialit?ten', 'Karin Josephs', 'Marketing Manager', 'Luisenstr. 48', STRINGDECODE('M\u00fcnster'), NULL, '44087', 'Germany', '0251-031259', '0251-035695'),
('TORTU', 'Tortuga Restaurante', 'Miguel Angel Paolino', 'Owner', 'Avda. Azteca 123', STRINGDECODE('M\u00e9xico D.F.'), NULL, '05033', 'Mexico', '(5) 555-2933', NULL),
('TRADH', 'Tradi??o Hipermercados', 'Anabela Domingues', 'Sales Representative', STRINGDECODE('Av. In\u00eas de Castro, 414'), 'S?o Paulo', 'SP', '05634-030', 'Brazil', '(11) 555-2167', '(11) 555-2168'),
('TRAIH', 'Trail''s Head Gourmet Provisioners', 'Helvetius Nagy', 'Sales Associate', '722 DaVinci Blvd.', 'Kirkland', 'WA', '98034', 'USA', '(206) 555-8257', '(206) 555-2174'),
('VAFFE', 'Vaffeljernet', 'Palle Ibsen', 'Sales Manager', 'Smagsl?get 45', '?rhus', NULL, '8200', 'Denmark', '86 21 32 43', '86 22 33 44'),
('VICTE', 'Victuailles en stock', 'Mary Saveley', 'Sales Agent', '2, rue du Commerce', 'Lyon', NULL, '69004', 'France', '78.32.54.86', '78.32.54.87'),
('VINET', 'Vins et alcools Chevalier', 'Paul Henriot', 'Accounting Manager', '59 rue de l''Abbaye', 'Reims', NULL, '51100', 'France', '26.47.15.10', '26.47.15.11'),
('WANDK', 'Die Wandernde Kuh', STRINGDECODE('Rita M\u00fcller'), 'Sales Representative', 'Adenauerallee 900', 'Stuttgart', NULL, '70563', 'Germany', '0711-020361', '0711-035428'),
('WARTH', 'Wartian Herkku', 'Pirkko Koskitalo', 'Accounting Manager', 'Torikatu 38', 'Oulu', NULL, '90110', 'Finland', '981-443655', '981-443655'),
('WELLI', 'Wellington Importadora', 'Paula Parente', 'Sales Manager', 'Rua do Mercado, 12', 'Resende', 'SP', '08737-363', 'Brazil', '(14) 555-8122', NULL),
('WHITC', 'White Clover Markets', 'Karl Jablonski', 'Owner', STRINGDECODE('305 - 14th Ave. S.\nSuite 3B'), 'Seattle', 'WA', '98128', 'USA', '(206) 555-4112', '(206) 555-4115'),
('WILMK', 'Wilman Kala', 'Matti Karttunen', 'Owner/Marketing Assistant', 'Keskuskatu 45', 'Helsinki', NULL, '21240', 'Finland', '90-224 8858', '90-224 8858'),
('WOLZA', 'Wolski  Zajazd', 'Zbyszek Piestrzeniewicz', 'Owner', 'ul. Filtrowa 68', 'Warszawa', NULL, '01-012', 'Poland', '(26) 642-7012', '(26) 642-7012');
CREATE INDEX PUBLIC.I_CUSTOMERS_CITY ON PUBLIC.CUSTOMERS(CITY);
CREATE INDEX PUBLIC.I_CUSTOMERS_COMPANYNAME ON PUBLIC.CUSTOMERS(COMPANY_NAME);
CREATE INDEX PUBLIC.I_CUSTOMERS_POSTALCODE ON PUBLIC.CUSTOMERS(POSTAL_CODE);
CREATE INDEX PUBLIC.I_CUSTOMERS_REGION ON PUBLIC.CUSTOMERS(REGION);
CREATE CACHED TABLE PUBLIC.EMPLOYEES(
    ID INT NOT NULL,
    LAST_NAME VARCHAR(20) NOT NULL,
    FIRST_NAME VARCHAR(10) NOT NULL,
    TITLE VARCHAR(30),
    TITLE_OF_COURTESY VARCHAR(25),
    SEX SMALLINT,
    BIRTH_DATE DATE,
    HIRE_DATE DATE,
    ADDRESS VARCHAR(60),
    CITY VARCHAR(15),
    REGION VARCHAR(15),
    POSTAL_CODE VARCHAR(10),
    COUNTRY VARCHAR(15),
    PHONE VARCHAR(24),
    EXTENSION VARCHAR(4),
    REPORTS_TO INT,
    NOTES VARCHAR(1024),
    PHOTO_PATH VARCHAR(255)
);
ALTER TABLE PUBLIC.EMPLOYEES ADD CONSTRAINT PUBLIC.CONSTRAINT_4 PRIMARY KEY(ID);
-- 9 +/- SELECT COUNT(*) FROM PUBLIC.EMPLOYEES;
INSERT INTO PUBLIC.EMPLOYEES(ID, LAST_NAME, FIRST_NAME, TITLE, TITLE_OF_COURTESY, SEX, BIRTH_DATE, HIRE_DATE, ADDRESS, CITY, REGION, POSTAL_CODE, COUNTRY, PHONE, EXTENSION, REPORTS_TO, NOTES, PHOTO_PATH) VALUES
(1, 'Davolio', 'Nancy', 'Sales Representative', 'Ms.', 1, DATE '1973-04-21', DATE '1992-05-01', '507 - 20th Ave. E. Apt. 2A', 'Seattle', 'WA', '98122', 'USA', '(206) 555-9857', '5467', 2, 'Education includes a BA in psychology from Colorado State University in 1970.  She also completed "The Art of the Cold Call."  Nancy is a member of Toastmasters International.', '2'),
(2, 'Fuller', 'Andrew', 'Vice President, Sales', 'Dr.', 1, DATE '1976-07-02', DATE '1992-08-14', '908 W. Capital Way', 'Tacoma', 'WA', '98401', 'USA', '(206) 555-9482', '3457', NULL, 'Andrew received his BTS commercial in 1974 and a Ph.D. in international marketing from the University of Dallas in 1981.  He is fluent in French and Italian and reads German.  He joined the company as a sales representative, was promoted to sales manager in January 1992 and to vice president of sales in March 1993.  Andrew is a member of the Sales Management Roundtable, the Seattle Chamber of Commerce, and the Pacific Rim Importers Association.', NULL),
(3, 'Leverling', 'Janet', 'Sales Representative', 'Ms.', 1, DATE '1988-01-11', DATE '1992-04-01', '722 Moss Bay Blvd.', 'Kirkland', 'WA', '98033', 'USA', '(206) 555-3412', '3355', 2, 'Janet has a BS degree in chemistry from Boston College (1984).  She has also completed a certificate program in food retailing management.  Janet was hired as a sales associate in 1991 and promoted to sales representative in February 1992.', '2'),
(4, 'Peacock', 'Margaret', 'Sales Representative', 'Mrs.', 0, DATE '1962-01-30', DATE '1993-05-03', '4110 Old Redmond Rd.', 'Redmond', 'WA', '98052', 'USA', '(206) 555-8122', '5176', 2, 'Margaret holds a BA in English literature from Concordia College (1958) and an MA from the American Institute of Culinary Arts (1966).  She was assigned to the London office temporarily from July through November 1992.', '2'),
(5, 'Buchanan', 'Steven', 'Sales Manager', 'Mr.', 1, DATE '1979-07-16', DATE '1993-10-17', '14 Garrett Hill', 'London', NULL, 'SW1 8JR', 'UK', '(71) 555-4848', '3453', 2, 'Steven Buchanan graduated from St. Andrews University, Scotland, with a BSC degree in 1976.  Upon joining the company as a sales representative in 1992, he spent 6 months in an orientation program at the Seattle office and then returned to his permanent post in London.  He was promoted to sales manager in March 1993.  Mr. Buchanan has completed the courses "Successful Telemarketing" and "International Sales Management."  He is fluent in French.', '2'),
(6, 'Suyama', 'Michael', 'Sales Representative', 'Mr.', 1, DATE '1987-11-13', DATE '1993-10-17', 'Coventry House Miner Rd.', 'London', NULL, 'EC2 7JR', 'UK', '(71) 555-7773', '428', 5, 'Michael is a graduate of Sussex University (MA, economics, 1983) and the University of California at Los Angeles (MBA, marketing, 1986).  He has also taken the courses "Multi-Cultural Selling" and "Time Management for the Sales Professional."  He is fluent in Japanese and can read and write French, Portuguese, and Spanish.', '5'),
(7, 'King', 'Robert', 'Sales Representative', 'Mr.', 1, DATE '1984-10-10', DATE '1994-01-02', 'Edgeham Hollow Winchester Way', 'London', NULL, 'RG1 9SP', 'UK', '(71) 555-5598', '465', 5, 'Robert King served in the Peace Corps and traveled extensively before completing his degree in English at the University of Michigan in 1992, the year he joined the company.  After completing a course entitled "Selling in Europe," he was transferred to the London office in March 1993.', '5'),
(8, 'Callahan', 'Laura', 'Inside Sales Coordinator', 'Ms.', 0, DATE '1982-05-23', DATE '1994-03-05', '4726 - 11th Ave. N.E.', 'Seattle', 'WA', '98105', 'USA', '(206) 555-1189', '2344', 2, 'Laura received a BA in psychology from the University of Washington.  She has also completed a course in business French.  She reads and writes French.', '2'),
(9, 'Dodsworth', 'Anne', 'Sales Representative', 'Ms.', 0, DATE '1990-06-10', DATE '1994-11-15', '7 Houndstooth Rd.', 'London', NULL, 'WG2 7LT', 'UK', '(71) 555-4444', '452', 5, 'Anne has a BA degree in English from St. Lawrence College.  She is fluent in French and German.', '5');
CREATE INDEX PUBLIC.I_EMPLOYEES_LASTNAME ON PUBLIC.EMPLOYEES(LAST_NAME);
CREATE INDEX PUBLIC.I_EMPLOYEES_POSTALCODE ON PUBLIC.EMPLOYEES(POSTAL_CODE);
CREATE CACHED TABLE PUBLIC.SHIPPERS(
    ID INT NOT NULL,
    COMPANY_NAME VARCHAR(40) NOT NULL,
    PHONE VARCHAR(24)
);
ALTER TABLE PUBLIC.SHIPPERS ADD CONSTRAINT PUBLIC.CONSTRAINT_F PRIMARY KEY(ID);
-- 3 +/- SELECT COUNT(*) FROM PUBLIC.SHIPPERS;
INSERT INTO PUBLIC.SHIPPERS(ID, COMPANY_NAME, PHONE) VALUES
(1, 'Speedy Express', '(503) 555-9831'),
(2, 'United Package', '(503) 555-3199'),
(3, 'Federal Shipping', '(503) 555-9931');
CREATE CACHED TABLE PUBLIC.ORDERS(
    ID INT NOT NULL,
    CUSTOMER_ID CHAR(5),
    EMPLOYEE_ID INT,
    ORDER_DATE DATE,
    REQUIRED_DATE DATE,
    SHIPPED_DATE DATE,
    SHIP_VIA INT,
    FREIGHT NUMERIC(8, 2) DEFAULT 0,
    SHIP_NAME VARCHAR(40),
    SHIP_ADDRESS VARCHAR(60),
    SHIP_CITY VARCHAR(15),
    SHIP_REGION VARCHAR(15),
    SHIP_POSTAL_CODE VARCHAR(10),
    SHIP_COUNTRY VARCHAR(15)
);
ALTER TABLE PUBLIC.ORDERS ADD CONSTRAINT PUBLIC.CONSTRAINT_8 PRIMARY KEY(ID);
-- 830 +/- SELECT COUNT(*) FROM PUBLIC.ORDERS;
INSERT INTO PUBLIC.ORDERS(ID, CUSTOMER_ID, EMPLOYEE_ID, ORDER_DATE, REQUIRED_DATE, SHIPPED_DATE, SHIP_VIA, FREIGHT, SHIP_NAME, SHIP_ADDRESS, SHIP_CITY, SHIP_REGION, SHIP_POSTAL_CODE, SHIP_COUNTRY) VALUES
(10248, 'VINET', 5, DATE '2011-02-28', DATE '2011-03-28', DATE '2011-03-12', 3, 32.38, 'Vins et alcools Chevalier', '59 rue de l''Abbaye', 'Reims', NULL, '51100', 'France'),
(10249, 'TOMSP', 6, DATE '2011-03-01', DATE '2011-04-12', DATE '2011-03-06', 1, 11.61, STRINGDECODE('Toms Spezialit\u00e4ten'), 'Luisenstr. 48', STRINGDECODE('M\u00fcnster'), NULL, '44087', 'Germany'),
(10250, 'HANAR', 4, DATE '2011-03-04', DATE '2011-04-01', DATE '2011-03-08', 2, 65.83, 'Hanari Carnes', STRINGDECODE('Rua do Pa\u00e7o, 67'), 'Rio de Janeiro', 'RJ', '05454-876', 'Brazil'),
(10251, 'VICTE', 3, DATE '2011-03-04', DATE '2011-04-01', DATE '2011-03-11', 1, 41.34, 'Victuailles en stock', '2, rue du Commerce', 'Lyon', NULL, '69004', 'France'),
(10252, 'SUPRD', 4, DATE '2011-03-05', DATE '2011-04-02', DATE '2011-03-07', 2, 51.30, STRINGDECODE('Supr\u00eames d\u00e9lices'), 'Boulevard Tirou, 255', 'Charleroi', NULL, 'B-6000', 'Belgium'),
(10253, 'HANAR', 3, DATE '2011-03-06', DATE '2011-03-20', DATE '2011-03-12', 2, 58.17, 'Hanari Carnes', STRINGDECODE('Rua do Pa\u00e7o, 67'), 'Rio de Janeiro', 'RJ', '05454-876', 'Brazil'),
(10254, 'CHOPS', 5, DATE '2011-03-07', DATE '2011-04-04', DATE '2011-03-19', 2, 22.98, 'Chop-suey Chinese', 'Hauptstr. 31', 'Bern', NULL, '3012', 'Switzerland'),
(10255, 'RICSU', 9, DATE '2011-03-08', DATE '2011-04-05', DATE '2011-03-11', 3, 148.33, 'Richter Supermarkt', 'Starenweg 5', STRINGDECODE('Gen\u00e8ve'), NULL, '1204', 'Switzerland'),
(10256, 'WELLI', 3, DATE '2011-03-11', DATE '2011-04-08', DATE '2011-03-13', 2, 13.97, 'Wellington Importadora', 'Rua do Mercado, 12', 'Resende', 'SP', '08737-363', 'Brazil'),
(10257, 'HILAA', 4, DATE '2011-03-12', DATE '2011-04-09', DATE '2011-03-18', 3, 81.91, STRINGDECODE('HILARI\u00d3N-Abastos'), 'Carrera 22 con Ave. Carlos Soublette #8-35', STRINGDECODE('San Crist\u00f3bal'), STRINGDECODE('T\u00e1chira'), '5022', 'Venezuela'),
(10258, 'ERNSH', 1, DATE '2011-03-13', DATE '2011-04-10', DATE '2011-03-19', 1, 140.51, 'Ernst Handel', 'Kirchgasse 6', 'Graz', NULL, '8010', 'Austria'),
(10259, 'CENTC', 4, DATE '2011-03-14', DATE '2011-04-11', DATE '2011-03-21', 3, 3.25, 'Centro comercial Moctezuma', 'Sierras de Granada 9993', STRINGDECODE('M\u00e9xico D.F.'), NULL, '05022', 'Mexico'),
(10260, 'OTTIK', 4, DATE '2011-03-15', DATE '2011-04-12', DATE '2011-03-25', 1, 55.09, STRINGDECODE('Ottilies K\u00e4seladen'), 'Mehrheimerstr. 369', STRINGDECODE('K\u00f6ln'), NULL, '50739', 'Germany'),
(10261, 'QUEDE', 4, DATE '2011-03-15', DATE '2011-04-12', DATE '2011-03-26', 2, 3.05, STRINGDECODE('Que Del\u00edcia'), 'Rua da Panificadora, 12', 'Rio de Janeiro', 'RJ', '02389-673', 'Brazil'),
(10262, 'RATTC', 8, DATE '2011-03-18', DATE '2011-04-15', DATE '2011-03-21', 3, 48.29, 'Rattlesnake Canyon Grocery', '2817 Milton Dr.', 'Albuquerque', 'NM', '87110', 'USA'),
(10263, 'ERNSH', 9, DATE '2011-03-19', DATE '2011-04-16', DATE '2011-03-27', 3, 146.06, 'Ernst Handel', 'Kirchgasse 6', 'Graz', NULL, '8010', 'Austria'),
(10264, 'FOLKO', 6, DATE '2011-03-20', DATE '2011-04-17', DATE '2011-04-19', 3, 3.67, 'Folk och f?HB', STRINGDECODE('\u00c5kergatan 24'), STRINGDECODE('Br\u00e4cke'), NULL, 'S-844 67', 'Sweden'),
(10265, 'BLONP', 2, DATE '2011-03-21', DATE '2011-04-18', DATE '2011-04-08', 1, 55.28, STRINGDECODE('Blondel p\u00e8re et fils'), STRINGDECODE('24, place Kl\u00e9ber'), 'Strasbourg', NULL, '67000', 'France'),
(10266, 'WARTH', 3, DATE '2011-03-22', DATE '2011-05-03', DATE '2011-03-27', 3, 25.73, 'Wartian Herkku', 'Torikatu 38', 'Oulu', NULL, '90110', 'Finland'),
(10267, 'FRANK', 4, DATE '2011-03-25', DATE '2011-04-22', DATE '2011-04-02', 1, 208.58, 'Frankenversand', 'Berliner Platz 43', STRINGDECODE('M\u00fcnchen'), NULL, '80805', 'Germany'),
(10268, 'GROSR', 8, DATE '2011-03-26', DATE '2011-04-23', DATE '2011-03-29', 3, 66.29, 'GROSELLA-Restaurante', '5?Ave. Los Palos Grandes', 'Caracas', 'DF', '1081', 'Venezuela');
INSERT INTO PUBLIC.ORDERS(ID, CUSTOMER_ID, EMPLOYEE_ID, ORDER_DATE, REQUIRED_DATE, SHIPPED_DATE, SHIP_VIA, FREIGHT, SHIP_NAME, SHIP_ADDRESS, SHIP_CITY, SHIP_REGION, SHIP_POSTAL_CODE, SHIP_COUNTRY) VALUES
(10269, 'WHITC', 5, DATE '2011-03-27', DATE '2011-04-10', DATE '2011-04-05', 1, 4.56, 'White Clover Markets', '1029 - 12th Ave. S.', 'Seattle', 'WA', '98124', 'USA'),
(10270, 'WARTH', 1, DATE '2011-03-28', DATE '2011-04-25', DATE '2011-03-29', 1, 136.54, 'Wartian Herkku', 'Torikatu 38', 'Oulu', NULL, '90110', 'Finland'),
(10271, 'SPLIR', 6, DATE '2011-03-28', DATE '2011-04-25', DATE '2011-04-26', 2, 4.54, 'Split Rail Beer & Ale', 'P.O. Box 555', 'Lander', 'WY', '82520', 'USA'),
(10272, 'RATTC', 6, DATE '2011-03-29', DATE '2011-04-26', DATE '2011-04-02', 2, 98.03, 'Rattlesnake Canyon Grocery', '2817 Milton Dr.', 'Albuquerque', 'NM', '87110', 'USA'),
(10273, 'QUICK', 3, DATE '2011-04-01', DATE '2011-04-29', DATE '2011-04-08', 3, 76.07, 'QUICK-Stop', STRINGDECODE('Taucherstra\u00dfe 10'), 'Cunewalde', NULL, '01307', 'Germany'),
(10274, 'VINET', 6, DATE '2011-04-02', DATE '2011-04-30', DATE '2011-04-12', 1, 6.01, 'Vins et alcools Chevalier', '59 rue de l''Abbaye', 'Reims', NULL, '51100', 'France'),
(10275, 'MAGAA', 1, DATE '2011-04-03', DATE '2011-05-01', DATE '2011-04-05', 1, 26.93, 'Magazzini Alimentari Riuniti', 'Via Ludovico il Moro 22', 'Bergamo', NULL, '24100', 'Italy'),
(10276, 'TORTU', 8, DATE '2011-04-04', DATE '2011-04-18', DATE '2011-04-10', 3, 13.84, 'Tortuga Restaurante', 'Avda. Azteca 123', STRINGDECODE('M\u00e9xico D.F.'), NULL, '05033', 'Mexico'),
(10277, 'MORGK', 2, DATE '2011-04-05', DATE '2011-05-03', DATE '2011-04-09', 3, 125.77, 'Morgenstern Gesundkost', 'Heerstr. 22', 'Leipzig', NULL, '04179', 'Germany'),
(10278, 'BERGS', 8, DATE '2011-04-08', DATE '2011-05-06', DATE '2011-04-12', 2, 92.69, STRINGDECODE('Berglunds snabbk\u00f6p'), STRINGDECODE('Berguvsv\u00e4gen  8'), 'Lule?', NULL, 'S-958 22', 'Sweden'),
(10279, 'LEHMS', 8, DATE '2011-04-09', DATE '2011-05-07', DATE '2011-04-12', 2, 25.83, 'Lehmanns Marktstand', 'Magazinweg 7', 'Frankfurt a.M. ', NULL, '60528', 'Germany'),
(10280, 'BERGS', 2, DATE '2011-04-10', DATE '2011-05-08', DATE '2011-05-09', 1, 8.98, STRINGDECODE('Berglunds snabbk\u00f6p'), STRINGDECODE('Berguvsv\u00e4gen  8'), 'Lule?', NULL, 'S-958 22', 'Sweden'),
(10281, 'ROMEY', 4, DATE '2011-04-10', DATE '2011-04-24', DATE '2011-04-17', 1, 2.94, 'Romero y tomillo', STRINGDECODE('Gran V\u00eda, 1'), 'Madrid', NULL, '28001', 'Spain'),
(10282, 'ROMEY', 4, DATE '2011-04-11', DATE '2011-05-09', DATE '2011-04-17', 1, 12.69, 'Romero y tomillo', STRINGDECODE('Gran V\u00eda, 1'), 'Madrid', NULL, '28001', 'Spain'),
(10283, 'LILAS', 3, DATE '2011-04-12', DATE '2011-05-10', DATE '2011-04-19', 3, 84.81, 'LILA-Supermercado', STRINGDECODE('Carrera 52 con Ave. Bol\u00edvar #65-98 Llano Largo'), 'Barquisimeto', 'Lara', '3508', 'Venezuela'),
(10284, 'LEHMS', 4, DATE '2011-04-15', DATE '2011-05-13', DATE '2011-04-23', 1, 76.56, 'Lehmanns Marktstand', 'Magazinweg 7', 'Frankfurt a.M. ', NULL, '60528', 'Germany'),
(10285, 'QUICK', 1, DATE '2011-04-16', DATE '2011-05-14', DATE '2011-04-22', 2, 76.83, 'QUICK-Stop', STRINGDECODE('Taucherstra\u00dfe 10'), 'Cunewalde', NULL, '01307', 'Germany'),
(10286, 'QUICK', 8, DATE '2011-04-17', DATE '2011-05-15', DATE '2011-04-26', 3, 229.24, 'QUICK-Stop', STRINGDECODE('Taucherstra\u00dfe 10'), 'Cunewalde', NULL, '01307', 'Germany'),
(10287, 'RICAR', 8, DATE '2011-04-18', DATE '2011-05-16', DATE '2011-04-24', 3, 12.76, 'Ricardo Adocicados', 'Av. Copacabana, 267', 'Rio de Janeiro', 'RJ', '02389-890', 'Brazil'),
(10288, 'REGGC', 4, DATE '2011-04-19', DATE '2011-05-17', DATE '2011-04-30', 1, 7.45, 'Reggiani Caseifici', 'Strada Provinciale 124', 'Reggio Emilia', NULL, '42100', 'Italy'),
(10289, 'BSBEV', 7, DATE '2011-04-22', DATE '2011-05-20', DATE '2011-04-24', 3, 22.77, 'B''s Beverages', 'Fauntleroy Circus', 'London', NULL, 'EC2 5NT', 'UK'),
(10290, 'COMMI', 8, DATE '2011-04-23', DATE '2011-05-21', DATE '2011-04-30', 1, 79.70, STRINGDECODE('Com\u00e9rcio Mineiro'), STRINGDECODE('Av. dos Lus\u00edadas, 23'), STRINGDECODE('S\u00e3o Paulo'), 'SP', '05432-043', 'Brazil');
INSERT INTO PUBLIC.ORDERS(ID, CUSTOMER_ID, EMPLOYEE_ID, ORDER_DATE, REQUIRED_DATE, SHIPPED_DATE, SHIP_VIA, FREIGHT, SHIP_NAME, SHIP_ADDRESS, SHIP_CITY, SHIP_REGION, SHIP_POSTAL_CODE, SHIP_COUNTRY) VALUES
(10291, 'QUEDE', 6, DATE '2011-04-23', DATE '2011-05-21', DATE '2011-05-01', 2, 6.40, STRINGDECODE('Que Del\u00edcia'), 'Rua da Panificadora, 12', 'Rio de Janeiro', 'RJ', '02389-673', 'Brazil'),
(10292, 'TRADH', 1, DATE '2011-04-24', DATE '2011-05-22', DATE '2011-04-29', 2, 1.35, STRINGDECODE('Tradi\u00e7\u00e3o Hipermercados'), STRINGDECODE('Av. In\u00eas de Castro, 414'), STRINGDECODE('S\u00e3o Paulo'), 'SP', '05634-030', 'Brazil'),
(10293, 'TORTU', 1, DATE '2011-04-25', DATE '2011-05-23', DATE '2011-05-08', 3, 21.18, 'Tortuga Restaurante', 'Avda. Azteca 123', STRINGDECODE('M\u00e9xico D.F.'), NULL, '05033', 'Mexico'),
(10294, 'RATTC', 4, DATE '2011-04-26', DATE '2011-05-24', DATE '2011-05-02', 2, 147.26, 'Rattlesnake Canyon Grocery', '2817 Milton Dr.', 'Albuquerque', 'NM', '87110', 'USA'),
(10295, 'VINET', 2, DATE '2011-04-29', DATE '2011-05-27', DATE '2011-05-07', 2, 1.15, 'Vins et alcools Chevalier', '59 rue de l''Abbaye', 'Reims', NULL, '51100', 'France'),
(10296, 'LILAS', 6, DATE '2011-04-30', DATE '2011-05-28', DATE '2011-05-08', 1, 0.12, 'LILA-Supermercado', STRINGDECODE('Carrera 52 con Ave. Bol\u00edvar #65-98 Llano Largo'), 'Barquisimeto', 'Lara', '3508', 'Venezuela'),
(10297, 'BLONP', 5, DATE '2011-05-01', DATE '2011-06-12', DATE '2011-05-07', 2, 5.74, STRINGDECODE('Blondel p\u00e8re et fils'), STRINGDECODE('24, place Kl\u00e9ber'), 'Strasbourg', NULL, '67000', 'France'),
(10298, 'HUNGO', 6, DATE '2011-05-02', DATE '2011-05-30', DATE '2011-05-08', 2, 168.22, 'Hungry Owl All-Night Grocers', '8 Johnstown Road', 'Cork', 'Co. Cork', NULL, 'Ireland'),
(10299, 'RICAR', 4, DATE '2011-05-03', DATE '2011-05-31', DATE '2011-05-10', 2, 29.76, 'Ricardo Adocicados', 'Av. Copacabana, 267', 'Rio de Janeiro', 'RJ', '02389-890', 'Brazil'),
(10300, 'MAGAA', 2, DATE '2011-05-06', DATE '2011-06-03', DATE '2011-05-15', 2, 17.68, 'Magazzini Alimentari Riuniti', 'Via Ludovico il Moro 22', 'Bergamo', NULL, '24100', 'Italy'),
(10301, 'WANDK', 8, DATE '2011-05-06', DATE '2011-06-03', DATE '2011-05-14', 2, 45.08, 'Die Wandernde Kuh', 'Adenauerallee 900', 'Stuttgart', NULL, '70563', 'Germany'),
(10302, 'SUPRD', 4, DATE '2011-05-07', DATE '2011-06-04', DATE '2011-06-05', 2, 6.27, STRINGDECODE('Supr\u00eames d\u00e9lices'), 'Boulevard Tirou, 255', 'Charleroi', NULL, 'B-6000', 'Belgium'),
(10303, 'GODOS', 7, DATE '2011-05-08', DATE '2011-06-05', DATE '2011-05-15', 2, 107.83, STRINGDECODE('Godos Cocina T\u00edpica'), 'C/ Romero, 33', 'Sevilla', NULL, '41101', 'Spain'),
(10304, 'TORTU', 1, DATE '2011-05-09', DATE '2011-06-06', DATE '2011-05-14', 2, 63.79, 'Tortuga Restaurante', 'Avda. Azteca 123', STRINGDECODE('M\u00e9xico D.F.'), NULL, '05033', 'Mexico'),
(10305, 'OLDWO', 8, DATE '2011-05-10', DATE '2011-06-07', DATE '2011-06-05', 3, 257.62, 'Old World Delicatessen', '2743 Bering St.', 'Anchorage', 'AK', '99508', 'USA'),
(10306, 'ROMEY', 1, DATE '2011-05-13', DATE '2011-06-10', DATE '2011-05-20', 3, 7.56, 'Romero y tomillo', STRINGDECODE('Gran V\u00eda, 1'), 'Madrid', NULL, '28001', 'Spain'),
(10307, 'LONEP', 2, DATE '2011-05-14', DATE '2011-06-11', DATE '2011-05-22', 2, 0.56, 'Lonesome Pine Restaurant', '89 Chiaroscuro Rd.', 'Portland', 'OR', '97219', 'USA'),
(10308, 'ANATR', 7, DATE '2011-05-15', DATE '2011-06-12', DATE '2011-05-21', 3, 1.61, 'Ana Trujillo Emparedados y helados', STRINGDECODE('Avda. de la Constituci\u00f3n 2222'), STRINGDECODE('M\u00e9xico D.F.'), NULL, '05021', 'Mexico'),
(10309, 'HUNGO', 3, DATE '2011-05-16', DATE '2011-06-13', DATE '2011-06-19', 1, 47.30, 'Hungry Owl All-Night Grocers', '8 Johnstown Road', 'Cork', 'Co. Cork', NULL, 'Ireland'),
(10310, 'THEBI', 8, DATE '2011-05-17', DATE '2011-06-14', DATE '2011-05-24', 2, 17.52, 'The Big Cheese', STRINGDECODE('89 Jefferson Way\nSuite 2'), 'Portland', 'OR', '97201', 'USA'),
(10311, 'DUMON', 1, DATE '2011-05-17', DATE '2011-05-31', DATE '2011-05-23', 3, 24.69, 'Du monde entier', '67, rue des Cinquante Otages', 'Nantes', NULL, '44000', 'France');
INSERT INTO PUBLIC.ORDERS(ID, CUSTOMER_ID, EMPLOYEE_ID, ORDER_DATE, REQUIRED_DATE, SHIPPED_DATE, SHIP_VIA, FREIGHT, SHIP_NAME, SHIP_ADDRESS, SHIP_CITY, SHIP_REGION, SHIP_POSTAL_CODE, SHIP_COUNTRY) VALUES
(10312, 'WANDK', 2, DATE '2011-05-20', DATE '2011-06-17', DATE '2011-05-30', 2, 40.26, 'Die Wandernde Kuh', 'Adenauerallee 900', 'Stuttgart', NULL, '70563', 'Germany'),
(10313, 'QUICK', 2, DATE '2011-05-21', DATE '2011-06-18', DATE '2011-05-31', 2, 1.96, 'QUICK-Stop', STRINGDECODE('Taucherstra\u00dfe 10'), 'Cunewalde', NULL, '01307', 'Germany'),
(10314, 'RATTC', 1, DATE '2011-05-22', DATE '2011-06-19', DATE '2011-05-31', 2, 74.16, 'Rattlesnake Canyon Grocery', '2817 Milton Dr.', 'Albuquerque', 'NM', '87110', 'USA'),
(10315, 'ISLAT', 4, DATE '2011-05-23', DATE '2011-06-20', DATE '2011-05-30', 2, 41.76, 'Island Trading', STRINGDECODE('Garden House\nCrowther Way'), 'Cowes', 'Isle of Wight', 'PO31 7PJ', 'UK'),
(10316, 'RATTC', 1, DATE '2011-05-24', DATE '2011-06-21', DATE '2011-06-04', 3, 150.15, 'Rattlesnake Canyon Grocery', '2817 Milton Dr.', 'Albuquerque', 'NM', '87110', 'USA'),
(10317, 'LONEP', 6, DATE '2011-05-27', DATE '2011-06-24', DATE '2011-06-06', 1, 12.69, 'Lonesome Pine Restaurant', '89 Chiaroscuro Rd.', 'Portland', 'OR', '97219', 'USA'),
(10318, 'ISLAT', 8, DATE '2011-05-28', DATE '2011-06-25', DATE '2011-05-31', 2, 4.73, 'Island Trading', STRINGDECODE('Garden House\nCrowther Way'), 'Cowes', 'Isle of Wight', 'PO31 7PJ', 'UK'),
(10319, 'TORTU', 7, DATE '2011-05-29', DATE '2011-06-26', DATE '2011-06-07', 3, 64.50, 'Tortuga Restaurante', 'Avda. Azteca 123', STRINGDECODE('M\u00e9xico D.F.'), NULL, '05033', 'Mexico'),
(10320, 'WARTH', 5, DATE '2011-05-30', DATE '2011-06-13', DATE '2011-06-14', 3, 34.57, 'Wartian Herkku', 'Torikatu 38', 'Oulu', NULL, '90110', 'Finland'),
(10321, 'ISLAT', 3, DATE '2011-05-30', DATE '2011-06-27', DATE '2011-06-07', 2, 3.43, 'Island Trading', STRINGDECODE('Garden House\nCrowther Way'), 'Cowes', 'Isle of Wight', 'PO31 7PJ', 'UK'),
(10322, 'PERIC', 7, DATE '2011-05-31', DATE '2011-06-28', DATE '2011-06-19', 3, 0.40, STRINGDECODE('Pericles Comidas cl\u00e1sicas'), 'Calle Dr. Jorge Cash 321', STRINGDECODE('M\u00e9xico D.F.'), NULL, '05033', 'Mexico'),
(10323, 'KOENE', 4, DATE '2011-06-03', DATE '2011-07-01', DATE '2011-06-10', 1, 4.88, STRINGDECODE('K\u00f6niglich Essen'), 'Maubelstr. 90', 'Brandenburg', NULL, '14776', 'Germany'),
(10324, 'SAVEA', 9, DATE '2011-06-04', DATE '2011-07-02', DATE '2011-06-06', 1, 214.27, 'Save-a-lot Markets', '187 Suffolk Ln.', 'Boise', 'ID', '83720', 'USA'),
(10325, 'KOENE', 1, DATE '2011-06-05', DATE '2011-06-19', DATE '2011-06-10', 3, 64.86, STRINGDECODE('K\u00f6niglich Essen'), 'Maubelstr. 90', 'Brandenburg', NULL, '14776', 'Germany'),
(10326, 'BOLID', 4, DATE '2011-06-06', DATE '2011-07-04', DATE '2011-06-10', 2, 77.92, STRINGDECODE('B\u00f3lido Comidas preparadas'), 'C/ Araquil, 67', 'Madrid', NULL, '28023', 'Spain'),
(10327, 'FOLKO', 2, DATE '2011-06-07', DATE '2011-07-05', DATE '2011-06-10', 1, 63.36, 'Folk och f?HB', STRINGDECODE('\u00c5kergatan 24'), STRINGDECODE('Br\u00e4cke'), NULL, 'S-844 67', 'Sweden'),
(10328, 'FURIB', 4, DATE '2011-06-10', DATE '2011-07-08', DATE '2011-06-13', 3, 87.03, 'Furia Bacalhau e Frutos do Mar', 'Jardim das rosas n. 32', 'Lisboa', NULL, '1675', 'Portugal'),
(10329, 'SPLIR', 4, DATE '2011-06-11', DATE '2011-07-23', DATE '2011-06-19', 2, 191.67, 'Split Rail Beer & Ale', 'P.O. Box 555', 'Lander', 'WY', '82520', 'USA'),
(10330, 'LILAS', 3, DATE '2011-06-12', DATE '2011-07-10', DATE '2011-06-24', 1, 12.75, 'LILA-Supermercado', STRINGDECODE('Carrera 52 con Ave. Bol\u00edvar #65-98 Llano Largo'), 'Barquisimeto', 'Lara', '3508', 'Venezuela'),
(10331, 'BONAP', 9, DATE '2011-06-12', DATE '2011-07-24', DATE '2011-06-17', 1, 10.19, 'Bon app''', '12, rue des Bouchers', 'Marseille', NULL, '13008', 'France'),
(10332, 'MEREP', 3, DATE '2011-06-13', DATE '2011-07-25', DATE '2011-06-17', 2, 52.84, STRINGDECODE('M\u00e8re Paillarde'), '43 rue St. Laurent', STRINGDECODE('Montr\u00e9al'), STRINGDECODE('Qu\u00e9bec'), 'H1J 1C3', 'Canada'),
(10333, 'WARTH', 5, DATE '2011-06-14', DATE '2011-07-12', DATE '2011-06-21', 3, 0.59, 'Wartian Herkku', 'Torikatu 38', 'Oulu', NULL, '90110', 'Finland');
INSERT INTO PUBLIC.ORDERS(ID, CUSTOMER_ID, EMPLOYEE_ID, ORDER_DATE, REQUIRED_DATE, SHIPPED_DATE, SHIP_VIA, FREIGHT, SHIP_NAME, SHIP_ADDRESS, SHIP_CITY, SHIP_REGION, SHIP_POSTAL_CODE, SHIP_COUNTRY) VALUES
(10334, 'VICTE', 8, DATE '2011-06-17', DATE '2011-07-15', DATE '2011-06-24', 2, 8.56, 'Victuailles en stock', '2, rue du Commerce', 'Lyon', NULL, '69004', 'France'),
(10335, 'HUNGO', 7, DATE '2011-06-18', DATE '2011-07-16', DATE '2011-06-20', 2, 42.11, 'Hungry Owl All-Night Grocers', '8 Johnstown Road', 'Cork', 'Co. Cork', NULL, 'Ireland'),
(10336, 'PRINI', 7, DATE '2011-06-19', DATE '2011-07-17', DATE '2011-06-21', 2, 15.51, 'Princesa Isabel Vinhos', STRINGDECODE('Estrada da sa\u00fade n. 58'), 'Lisboa', NULL, '1756', 'Portugal'),
(10337, 'FRANK', 4, DATE '2011-06-20', DATE '2011-07-18', DATE '2011-06-25', 3, 108.26, 'Frankenversand', 'Berliner Platz 43', STRINGDECODE('M\u00fcnchen'), NULL, '80805', 'Germany'),
(10338, 'OLDWO', 4, DATE '2011-06-21', DATE '2011-07-19', DATE '2011-06-25', 3, 84.21, 'Old World Delicatessen', '2743 Bering St.', 'Anchorage', 'AK', '99508', 'USA'),
(10339, 'MEREP', 2, DATE '2011-06-24', DATE '2011-07-22', DATE '2011-07-01', 2, 15.66, STRINGDECODE('M\u00e8re Paillarde'), '43 rue St. Laurent', STRINGDECODE('Montr\u00e9al'), STRINGDECODE('Qu\u00e9bec'), 'H1J 1C3', 'Canada'),
(10340, 'BONAP', 1, DATE '2011-06-25', DATE '2011-07-23', DATE '2011-07-05', 3, 166.31, 'Bon app''', '12, rue des Bouchers', 'Marseille', NULL, '13008', 'France'),
(10341, 'SIMOB', 7, DATE '2011-06-25', DATE '2011-07-23', DATE '2011-07-02', 3, 26.78, 'Simons bistro', STRINGDECODE('Vinb\u00e6ltet 34'), STRINGDECODE('K\u00f8benhavn'), NULL, '1734', 'Denmark'),
(10342, 'FRANK', 4, DATE '2011-06-26', DATE '2011-07-10', DATE '2011-07-01', 2, 54.83, 'Frankenversand', 'Berliner Platz 43', STRINGDECODE('M\u00fcnchen'), NULL, '80805', 'Germany'),
(10343, 'LEHMS', 4, DATE '2011-06-27', DATE '2011-07-25', DATE '2011-07-03', 1, 110.37, 'Lehmanns Marktstand', 'Magazinweg 7', 'Frankfurt a.M. ', NULL, '60528', 'Germany'),
(10344, 'WHITC', 4, DATE '2011-06-28', DATE '2011-07-26', DATE '2011-07-02', 2, 23.29, 'White Clover Markets', '1029 - 12th Ave. S.', 'Seattle', 'WA', '98124', 'USA'),
(10345, 'QUICK', 2, DATE '2011-07-01', DATE '2011-07-29', DATE '2011-07-08', 2, 249.06, 'QUICK-Stop', STRINGDECODE('Taucherstra\u00dfe 10'), 'Cunewalde', NULL, '01307', 'Germany'),
(10346, 'RATTC', 3, DATE '2011-07-02', DATE '2011-08-13', DATE '2011-07-05', 3, 142.08, 'Rattlesnake Canyon Grocery', '2817 Milton Dr.', 'Albuquerque', 'NM', '87110', 'USA'),
(10347, 'FAMIA', 4, DATE '2011-07-03', DATE '2011-07-31', DATE '2011-07-05', 3, 3.10, 'Familia Arquibaldo', STRINGDECODE('Rua Or\u00f3s, 92'), STRINGDECODE('S\u00e3o Paulo'), 'SP', '05442-030', 'Brazil'),
(10348, 'WANDK', 4, DATE '2011-07-04', DATE '2011-08-01', DATE '2011-07-12', 2, 0.78, 'Die Wandernde Kuh', 'Adenauerallee 900', 'Stuttgart', NULL, '70563', 'Germany'),
(10349, 'SPLIR', 7, DATE '2011-07-05', DATE '2011-08-02', DATE '2011-07-12', 1, 8.63, 'Split Rail Beer & Ale', 'P.O. Box 555', 'Lander', 'WY', '82520', 'USA'),
(10350, 'LAMAI', 6, DATE '2011-07-08', DATE '2011-08-05', DATE '2011-07-30', 2, 64.19, 'La maison d''Asie', '1 rue Alsace-Lorraine', 'Toulouse', NULL, '31000', 'France'),
(10351, 'ERNSH', 1, DATE '2011-07-08', DATE '2011-08-05', DATE '2011-07-17', 1, 162.33, 'Ernst Handel', 'Kirchgasse 6', 'Graz', NULL, '8010', 'Austria'),
(10352, 'FURIB', 3, DATE '2011-07-09', DATE '2011-07-23', DATE '2011-07-15', 3, 1.30, 'Furia Bacalhau e Frutos do Mar', 'Jardim das rosas n. 32', 'Lisboa', NULL, '1675', 'Portugal'),
(10353, 'PICCO', 7, DATE '2011-07-10', DATE '2011-08-07', DATE '2011-07-22', 3, 360.63, 'Piccolo und mehr', 'Geislweg 14', 'Salzburg', NULL, '5020', 'Austria'),
(10354, 'PERIC', 8, DATE '2011-07-11', DATE '2011-08-08', DATE '2011-07-17', 3, 53.80, STRINGDECODE('Pericles Comidas cl\u00e1sicas'), 'Calle Dr. Jorge Cash 321', STRINGDECODE('M\u00e9xico D.F.'), NULL, '05033', 'Mexico'),
(10355, 'AROUT', 6, DATE '2011-07-12', DATE '2011-08-09', DATE '2011-07-17', 1, 41.95, 'Around the Horn', STRINGDECODE('Brook Farm\nStratford St. Mary'), 'Colchester', 'Essex', 'CO7 6JX', 'UK');
INSERT INTO PUBLIC.ORDERS(ID, CUSTOMER_ID, EMPLOYEE_ID, ORDER_DATE, REQUIRED_DATE, SHIPPED_DATE, SHIP_VIA, FREIGHT, SHIP_NAME, SHIP_ADDRESS, SHIP_CITY, SHIP_REGION, SHIP_POSTAL_CODE, SHIP_COUNTRY) VALUES
(10356, 'WANDK', 6, DATE '2011-07-15', DATE '2011-08-12', DATE '2011-07-24', 2, 36.71, 'Die Wandernde Kuh', 'Adenauerallee 900', 'Stuttgart', NULL, '70563', 'Germany'),
(10357, 'LILAS', 1, DATE '2011-07-16', DATE '2011-08-13', DATE '2011-07-29', 3, 34.88, 'LILA-Supermercado', STRINGDECODE('Carrera 52 con Ave. Bol\u00edvar #65-98 Llano Largo'), 'Barquisimeto', 'Lara', '3508', 'Venezuela'),
(10358, 'LAMAI', 5, DATE '2011-07-17', DATE '2011-08-14', DATE '2011-07-24', 1, 19.64, 'La maison d''Asie', '1 rue Alsace-Lorraine', 'Toulouse', NULL, '31000', 'France'),
(10359, 'SEVES', 5, DATE '2011-07-18', DATE '2011-08-15', DATE '2011-07-23', 3, 288.43, 'Seven Seas Imports', '90 Wadhurst Rd.', 'London', NULL, 'OX15 4NB', 'UK'),
(10360, 'BLONP', 4, DATE '2011-07-19', DATE '2011-08-16', DATE '2011-07-29', 3, 131.70, STRINGDECODE('Blondel p\u00e8re et fils'), STRINGDECODE('24, place Kl\u00e9ber'), 'Strasbourg', NULL, '67000', 'France'),
(10361, 'QUICK', 1, DATE '2011-07-19', DATE '2011-08-16', DATE '2011-07-30', 2, 183.17, 'QUICK-Stop', STRINGDECODE('Taucherstra\u00dfe 10'), 'Cunewalde', NULL, '01307', 'Germany'),
(10362, 'BONAP', 3, DATE '2011-07-22', DATE '2011-08-19', DATE '2011-07-25', 1, 96.04, 'Bon app''', '12, rue des Bouchers', 'Marseille', NULL, '13008', 'France'),
(10363, 'DRACD', 4, DATE '2011-07-23', DATE '2011-08-20', DATE '2011-07-31', 3, 30.54, 'Drachenblut Delikatessen', 'Walserweg 21', 'Aachen', NULL, '52066', 'Germany'),
(10364, 'EASTC', 1, DATE '2011-07-23', DATE '2011-09-03', DATE '2011-07-31', 1, 71.97, 'Eastern Connection', '35 King George', 'London', NULL, 'WX3 6FW', 'UK'),
(10365, 'ANTON', 3, DATE '2011-07-24', DATE '2011-08-21', DATE '2011-07-29', 2, 22.00, STRINGDECODE('Antonio Moreno Taquer\u00eda'), 'Mataderos  2312', STRINGDECODE('M\u00e9xico D.F.'), NULL, '05023', 'Mexico'),
(10366, 'GALED', 8, DATE '2011-07-25', DATE '2011-09-05', DATE '2011-08-26', 2, 10.14, STRINGDECODE('Galer\u00eda del gastron\u00f3mo'), STRINGDECODE('Rambla de Catalu\u00f1a, 23'), 'Barcelona', NULL, '8022', 'Spain'),
(10367, 'VAFFE', 7, DATE '2011-07-25', DATE '2011-08-22', DATE '2011-07-29', 3, 13.55, 'Vaffeljernet', STRINGDECODE('Smagsl\u00f8get 45'), STRINGDECODE('\u00c5rhus'), NULL, '8200', 'Denmark'),
(10368, 'ERNSH', 2, DATE '2011-07-26', DATE '2011-08-23', DATE '2011-07-29', 2, 101.95, 'Ernst Handel', 'Kirchgasse 6', 'Graz', NULL, '8010', 'Austria'),
(10369, 'SPLIR', 8, DATE '2011-07-29', DATE '2011-08-26', DATE '2011-08-05', 2, 195.68, 'Split Rail Beer & Ale', 'P.O. Box 555', 'Lander', 'WY', '82520', 'USA'),
(10370, 'CHOPS', 6, DATE '2011-07-30', DATE '2011-08-27', DATE '2011-08-23', 2, 1.17, 'Chop-suey Chinese', 'Hauptstr. 31', 'Bern', NULL, '3012', 'Switzerland'),
(10371, 'LAMAI', 1, DATE '2011-07-30', DATE '2011-08-27', DATE '2011-08-20', 1, 0.45, 'La maison d''Asie', '1 rue Alsace-Lorraine', 'Toulouse', NULL, '31000', 'France'),
(10372, 'QUEEN', 5, DATE '2011-07-31', DATE '2011-08-28', DATE '2011-08-05', 2, 890.78, 'Queen Cozinha', STRINGDECODE('Alameda dos Can\u00e0rios, 891'), STRINGDECODE('S\u00e3o Paulo'), 'SP', '05487-020', 'Brazil'),
(10373, 'HUNGO', 4, DATE '2011-08-01', DATE '2011-08-29', DATE '2011-08-07', 3, 124.12, 'Hungry Owl All-Night Grocers', '8 Johnstown Road', 'Cork', 'Co. Cork', NULL, 'Ireland'),
(10374, 'WOLZA', 1, DATE '2011-08-01', DATE '2011-08-29', DATE '2011-08-05', 3, 3.94, 'Wolski Zajazd', 'ul. Filtrowa 68', 'Warszawa', NULL, '01-012', 'Poland'),
(10375, 'HUNGC', 3, DATE '2011-08-02', DATE '2011-08-30', DATE '2011-08-05', 2, 20.12, 'Hungry Coyote Import Store', STRINGDECODE('City Center Plaza\n516 Main St.'), 'Elgin', 'OR', '97827', 'USA'),
(10376, 'MEREP', 1, DATE '2011-08-05', DATE '2011-09-02', DATE '2011-08-09', 2, 20.39, STRINGDECODE('M\u00e8re Paillarde'), '43 rue St. Laurent', STRINGDECODE('Montr\u00e9al'), STRINGDECODE('Qu\u00e9bec'), 'H1J 1C3', 'Canada'),
(10377, 'SEVES', 1, DATE '2011-08-05', DATE '2011-09-02', DATE '2011-08-09', 3, 22.21, 'Seven Seas Imports', '90 Wadhurst Rd.', 'London', NULL, 'OX15 4NB', 'UK');
INSERT INTO PUBLIC.ORDERS(ID, CUSTOMER_ID, EMPLOYEE_ID, ORDER_DATE, REQUIRED_DATE, SHIPPED_DATE, SHIP_VIA, FREIGHT, SHIP_NAME, SHIP_ADDRESS, SHIP_CITY, SHIP_REGION, SHIP_POSTAL_CODE, SHIP_COUNTRY) VALUES
(10378, 'FOLKO', 5, DATE '2011-08-06', DATE '2011-09-03', DATE '2011-08-15', 3, 5.44, 'Folk och f?HB', STRINGDECODE('\u00c5kergatan 24'), STRINGDECODE('Br\u00e4cke'), NULL, 'S-844 67', 'Sweden'),
(10379, 'QUEDE', 2, DATE '2011-08-07', DATE '2011-09-04', DATE '2011-08-09', 1, 45.03, STRINGDECODE('Que Del\u00edcia'), 'Rua da Panificadora, 12', 'Rio de Janeiro', 'RJ', '02389-673', 'Brazil'),
(10380, 'HUNGO', 8, DATE '2011-08-08', DATE '2011-09-05', DATE '2011-09-12', 3, 35.03, 'Hungry Owl All-Night Grocers', '8 Johnstown Road', 'Cork', 'Co. Cork', NULL, 'Ireland'),
(10381, 'LILAS', 3, DATE '2011-08-08', DATE '2011-09-05', DATE '2011-08-09', 3, 7.99, 'LILA-Supermercado', STRINGDECODE('Carrera 52 con Ave. Bol\u00edvar #65-98 Llano Largo'), 'Barquisimeto', 'Lara', '3508', 'Venezuela'),
(10382, 'ERNSH', 4, DATE '2011-08-09', DATE '2011-09-06', DATE '2011-08-12', 1, 94.77, 'Ernst Handel', 'Kirchgasse 6', 'Graz', NULL, '8010', 'Austria'),
(10383, 'AROUT', 8, DATE '2011-08-12', DATE '2011-09-09', DATE '2011-08-14', 3, 34.24, 'Around the Horn', STRINGDECODE('Brook Farm\nStratford St. Mary'), 'Colchester', 'Essex', 'CO7 6JX', 'UK'),
(10384, 'BERGS', 3, DATE '2011-08-12', DATE '2011-09-09', DATE '2011-08-16', 3, 168.64, STRINGDECODE('Berglunds snabbk\u00f6p'), STRINGDECODE('Berguvsv\u00e4gen  8'), 'Lule?', NULL, 'S-958 22', 'Sweden'),
(10385, 'SPLIR', 1, DATE '2011-08-13', DATE '2011-09-10', DATE '2011-08-19', 2, 30.96, 'Split Rail Beer & Ale', 'P.O. Box 555', 'Lander', 'WY', '82520', 'USA'),
(10386, 'FAMIA', 9, DATE '2011-08-14', DATE '2011-08-28', DATE '2011-08-21', 3, 13.99, 'Familia Arquibaldo', STRINGDECODE('Rua Or\u00f3s, 92'), STRINGDECODE('S\u00e3o Paulo'), 'SP', '05442-030', 'Brazil'),
(10387, 'SANTG', 1, DATE '2011-08-14', DATE '2011-09-11', DATE '2011-08-16', 2, 93.63, 'Sant?Gourmet', 'Erling Skakkes gate 78', 'Stavern', NULL, '4110', 'Norway'),
(10388, 'SEVES', 2, DATE '2011-08-15', DATE '2011-09-12', DATE '2011-08-16', 1, 34.86, 'Seven Seas Imports', '90 Wadhurst Rd.', 'London', NULL, 'OX15 4NB', 'UK'),
(10389, 'BOTTM', 4, DATE '2011-08-16', DATE '2011-09-13', DATE '2011-08-20', 2, 47.42, 'Bottom-Dollar Markets', '23 Tsawassen Blvd.', 'Tsawassen', 'BC', 'T2F 8M4', 'Canada'),
(10390, 'ERNSH', 6, DATE '2011-08-19', DATE '2011-09-16', DATE '2011-08-22', 1, 126.38, 'Ernst Handel', 'Kirchgasse 6', 'Graz', NULL, '8010', 'Austria'),
(10391, 'DRACD', 3, DATE '2011-08-19', DATE '2011-09-16', DATE '2011-08-27', 3, 5.45, 'Drachenblut Delikatessen', 'Walserweg 21', 'Aachen', NULL, '52066', 'Germany'),
(10392, 'PICCO', 2, DATE '2011-08-20', DATE '2011-09-17', DATE '2011-08-28', 3, 122.46, 'Piccolo und mehr', 'Geislweg 14', 'Salzburg', NULL, '5020', 'Austria'),
(10393, 'SAVEA', 1, DATE '2011-08-21', DATE '2011-09-18', DATE '2011-08-30', 3, 126.56, 'Save-a-lot Markets', '187 Suffolk Ln.', 'Boise', 'ID', '83720', 'USA'),
(10394, 'HUNGC', 1, DATE '2011-08-21', DATE '2011-09-18', DATE '2011-08-30', 3, 30.34, 'Hungry Coyote Import Store', STRINGDECODE('City Center Plaza\n516 Main St.'), 'Elgin', 'OR', '97827', 'USA'),
(10395, 'HILAA', 6, DATE '2011-08-22', DATE '2011-09-19', DATE '2011-08-30', 1, 184.41, STRINGDECODE('HILARI\u00d3N-Abastos'), 'Carrera 22 con Ave. Carlos Soublette #8-35', STRINGDECODE('San Crist\u00f3bal'), STRINGDECODE('T\u00e1chira'), '5022', 'Venezuela'),
(10396, 'FRANK', 1, DATE '2011-08-23', DATE '2011-09-06', DATE '2011-09-02', 3, 135.35, 'Frankenversand', 'Berliner Platz 43', STRINGDECODE('M\u00fcnchen'), NULL, '80805', 'Germany'),
(10397, 'PRINI', 5, DATE '2011-08-23', DATE '2011-09-20', DATE '2011-08-29', 1, 60.26, 'Princesa Isabel Vinhos', STRINGDECODE('Estrada da sa\u00fade n. 58'), 'Lisboa', NULL, '1756', 'Portugal'),
(10398, 'SAVEA', 2, DATE '2011-08-26', DATE '2011-09-23', DATE '2011-09-05', 3, 89.16, 'Save-a-lot Markets', '187 Suffolk Ln.', 'Boise', 'ID', '83720', 'USA'),
(10399, 'VAFFE', 8, DATE '2011-08-27', DATE '2011-09-10', DATE '2011-09-04', 3, 27.36, 'Vaffeljernet', STRINGDECODE('Smagsl\u00f8get 45'), STRINGDECODE('\u00c5rhus'), NULL, '8200', 'Denmark');
INSERT INTO PUBLIC.ORDERS(ID, CUSTOMER_ID, EMPLOYEE_ID, ORDER_DATE, REQUIRED_DATE, SHIPPED_DATE, SHIP_VIA, FREIGHT, SHIP_NAME, SHIP_ADDRESS, SHIP_CITY, SHIP_REGION, SHIP_POSTAL_CODE, SHIP_COUNTRY) VALUES
(10400, 'EASTC', 1, DATE '2011-08-28', DATE '2011-09-25', DATE '2011-09-12', 3, 83.93, 'Eastern Connection', '35 King George', 'London', NULL, 'WX3 6FW', 'UK'),
(10401, 'RATTC', 1, DATE '2011-08-28', DATE '2011-09-25', DATE '2011-09-06', 1, 12.51, 'Rattlesnake Canyon Grocery', '2817 Milton Dr.', 'Albuquerque', 'NM', '87110', 'USA'),
(10402, 'ERNSH', 8, DATE '2011-08-29', DATE '2011-10-10', DATE '2011-09-06', 2, 67.88, 'Ernst Handel', 'Kirchgasse 6', 'Graz', NULL, '8010', 'Austria'),
(10403, 'ERNSH', 4, DATE '2011-08-30', DATE '2011-09-27', DATE '2011-09-05', 3, 73.79, 'Ernst Handel', 'Kirchgasse 6', 'Graz', NULL, '8010', 'Austria'),
(10404, 'MAGAA', 2, DATE '2011-08-30', DATE '2011-09-27', DATE '2011-09-04', 1, 155.97, 'Magazzini Alimentari Riuniti', 'Via Ludovico il Moro 22', 'Bergamo', NULL, '24100', 'Italy'),
(10405, 'LINOD', 1, DATE '2011-09-02', DATE '2011-09-30', DATE '2011-09-18', 1, 34.82, 'LINO-Delicateses', 'Ave. 5 de Mayo Porlamar', 'I. de Margarita', 'Nueva Esparta', '4980', 'Venezuela'),
(10406, 'QUEEN', 7, DATE '2011-09-03', DATE '2011-10-15', DATE '2011-09-09', 1, 108.04, 'Queen Cozinha', STRINGDECODE('Alameda dos Can\u00e0rios, 891'), STRINGDECODE('S\u00e3o Paulo'), 'SP', '05487-020', 'Brazil'),
(10407, 'OTTIK', 2, DATE '2011-09-03', DATE '2011-10-01', DATE '2011-09-26', 2, 91.48, STRINGDECODE('Ottilies K\u00e4seladen'), 'Mehrheimerstr. 369', STRINGDECODE('K\u00f6ln'), NULL, '50739', 'Germany'),
(10408, 'FOLIG', 8, DATE '2011-09-04', DATE '2011-10-02', DATE '2011-09-10', 1, 11.26, 'Folies gourmandes', STRINGDECODE('184, chauss\u00e9e de Tournai'), 'Lille', NULL, '59000', 'France'),
(10409, 'OCEAN', 3, DATE '2011-09-05', DATE '2011-10-03', DATE '2011-09-10', 1, 29.83, STRINGDECODE('Oc\u00e9ano Atl\u00e1ntico Ltda.'), STRINGDECODE('Ing. Gustavo Moncada 8585\nPiso 20-A'), 'Buenos Aires', NULL, '1010', 'Argentina'),
(10410, 'BOTTM', 3, DATE '2011-09-06', DATE '2011-10-04', DATE '2011-09-11', 3, 2.40, 'Bottom-Dollar Markets', '23 Tsawassen Blvd.', 'Tsawassen', 'BC', 'T2F 8M4', 'Canada'),
(10411, 'BOTTM', 9, DATE '2011-09-06', DATE '2011-10-04', DATE '2011-09-17', 3, 23.65, 'Bottom-Dollar Markets', '23 Tsawassen Blvd.', 'Tsawassen', 'BC', 'T2F 8M4', 'Canada'),
(10412, 'WARTH', 8, DATE '2011-09-09', DATE '2011-10-07', DATE '2011-09-11', 2, 3.77, 'Wartian Herkku', 'Torikatu 38', 'Oulu', NULL, '90110', 'Finland'),
(10413, 'LAMAI', 3, DATE '2011-09-10', DATE '2011-10-08', DATE '2011-09-12', 2, 95.66, 'La maison d''Asie', '1 rue Alsace-Lorraine', 'Toulouse', NULL, '31000', 'France'),
(10414, 'FAMIA', 2, DATE '2011-09-10', DATE '2011-10-08', DATE '2011-09-13', 3, 21.48, 'Familia Arquibaldo', STRINGDECODE('Rua Or\u00f3s, 92'), STRINGDECODE('S\u00e3o Paulo'), 'SP', '05442-030', 'Brazil'),
(10415, 'HUNGC', 3, DATE '2011-09-11', DATE '2011-10-09', DATE '2011-09-20', 1, 0.20, 'Hungry Coyote Import Store', STRINGDECODE('City Center Plaza\n516 Main St.'), 'Elgin', 'OR', '97827', 'USA'),
(10416, 'WARTH', 8, DATE '2011-09-12', DATE '2011-10-10', DATE '2011-09-23', 3, 22.72, 'Wartian Herkku', 'Torikatu 38', 'Oulu', NULL, '90110', 'Finland'),
(10417, 'SIMOB', 4, DATE '2011-09-12', DATE '2011-10-10', DATE '2011-09-24', 3, 70.29, 'Simons bistro', STRINGDECODE('Vinb\u00e6ltet 34'), STRINGDECODE('K\u00f8benhavn'), NULL, '1734', 'Denmark'),
(10418, 'QUICK', 4, DATE '2011-09-13', DATE '2011-10-11', DATE '2011-09-20', 1, 17.55, 'QUICK-Stop', STRINGDECODE('Taucherstra\u00dfe 10'), 'Cunewalde', NULL, '01307', 'Germany'),
(10419, 'RICSU', 4, DATE '2011-09-16', DATE '2011-10-14', DATE '2011-09-26', 2, 137.35, 'Richter Supermarkt', 'Starenweg 5', STRINGDECODE('Gen\u00e8ve'), NULL, '1204', 'Switzerland'),
(10420, 'WELLI', 3, DATE '2011-09-17', DATE '2011-10-15', DATE '2011-09-23', 1, 44.12, 'Wellington Importadora', 'Rua do Mercado, 12', 'Resende', 'SP', '08737-363', 'Brazil'),
(10421, 'QUEDE', 8, DATE '2011-09-17', DATE '2011-10-29', DATE '2011-09-23', 1, 99.23, STRINGDECODE('Que Del\u00edcia'), 'Rua da Panificadora, 12', 'Rio de Janeiro', 'RJ', '02389-673', 'Brazil');
INSERT INTO PUBLIC.ORDERS(ID, CUSTOMER_ID, EMPLOYEE_ID, ORDER_DATE, REQUIRED_DATE, SHIPPED_DATE, SHIP_VIA, FREIGHT, SHIP_NAME, SHIP_ADDRESS, SHIP_CITY, SHIP_REGION, SHIP_POSTAL_CODE, SHIP_COUNTRY) VALUES
(10422, 'FRANS', 2, DATE '2011-09-18', DATE '2011-10-16', DATE '2011-09-27', 1, 3.02, 'Franchi S.p.A.', 'Via Monte Bianco 34', 'Torino', NULL, '10100', 'Italy'),
(10423, 'GOURL', 6, DATE '2011-09-19', DATE '2011-10-03', DATE '2011-10-21', 3, 24.50, 'Gourmet Lanchonetes', 'Av. Brasil, 442', 'Campinas', 'SP', '04876-786', 'Brazil'),
(10424, 'MEREP', 7, DATE '2011-09-19', DATE '2011-10-17', DATE '2011-09-23', 2, 370.61, STRINGDECODE('M\u00e8re Paillarde'), '43 rue St. Laurent', STRINGDECODE('Montr\u00e9al'), STRINGDECODE('Qu\u00e9bec'), 'H1J 1C3', 'Canada'),
(10425, 'LAMAI', 6, DATE '2011-09-20', DATE '2011-10-18', DATE '2011-10-11', 2, 7.93, 'La maison d''Asie', '1 rue Alsace-Lorraine', 'Toulouse', NULL, '31000', 'France'),
(10426, 'GALED', 4, DATE '2011-09-23', DATE '2011-10-21', DATE '2011-10-03', 1, 18.69, STRINGDECODE('Galer\u00eda del gastron\u00f3mo'), STRINGDECODE('Rambla de Catalu\u00f1a, 23'), 'Barcelona', NULL, '8022', 'Spain'),
(10427, 'PICCO', 4, DATE '2011-09-23', DATE '2011-10-21', DATE '2011-10-28', 2, 31.29, 'Piccolo und mehr', 'Geislweg 14', 'Salzburg', NULL, '5020', 'Austria'),
(10428, 'REGGC', 7, DATE '2011-09-24', DATE '2011-10-22', DATE '2011-10-01', 1, 11.09, 'Reggiani Caseifici', 'Strada Provinciale 124', 'Reggio Emilia', NULL, '42100', 'Italy'),
(10429, 'HUNGO', 3, DATE '2011-09-25', DATE '2011-11-06', DATE '2011-10-04', 2, 56.63, 'Hungry Owl All-Night Grocers', '8 Johnstown Road', 'Cork', 'Co. Cork', NULL, 'Ireland'),
(10430, 'ERNSH', 4, DATE '2011-09-26', DATE '2011-10-10', DATE '2011-09-30', 1, 458.78, 'Ernst Handel', 'Kirchgasse 6', 'Graz', NULL, '8010', 'Austria'),
(10431, 'BOTTM', 4, DATE '2011-09-26', DATE '2011-10-10', DATE '2011-10-04', 2, 44.17, 'Bottom-Dollar Markets', '23 Tsawassen Blvd.', 'Tsawassen', 'BC', 'T2F 8M4', 'Canada'),
(10432, 'SPLIR', 3, DATE '2011-09-27', DATE '2011-10-11', DATE '2011-10-04', 2, 4.34, 'Split Rail Beer & Ale', 'P.O. Box 555', 'Lander', 'WY', '82520', 'USA'),
(10433, 'PRINI', 3, DATE '2011-09-30', DATE '2011-10-28', DATE '2011-10-29', 3, 73.83, 'Princesa Isabel Vinhos', STRINGDECODE('Estrada da sa\u00fade n. 58'), 'Lisboa', NULL, '1756', 'Portugal'),
(10434, 'FOLKO', 3, DATE '2011-09-30', DATE '2011-10-28', DATE '2011-10-10', 2, 17.92, 'Folk och f?HB', STRINGDECODE('\u00c5kergatan 24'), STRINGDECODE('Br\u00e4cke'), NULL, 'S-844 67', 'Sweden'),
(10435, 'CONSH', 8, DATE '2011-10-01', DATE '2011-11-12', DATE '2011-10-04', 2, 9.21, 'Consolidated Holdings', STRINGDECODE('Berkeley Gardens\n12  Brewery '), 'London', NULL, 'WX1 6LT', 'UK'),
(10436, 'BLONP', 3, DATE '2011-10-02', DATE '2011-10-30', DATE '2011-10-08', 2, 156.66, STRINGDECODE('Blondel p\u00e8re et fils'), STRINGDECODE('24, place Kl\u00e9ber'), 'Strasbourg', NULL, '67000', 'France'),
(10437, 'WARTH', 8, DATE '2011-10-02', DATE '2011-10-30', DATE '2011-10-09', 1, 19.97, 'Wartian Herkku', 'Torikatu 38', 'Oulu', NULL, '90110', 'Finland'),
(10438, 'TOMSP', 3, DATE '2011-10-03', DATE '2011-10-31', DATE '2011-10-11', 2, 8.24, STRINGDECODE('Toms Spezialit\u00e4ten'), 'Luisenstr. 48', STRINGDECODE('M\u00fcnster'), NULL, '44087', 'Germany'),
(10439, 'MEREP', 6, DATE '2011-10-04', DATE '2011-11-01', DATE '2011-10-07', 3, 4.07, STRINGDECODE('M\u00e8re Paillarde'), '43 rue St. Laurent', STRINGDECODE('Montr\u00e9al'), STRINGDECODE('Qu\u00e9bec'), 'H1J 1C3', 'Canada'),
(10440, 'SAVEA', 4, DATE '2011-10-07', DATE '2011-11-04', DATE '2011-10-25', 2, 86.53, 'Save-a-lot Markets', '187 Suffolk Ln.', 'Boise', 'ID', '83720', 'USA'),
(10441, 'OLDWO', 3, DATE '2011-10-07', DATE '2011-11-18', DATE '2011-11-08', 2, 73.02, 'Old World Delicatessen', '2743 Bering St.', 'Anchorage', 'AK', '99508', 'USA'),
(10442, 'ERNSH', 3, DATE '2011-10-08', DATE '2011-11-05', DATE '2011-10-15', 2, 47.94, 'Ernst Handel', 'Kirchgasse 6', 'Graz', NULL, '8010', 'Austria'),
(10443, 'REGGC', 8, DATE '2011-10-09', DATE '2011-11-06', DATE '2011-10-11', 1, 13.95, 'Reggiani Caseifici', 'Strada Provinciale 124', 'Reggio Emilia', NULL, '42100', 'Italy');
INSERT INTO PUBLIC.ORDERS(ID, CUSTOMER_ID, EMPLOYEE_ID, ORDER_DATE, REQUIRED_DATE, SHIPPED_DATE, SHIP_VIA, FREIGHT, SHIP_NAME, SHIP_ADDRESS, SHIP_CITY, SHIP_REGION, SHIP_POSTAL_CODE, SHIP_COUNTRY) VALUES
(10444, 'BERGS', 3, DATE '2011-10-09', DATE '2011-11-06', DATE '2011-10-18', 3, 3.50, STRINGDECODE('Berglunds snabbk\u00f6p'), STRINGDECODE('Berguvsv\u00e4gen  8'), 'Lule?', NULL, 'S-958 22', 'Sweden'),
(10445, 'BERGS', 3, DATE '2011-10-10', DATE '2011-11-07', DATE '2011-10-17', 1, 9.30, STRINGDECODE('Berglunds snabbk\u00f6p'), STRINGDECODE('Berguvsv\u00e4gen  8'), 'Lule?', NULL, 'S-958 22', 'Sweden'),
(10446, 'TOMSP', 6, DATE '2011-10-11', DATE '2011-11-08', DATE '2011-10-16', 1, 14.68, STRINGDECODE('Toms Spezialit\u00e4ten'), 'Luisenstr. 48', STRINGDECODE('M\u00fcnster'), NULL, '44087', 'Germany'),
(10447, 'RICAR', 4, DATE '2011-10-11', DATE '2011-11-08', DATE '2011-11-01', 2, 68.66, 'Ricardo Adocicados', 'Av. Copacabana, 267', 'Rio de Janeiro', 'RJ', '02389-890', 'Brazil'),
(10448, 'RANCH', 4, DATE '2011-10-14', DATE '2011-11-11', DATE '2011-10-21', 2, 38.82, 'Rancho grande', 'Av. del Libertador 900', 'Buenos Aires', NULL, '1010', 'Argentina'),
(10449, 'BLONP', 3, DATE '2011-10-15', DATE '2011-11-12', DATE '2011-10-24', 2, 53.30, STRINGDECODE('Blondel p\u00e8re et fils'), STRINGDECODE('24, place Kl\u00e9ber'), 'Strasbourg', NULL, '67000', 'France'),
(10450, 'VICTE', 8, DATE '2011-10-16', DATE '2011-11-13', DATE '2011-11-05', 2, 7.23, 'Victuailles en stock', '2, rue du Commerce', 'Lyon', NULL, '69004', 'France'),
(10451, 'QUICK', 4, DATE '2011-10-16', DATE '2011-10-30', DATE '2011-11-06', 3, 189.09, 'QUICK-Stop', STRINGDECODE('Taucherstra\u00dfe 10'), 'Cunewalde', NULL, '01307', 'Germany'),
(10452, 'SAVEA', 8, DATE '2011-10-17', DATE '2011-11-14', DATE '2011-10-23', 1, 140.26, 'Save-a-lot Markets', '187 Suffolk Ln.', 'Boise', 'ID', '83720', 'USA'),
(10453, 'AROUT', 1, DATE '2011-10-18', DATE '2011-11-15', DATE '2011-10-23', 2, 25.36, 'Around the Horn', STRINGDECODE('Brook Farm\nStratford St. Mary'), 'Colchester', 'Essex', 'CO7 6JX', 'UK'),
(10454, 'LAMAI', 4, DATE '2011-10-18', DATE '2011-11-15', DATE '2011-10-22', 3, 2.74, 'La maison d''Asie', '1 rue Alsace-Lorraine', 'Toulouse', NULL, '31000', 'France'),
(10455, 'WARTH', 8, DATE '2011-10-21', DATE '2011-12-02', DATE '2011-10-28', 2, 180.45, 'Wartian Herkku', 'Torikatu 38', 'Oulu', NULL, '90110', 'Finland'),
(10456, 'KOENE', 8, DATE '2011-10-22', DATE '2011-12-03', DATE '2011-10-25', 2, 8.12, STRINGDECODE('K\u00f6niglich Essen'), 'Maubelstr. 90', 'Brandenburg', NULL, '14776', 'Germany'),
(10457, 'KOENE', 2, DATE '2011-10-22', DATE '2011-11-19', DATE '2011-10-28', 1, 11.57, STRINGDECODE('K\u00f6niglich Essen'), 'Maubelstr. 90', 'Brandenburg', NULL, '14776', 'Germany'),
(10458, 'SUPRD', 7, DATE '2011-10-23', DATE '2011-11-20', DATE '2011-10-29', 3, 147.06, STRINGDECODE('Supr\u00eames d\u00e9lices'), 'Boulevard Tirou, 255', 'Charleroi', NULL, 'B-6000', 'Belgium'),
(10459, 'VICTE', 4, DATE '2011-10-24', DATE '2011-11-21', DATE '2011-10-25', 2, 25.09, 'Victuailles en stock', '2, rue du Commerce', 'Lyon', NULL, '69004', 'France'),
(10460, 'FOLKO', 8, DATE '2011-10-25', DATE '2011-11-22', DATE '2011-10-28', 1, 16.27, 'Folk och f?HB', STRINGDECODE('\u00c5kergatan 24'), STRINGDECODE('Br\u00e4cke'), NULL, 'S-844 67', 'Sweden'),
(10461, 'LILAS', 1, DATE '2011-10-25', DATE '2011-11-22', DATE '2011-10-30', 3, 148.61, 'LILA-Supermercado', STRINGDECODE('Carrera 52 con Ave. Bol\u00edvar #65-98 Llano Largo'), 'Barquisimeto', 'Lara', '3508', 'Venezuela'),
(10462, 'CONSH', 2, DATE '2011-10-28', DATE '2011-11-25', DATE '2011-11-12', 1, 6.17, 'Consolidated Holdings', STRINGDECODE('Berkeley Gardens\n12  Brewery '), 'London', NULL, 'WX1 6LT', 'UK'),
(10463, 'SUPRD', 5, DATE '2011-10-29', DATE '2011-11-26', DATE '2011-10-31', 3, 14.78, STRINGDECODE('Supr\u00eames d\u00e9lices'), 'Boulevard Tirou, 255', 'Charleroi', NULL, 'B-6000', 'Belgium'),
(10464, 'FURIB', 4, DATE '2011-10-29', DATE '2011-11-26', DATE '2011-11-08', 2, 89.00, 'Furia Bacalhau e Frutos do Mar', 'Jardim das rosas n. 32', 'Lisboa', NULL, '1675', 'Portugal');
INSERT INTO PUBLIC.ORDERS(ID, CUSTOMER_ID, EMPLOYEE_ID, ORDER_DATE, REQUIRED_DATE, SHIPPED_DATE, SHIP_VIA, FREIGHT, SHIP_NAME, SHIP_ADDRESS, SHIP_CITY, SHIP_REGION, SHIP_POSTAL_CODE, SHIP_COUNTRY) VALUES
(10465, 'VAFFE', 1, DATE '2011-10-30', DATE '2011-11-27', DATE '2011-11-08', 3, 145.04, 'Vaffeljernet', STRINGDECODE('Smagsl\u00f8get 45'), STRINGDECODE('\u00c5rhus'), NULL, '8200', 'Denmark'),
(10466, 'COMMI', 4, DATE '2011-10-31', DATE '2011-11-28', DATE '2011-11-07', 1, 11.93, STRINGDECODE('Com\u00e9rcio Mineiro'), STRINGDECODE('Av. dos Lus\u00edadas, 23'), STRINGDECODE('S\u00e3o Paulo'), 'SP', '05432-043', 'Brazil'),
(10467, 'MAGAA', 8, DATE '2011-10-31', DATE '2011-11-28', DATE '2011-11-05', 2, 4.93, 'Magazzini Alimentari Riuniti', 'Via Ludovico il Moro 22', 'Bergamo', NULL, '24100', 'Italy'),
(10468, 'KOENE', 3, DATE '2011-11-01', DATE '2011-11-29', DATE '2011-11-06', 3, 44.12, STRINGDECODE('K\u00f6niglich Essen'), 'Maubelstr. 90', 'Brandenburg', NULL, '14776', 'Germany'),
(10469, 'WHITC', 1, DATE '2011-11-04', DATE '2011-12-02', DATE '2011-11-08', 1, 60.18, 'White Clover Markets', '1029 - 12th Ave. S.', 'Seattle', 'WA', '98124', 'USA'),
(10470, 'BONAP', 4, DATE '2011-11-05', DATE '2011-12-03', DATE '2011-11-08', 2, 64.56, 'Bon app''', '12, rue des Bouchers', 'Marseille', NULL, '13008', 'France'),
(10471, 'BSBEV', 2, DATE '2011-11-05', DATE '2011-12-03', DATE '2011-11-12', 3, 45.59, 'B''s Beverages', 'Fauntleroy Circus', 'London', NULL, 'EC2 5NT', 'UK'),
(10472, 'SEVES', 8, DATE '2011-11-06', DATE '2011-12-04', DATE '2011-11-13', 1, 4.20, 'Seven Seas Imports', '90 Wadhurst Rd.', 'London', NULL, 'OX15 4NB', 'UK'),
(10473, 'ISLAT', 1, DATE '2011-11-07', DATE '2011-11-21', DATE '2011-11-15', 3, 16.37, 'Island Trading', STRINGDECODE('Garden House\nCrowther Way'), 'Cowes', 'Isle of Wight', 'PO31 7PJ', 'UK'),
(10474, 'PERIC', 5, DATE '2011-11-07', DATE '2011-12-05', DATE '2011-11-15', 2, 83.49, STRINGDECODE('Pericles Comidas cl\u00e1sicas'), 'Calle Dr. Jorge Cash 321', STRINGDECODE('M\u00e9xico D.F.'), NULL, '05033', 'Mexico'),
(10475, 'SUPRD', 9, DATE '2011-11-08', DATE '2011-12-06', DATE '2011-11-29', 1, 68.52, STRINGDECODE('Supr\u00eames d\u00e9lices'), 'Boulevard Tirou, 255', 'Charleroi', NULL, 'B-6000', 'Belgium'),
(10476, 'HILAA', 8, DATE '2011-11-11', DATE '2011-12-09', DATE '2011-11-18', 3, 4.41, STRINGDECODE('HILARI\u00d3N-Abastos'), 'Carrera 22 con Ave. Carlos Soublette #8-35', STRINGDECODE('San Crist\u00f3bal'), STRINGDECODE('T\u00e1chira'), '5022', 'Venezuela'),
(10477, 'PRINI', 5, DATE '2011-11-11', DATE '2011-12-09', DATE '2011-11-19', 2, 13.02, 'Princesa Isabel Vinhos', STRINGDECODE('Estrada da sa\u00fade n. 58'), 'Lisboa', NULL, '1756', 'Portugal'),
(10478, 'VICTE', 2, DATE '2011-11-12', DATE '2011-11-26', DATE '2011-11-20', 3, 4.81, 'Victuailles en stock', '2, rue du Commerce', 'Lyon', NULL, '69004', 'France'),
(10479, 'RATTC', 3, DATE '2011-11-13', DATE '2011-12-11', DATE '2011-11-15', 3, 708.95, 'Rattlesnake Canyon Grocery', '2817 Milton Dr.', 'Albuquerque', 'NM', '87110', 'USA'),
(10480, 'FOLIG', 6, DATE '2011-11-14', DATE '2011-12-12', DATE '2011-11-18', 2, 1.35, 'Folies gourmandes', STRINGDECODE('184, chauss\u00e9e de Tournai'), 'Lille', NULL, '59000', 'France'),
(10481, 'RICAR', 8, DATE '2011-11-14', DATE '2011-12-12', DATE '2011-11-19', 2, 64.33, 'Ricardo Adocicados', 'Av. Copacabana, 267', 'Rio de Janeiro', 'RJ', '02389-890', 'Brazil'),
(10482, 'LAZYK', 1, DATE '2011-11-15', DATE '2011-12-13', DATE '2011-12-05', 3, 7.48, 'Lazy K Kountry Store', '12 Orchestra Terrace', 'Walla Walla', 'WA', '99362', 'USA'),
(10483, 'WHITC', 7, DATE '2011-11-18', DATE '2011-12-16', DATE '2011-12-20', 2, 15.28, 'White Clover Markets', '1029 - 12th Ave. S.', 'Seattle', 'WA', '98124', 'USA'),
(10484, 'BSBEV', 3, DATE '2011-11-18', DATE '2011-12-16', DATE '2011-11-26', 3, 6.88, 'B''s Beverages', 'Fauntleroy Circus', 'London', NULL, 'EC2 5NT', 'UK'),
(10485, 'LINOD', 4, DATE '2011-11-19', DATE '2011-12-03', DATE '2011-11-25', 2, 64.45, 'LINO-Delicateses', 'Ave. 5 de Mayo Porlamar', 'I. de Margarita', 'Nueva Esparta', '4980', 'Venezuela');
INSERT INTO PUBLIC.ORDERS(ID, CUSTOMER_ID, EMPLOYEE_ID, ORDER_DATE, REQUIRED_DATE, SHIPPED_DATE, SHIP_VIA, FREIGHT, SHIP_NAME, SHIP_ADDRESS, SHIP_CITY, SHIP_REGION, SHIP_POSTAL_CODE, SHIP_COUNTRY) VALUES
(10486, 'HILAA', 1, DATE '2011-11-20', DATE '2011-12-18', DATE '2011-11-27', 2, 30.53, STRINGDECODE('HILARI\u00d3N-Abastos'), 'Carrera 22 con Ave. Carlos Soublette #8-35', STRINGDECODE('San Crist\u00f3bal'), STRINGDECODE('T\u00e1chira'), '5022', 'Venezuela'),
(10487, 'QUEEN', 2, DATE '2011-11-20', DATE '2011-12-18', DATE '2011-11-22', 2, 71.07, 'Queen Cozinha', STRINGDECODE('Alameda dos Can\u00e0rios, 891'), STRINGDECODE('S\u00e3o Paulo'), 'SP', '05487-020', 'Brazil'),
(10488, 'FRANK', 8, DATE '2011-11-21', DATE '2011-12-19', DATE '2011-11-27', 2, 4.93, 'Frankenversand', 'Berliner Platz 43', STRINGDECODE('M\u00fcnchen'), NULL, '80805', 'Germany'),
(10489, 'PICCO', 6, DATE '2011-11-22', DATE '2011-12-20', DATE '2011-12-04', 2, 5.29, 'Piccolo und mehr', 'Geislweg 14', 'Salzburg', NULL, '5020', 'Austria'),
(10490, 'HILAA', 7, DATE '2011-11-25', DATE '2011-12-23', DATE '2011-11-28', 2, 210.19, STRINGDECODE('HILARI\u00d3N-Abastos'), 'Carrera 22 con Ave. Carlos Soublette #8-35', STRINGDECODE('San Crist\u00f3bal'), STRINGDECODE('T\u00e1chira'), '5022', 'Venezuela'),
(10491, 'FURIB', 8, DATE '2011-11-25', DATE '2011-12-23', DATE '2011-12-03', 3, 16.96, 'Furia Bacalhau e Frutos do Mar', 'Jardim das rosas n. 32', 'Lisboa', NULL, '1675', 'Portugal'),
(10492, 'BOTTM', 3, DATE '2011-11-26', DATE '2011-12-24', DATE '2011-12-06', 1, 62.89, 'Bottom-Dollar Markets', '23 Tsawassen Blvd.', 'Tsawassen', 'BC', 'T2F 8M4', 'Canada'),
(10493, 'LAMAI', 4, DATE '2011-11-27', DATE '2011-12-25', DATE '2011-12-05', 3, 10.64, 'La maison d''Asie', '1 rue Alsace-Lorraine', 'Toulouse', NULL, '31000', 'France'),
(10494, 'COMMI', 4, DATE '2011-11-27', DATE '2011-12-25', DATE '2011-12-04', 2, 65.99, STRINGDECODE('Com\u00e9rcio Mineiro'), STRINGDECODE('Av. dos Lus\u00edadas, 23'), STRINGDECODE('S\u00e3o Paulo'), 'SP', '05432-043', 'Brazil'),
(10495, 'LAUGB', 3, DATE '2011-11-28', DATE '2011-12-26', DATE '2011-12-06', 3, 4.65, 'Laughing Bacchus Wine Cellars', '2319 Elm St.', 'Vancouver', 'BC', 'V3F 2K1', 'Canada'),
(10496, 'TRADH', 7, DATE '2011-11-29', DATE '2011-12-27', DATE '2011-12-02', 2, 46.77, STRINGDECODE('Tradi\u00e7\u00e3o Hipermercados'), STRINGDECODE('Av. In\u00eas de Castro, 414'), STRINGDECODE('S\u00e3o Paulo'), 'SP', '05634-030', 'Brazil'),
(10497, 'LEHMS', 7, DATE '2011-11-29', DATE '2011-12-27', DATE '2011-12-02', 1, 36.21, 'Lehmanns Marktstand', 'Magazinweg 7', 'Frankfurt a.M. ', NULL, '60528', 'Germany'),
(10498, 'HILAA', 8, DATE '2011-12-02', DATE '2011-12-30', DATE '2011-12-06', 2, 29.75, STRINGDECODE('HILARI\u00d3N-Abastos'), 'Carrera 22 con Ave. Carlos Soublette #8-35', STRINGDECODE('San Crist\u00f3bal'), STRINGDECODE('T\u00e1chira'), '5022', 'Venezuela'),
(10499, 'LILAS', 4, DATE '2011-12-03', DATE '2011-12-31', DATE '2011-12-11', 2, 102.02, 'LILA-Supermercado', STRINGDECODE('Carrera 52 con Ave. Bol\u00edvar #65-98 Llano Largo'), 'Barquisimeto', 'Lara', '3508', 'Venezuela'),
(10500, 'LAMAI', 6, DATE '2011-12-04', DATE '2012-01-01', DATE '2011-12-12', 1, 42.68, 'La maison d''Asie', '1 rue Alsace-Lorraine', 'Toulouse', NULL, '31000', 'France'),
(10501, 'BLAUS', 9, DATE '2011-12-04', DATE '2012-01-01', DATE '2011-12-11', 3, 8.85, 'Blauer See Delikatessen', 'Forsterstr. 57', 'Mannheim', NULL, '68306', 'Germany'),
(10502, 'PERIC', 2, DATE '2011-12-05', DATE '2012-01-02', DATE '2011-12-24', 1, 69.32, STRINGDECODE('Pericles Comidas cl\u00e1sicas'), 'Calle Dr. Jorge Cash 321', STRINGDECODE('M\u00e9xico D.F.'), NULL, '05033', 'Mexico'),
(10503, 'HUNGO', 6, DATE '2011-12-06', DATE '2012-01-03', DATE '2011-12-11', 2, 16.74, 'Hungry Owl All-Night Grocers', '8 Johnstown Road', 'Cork', 'Co. Cork', NULL, 'Ireland'),
(10504, 'WHITC', 4, DATE '2011-12-06', DATE '2012-01-03', DATE '2011-12-13', 3, 59.13, 'White Clover Markets', '1029 - 12th Ave. S.', 'Seattle', 'WA', '98124', 'USA'),
(10505, 'MEREP', 3, DATE '2011-12-09', DATE '2012-01-06', DATE '2011-12-16', 3, 7.13, STRINGDECODE('M\u00e8re Paillarde'), '43 rue St. Laurent', STRINGDECODE('Montr\u00e9al'), STRINGDECODE('Qu\u00e9bec'), 'H1J 1C3', 'Canada');
INSERT INTO PUBLIC.ORDERS(ID, CUSTOMER_ID, EMPLOYEE_ID, ORDER_DATE, REQUIRED_DATE, SHIPPED_DATE, SHIP_VIA, FREIGHT, SHIP_NAME, SHIP_ADDRESS, SHIP_CITY, SHIP_REGION, SHIP_POSTAL_CODE, SHIP_COUNTRY) VALUES
(10506, 'KOENE', 9, DATE '2011-12-10', DATE '2012-01-07', DATE '2011-12-27', 2, 21.19, STRINGDECODE('K\u00f6niglich Essen'), 'Maubelstr. 90', 'Brandenburg', NULL, '14776', 'Germany'),
(10507, 'ANTON', 7, DATE '2011-12-10', DATE '2012-01-07', DATE '2011-12-17', 1, 47.45, STRINGDECODE('Antonio Moreno Taquer\u00eda'), 'Mataderos  2312', STRINGDECODE('M\u00e9xico D.F.'), NULL, '05023', 'Mexico'),
(10508, 'OTTIK', 1, DATE '2011-12-11', DATE '2012-01-08', DATE '2012-01-07', 2, 4.99, STRINGDECODE('Ottilies K\u00e4seladen'), 'Mehrheimerstr. 369', STRINGDECODE('K\u00f6ln'), NULL, '50739', 'Germany'),
(10509, 'BLAUS', 4, DATE '2011-12-12', DATE '2012-01-09', DATE '2011-12-24', 1, 0.15, 'Blauer See Delikatessen', 'Forsterstr. 57', 'Mannheim', NULL, '68306', 'Germany'),
(10510, 'SAVEA', 6, DATE '2011-12-13', DATE '2012-01-10', DATE '2011-12-23', 3, 367.63, 'Save-a-lot Markets', '187 Suffolk Ln.', 'Boise', 'ID', '83720', 'USA'),
(10511, 'BONAP', 4, DATE '2011-12-13', DATE '2012-01-10', DATE '2011-12-16', 3, 350.64, 'Bon app''', '12, rue des Bouchers', 'Marseille', NULL, '13008', 'France'),
(10512, 'FAMIA', 7, DATE '2011-12-16', DATE '2012-01-13', DATE '2011-12-19', 2, 3.53, 'Familia Arquibaldo', STRINGDECODE('Rua Or\u00f3s, 92'), STRINGDECODE('S\u00e3o Paulo'), 'SP', '05442-030', 'Brazil'),
(10513, 'WANDK', 7, DATE '2011-12-17', DATE '2012-01-28', DATE '2011-12-23', 1, 105.65, 'Die Wandernde Kuh', 'Adenauerallee 900', 'Stuttgart', NULL, '70563', 'Germany'),
(10514, 'ERNSH', 3, DATE '2011-12-17', DATE '2012-01-14', DATE '2012-01-10', 2, 789.95, 'Ernst Handel', 'Kirchgasse 6', 'Graz', NULL, '8010', 'Austria'),
(10515, 'QUICK', 2, DATE '2011-12-18', DATE '2012-01-01', DATE '2012-01-17', 1, 204.47, 'QUICK-Stop', STRINGDECODE('Taucherstra\u00dfe 10'), 'Cunewalde', NULL, '01307', 'Germany'),
(10516, 'HUNGO', 2, DATE '2011-12-19', DATE '2012-01-16', DATE '2011-12-26', 3, 62.78, 'Hungry Owl All-Night Grocers', '8 Johnstown Road', 'Cork', 'Co. Cork', NULL, 'Ireland'),
(10517, 'NORTS', 3, DATE '2011-12-19', DATE '2012-01-16', DATE '2011-12-24', 3, 32.07, 'North/South', STRINGDECODE('South House\n300 Queensbridge'), 'London', NULL, 'SW7 1RZ', 'UK'),
(10518, 'TORTU', 4, DATE '2011-12-20', DATE '2012-01-03', DATE '2011-12-30', 2, 218.15, 'Tortuga Restaurante', 'Avda. Azteca 123', STRINGDECODE('M\u00e9xico D.F.'), NULL, '05033', 'Mexico'),
(10519, 'CHOPS', 6, DATE '2011-12-23', DATE '2012-01-20', DATE '2011-12-26', 3, 91.76, 'Chop-suey Chinese', 'Hauptstr. 31', 'Bern', NULL, '3012', 'Switzerland'),
(10520, 'SANTG', 7, DATE '2011-12-24', DATE '2012-01-21', DATE '2011-12-26', 1, 13.37, 'Sant?Gourmet', 'Erling Skakkes gate 78', 'Stavern', NULL, '4110', 'Norway'),
(10521, 'CACTU', 8, DATE '2011-12-24', DATE '2012-01-21', DATE '2011-12-27', 2, 17.22, 'Cactus Comidas para llevar', 'Cerrito 333', 'Buenos Aires', NULL, '1010', 'Argentina'),
(10522, 'LEHMS', 4, DATE '2011-12-25', DATE '2012-01-22', DATE '2011-12-31', 1, 45.33, 'Lehmanns Marktstand', 'Magazinweg 7', 'Frankfurt a.M. ', NULL, '60528', 'Germany'),
(10523, 'SEVES', 7, DATE '2011-12-26', DATE '2012-01-23', DATE '2012-01-24', 2, 77.63, 'Seven Seas Imports', '90 Wadhurst Rd.', 'London', NULL, 'OX15 4NB', 'UK'),
(10524, 'BERGS', 1, DATE '2011-12-26', DATE '2012-01-23', DATE '2012-01-01', 2, 244.79, STRINGDECODE('Berglunds snabbk\u00f6p'), STRINGDECODE('Berguvsv\u00e4gen  8'), 'Lule?', NULL, 'S-958 22', 'Sweden'),
(10525, 'BONAP', 1, DATE '2011-12-27', DATE '2012-01-24', DATE '2012-01-17', 2, 11.06, 'Bon app''', '12, rue des Bouchers', 'Marseille', NULL, '13008', 'France'),
(10526, 'WARTH', 4, DATE '2011-12-30', DATE '2012-01-27', DATE '2012-01-09', 2, 58.59, 'Wartian Herkku', 'Torikatu 38', 'Oulu', NULL, '90110', 'Finland'),
(10527, 'QUICK', 7, DATE '2011-12-30', DATE '2012-01-27', DATE '2012-01-01', 1, 41.90, 'QUICK-Stop', STRINGDECODE('Taucherstra\u00dfe 10'), 'Cunewalde', NULL, '01307', 'Germany');
INSERT INTO PUBLIC.ORDERS(ID, CUSTOMER_ID, EMPLOYEE_ID, ORDER_DATE, REQUIRED_DATE, SHIPPED_DATE, SHIP_VIA, FREIGHT, SHIP_NAME, SHIP_ADDRESS, SHIP_CITY, SHIP_REGION, SHIP_POSTAL_CODE, SHIP_COUNTRY) VALUES
(10528, 'GREAL', 6, DATE '2011-12-31', DATE '2012-01-14', DATE '2012-01-03', 2, 3.35, 'Great Lakes Food Market', '2732 Baker Blvd.', 'Eugene', 'OR', '97403', 'USA'),
(10529, 'MAISD', 5, DATE '2012-01-01', DATE '2012-01-29', DATE '2012-01-03', 2, 66.69, 'Maison Dewey', 'Rue Joseph-Bens 532', 'Bruxelles', NULL, 'B-1180', 'Belgium'),
(10530, 'PICCO', 3, DATE '2012-01-02', DATE '2012-01-30', DATE '2012-01-06', 2, 339.22, 'Piccolo und mehr', 'Geislweg 14', 'Salzburg', NULL, '5020', 'Austria'),
(10531, 'OCEAN', 7, DATE '2012-01-02', DATE '2012-01-30', DATE '2012-01-13', 1, 8.12, STRINGDECODE('Oc\u00e9ano Atl\u00e1ntico Ltda.'), STRINGDECODE('Ing. Gustavo Moncada 8585\nPiso 20-A'), 'Buenos Aires', NULL, '1010', 'Argentina'),
(10532, 'EASTC', 7, DATE '2012-01-03', DATE '2012-01-31', DATE '2012-01-06', 3, 74.46, 'Eastern Connection', '35 King George', 'London', NULL, 'WX3 6FW', 'UK'),
(10533, 'FOLKO', 8, DATE '2012-01-06', DATE '2012-02-03', DATE '2012-01-16', 1, 188.04, 'Folk och f?HB', STRINGDECODE('\u00c5kergatan 24'), STRINGDECODE('Br\u00e4cke'), NULL, 'S-844 67', 'Sweden'),
(10534, 'LEHMS', 8, DATE '2012-01-06', DATE '2012-02-03', DATE '2012-01-08', 2, 27.94, 'Lehmanns Marktstand', 'Magazinweg 7', 'Frankfurt a.M. ', NULL, '60528', 'Germany'),
(10535, 'ANTON', 4, DATE '2012-01-07', DATE '2012-02-04', DATE '2012-01-15', 1, 15.64, STRINGDECODE('Antonio Moreno Taquer\u00eda'), 'Mataderos  2312', STRINGDECODE('M\u00e9xico D.F.'), NULL, '05023', 'Mexico'),
(10536, 'LEHMS', 3, DATE '2012-01-08', DATE '2012-02-05', DATE '2012-01-31', 2, 58.88, 'Lehmanns Marktstand', 'Magazinweg 7', 'Frankfurt a.M. ', NULL, '60528', 'Germany'),
(10537, 'RICSU', 1, DATE '2012-01-08', DATE '2012-01-22', DATE '2012-01-13', 1, 78.85, 'Richter Supermarkt', 'Starenweg 5', STRINGDECODE('Gen\u00e8ve'), NULL, '1204', 'Switzerland'),
(10538, 'BSBEV', 9, DATE '2012-01-09', DATE '2012-02-06', DATE '2012-01-10', 3, 4.87, 'B''s Beverages', 'Fauntleroy Circus', 'London', NULL, 'EC2 5NT', 'UK'),
(10539, 'BSBEV', 6, DATE '2012-01-10', DATE '2012-02-07', DATE '2012-01-17', 3, 12.36, 'B''s Beverages', 'Fauntleroy Circus', 'London', NULL, 'EC2 5NT', 'UK'),
(10540, 'QUICK', 3, DATE '2012-01-13', DATE '2012-02-10', DATE '2012-02-07', 3, 1007.64, 'QUICK-Stop', STRINGDECODE('Taucherstra\u00dfe 10'), 'Cunewalde', NULL, '01307', 'Germany'),
(10541, 'HANAR', 2, DATE '2012-01-13', DATE '2012-02-10', DATE '2012-01-23', 1, 68.65, 'Hanari Carnes', STRINGDECODE('Rua do Pa\u00e7o, 67'), 'Rio de Janeiro', 'RJ', '05454-876', 'Brazil'),
(10542, 'KOENE', 1, DATE '2012-01-14', DATE '2012-02-11', DATE '2012-01-20', 3, 10.95, STRINGDECODE('K\u00f6niglich Essen'), 'Maubelstr. 90', 'Brandenburg', NULL, '14776', 'Germany'),
(10543, 'LILAS', 8, DATE '2012-01-15', DATE '2012-02-12', DATE '2012-01-17', 2, 48.17, 'LILA-Supermercado', STRINGDECODE('Carrera 52 con Ave. Bol\u00edvar #65-98 Llano Largo'), 'Barquisimeto', 'Lara', '3508', 'Venezuela'),
(10544, 'LONEP', 4, DATE '2012-01-15', DATE '2012-02-12', DATE '2012-01-24', 1, 24.91, 'Lonesome Pine Restaurant', '89 Chiaroscuro Rd.', 'Portland', 'OR', '97219', 'USA'),
(10545, 'LAZYK', 8, DATE '2012-01-16', DATE '2012-02-13', DATE '2012-02-20', 2, 11.92, 'Lazy K Kountry Store', '12 Orchestra Terrace', 'Walla Walla', 'WA', '99362', 'USA'),
(10546, 'VICTE', 1, DATE '2012-01-17', DATE '2012-02-14', DATE '2012-01-21', 3, 194.72, 'Victuailles en stock', '2, rue du Commerce', 'Lyon', NULL, '69004', 'France'),
(10547, 'SEVES', 3, DATE '2012-01-17', DATE '2012-02-14', DATE '2012-01-27', 2, 178.43, 'Seven Seas Imports', '90 Wadhurst Rd.', 'London', NULL, 'OX15 4NB', 'UK'),
(10548, 'TOMSP', 3, DATE '2012-01-20', DATE '2012-02-17', DATE '2012-01-27', 2, 1.43, STRINGDECODE('Toms Spezialit\u00e4ten'), 'Luisenstr. 48', STRINGDECODE('M\u00fcnster'), NULL, '44087', 'Germany'),
(10549, 'QUICK', 5, DATE '2012-01-21', DATE '2012-02-04', DATE '2012-01-24', 1, 171.24, 'QUICK-Stop', STRINGDECODE('Taucherstra\u00dfe 10'), 'Cunewalde', NULL, '01307', 'Germany');
INSERT INTO PUBLIC.ORDERS(ID, CUSTOMER_ID, EMPLOYEE_ID, ORDER_DATE, REQUIRED_DATE, SHIPPED_DATE, SHIP_VIA, FREIGHT, SHIP_NAME, SHIP_ADDRESS, SHIP_CITY, SHIP_REGION, SHIP_POSTAL_CODE, SHIP_COUNTRY) VALUES
(10550, 'GODOS', 7, DATE '2012-01-22', DATE '2012-02-19', DATE '2012-01-31', 3, 4.32, STRINGDECODE('Godos Cocina T\u00edpica'), 'C/ Romero, 33', 'Sevilla', NULL, '41101', 'Spain'),
(10551, 'FURIB', 4, DATE '2012-01-22', DATE '2012-03-04', DATE '2012-01-31', 3, 72.95, 'Furia Bacalhau e Frutos do Mar', 'Jardim das rosas n. 32', 'Lisboa', NULL, '1675', 'Portugal'),
(10552, 'HILAA', 2, DATE '2012-01-23', DATE '2012-02-20', DATE '2012-01-30', 1, 83.22, STRINGDECODE('HILARI\u00d3N-Abastos'), 'Carrera 22 con Ave. Carlos Soublette #8-35', STRINGDECODE('San Crist\u00f3bal'), STRINGDECODE('T\u00e1chira'), '5022', 'Venezuela'),
(10553, 'WARTH', 2, DATE '2012-01-24', DATE '2012-02-21', DATE '2012-01-28', 2, 149.49, 'Wartian Herkku', 'Torikatu 38', 'Oulu', NULL, '90110', 'Finland'),
(10554, 'OTTIK', 4, DATE '2012-01-24', DATE '2012-02-21', DATE '2012-01-30', 3, 120.97, STRINGDECODE('Ottilies K\u00e4seladen'), 'Mehrheimerstr. 369', STRINGDECODE('K\u00f6ln'), NULL, '50739', 'Germany'),
(10555, 'SAVEA', 6, DATE '2012-01-27', DATE '2012-02-24', DATE '2012-01-29', 3, 252.49, 'Save-a-lot Markets', '187 Suffolk Ln.', 'Boise', 'ID', '83720', 'USA'),
(10556, 'SIMOB', 2, DATE '2012-01-28', DATE '2012-03-10', DATE '2012-02-07', 1, 9.80, 'Simons bistro', STRINGDECODE('Vinb\u00e6ltet 34'), STRINGDECODE('K\u00f8benhavn'), NULL, '1734', 'Denmark'),
(10557, 'LEHMS', 9, DATE '2012-01-28', DATE '2012-02-11', DATE '2012-01-31', 2, 96.72, 'Lehmanns Marktstand', 'Magazinweg 7', 'Frankfurt a.M. ', NULL, '60528', 'Germany'),
(10558, 'AROUT', 1, DATE '2012-01-29', DATE '2012-02-26', DATE '2012-02-04', 2, 72.97, 'Around the Horn', STRINGDECODE('Brook Farm\nStratford St. Mary'), 'Colchester', 'Essex', 'CO7 6JX', 'UK'),
(10559, 'BLONP', 6, DATE '2012-01-30', DATE '2012-02-27', DATE '2012-02-07', 1, 8.05, STRINGDECODE('Blondel p\u00e8re et fils'), STRINGDECODE('24, place Kl\u00e9ber'), 'Strasbourg', NULL, '67000', 'France'),
(10560, 'FRANK', 8, DATE '2012-01-31', DATE '2012-02-28', DATE '2012-02-03', 1, 36.65, 'Frankenversand', 'Berliner Platz 43', STRINGDECODE('M\u00fcnchen'), NULL, '80805', 'Germany'),
(10561, 'FOLKO', 2, DATE '2012-01-31', DATE '2012-02-28', DATE '2012-02-03', 2, 242.21, 'Folk och f?HB', STRINGDECODE('\u00c5kergatan 24'), STRINGDECODE('Br\u00e4cke'), NULL, 'S-844 67', 'Sweden'),
(10562, 'REGGC', 1, DATE '2012-02-03', DATE '2012-03-02', DATE '2012-02-06', 1, 22.95, 'Reggiani Caseifici', 'Strada Provinciale 124', 'Reggio Emilia', NULL, '42100', 'Italy'),
(10563, 'RICAR', 2, DATE '2012-02-04', DATE '2012-03-17', DATE '2012-02-18', 2, 60.43, 'Ricardo Adocicados', 'Av. Copacabana, 267', 'Rio de Janeiro', 'RJ', '02389-890', 'Brazil'),
(10564, 'RATTC', 4, DATE '2012-02-04', DATE '2012-03-03', DATE '2012-02-10', 3, 13.75, 'Rattlesnake Canyon Grocery', '2817 Milton Dr.', 'Albuquerque', 'NM', '87110', 'USA'),
(10565, 'MEREP', 8, DATE '2012-02-05', DATE '2012-03-04', DATE '2012-02-12', 2, 7.15, STRINGDECODE('M\u00e8re Paillarde'), '43 rue St. Laurent', STRINGDECODE('Montr\u00e9al'), STRINGDECODE('Qu\u00e9bec'), 'H1J 1C3', 'Canada'),
(10566, 'BLONP', 9, DATE '2012-02-06', DATE '2012-03-05', DATE '2012-02-12', 1, 88.40, STRINGDECODE('Blondel p\u00e8re et fils'), STRINGDECODE('24, place Kl\u00e9ber'), 'Strasbourg', NULL, '67000', 'France'),
(10567, 'HUNGO', 1, DATE '2012-02-06', DATE '2012-03-05', DATE '2012-02-11', 1, 33.97, 'Hungry Owl All-Night Grocers', '8 Johnstown Road', 'Cork', 'Co. Cork', NULL, 'Ireland'),
(10568, 'GALED', 3, DATE '2012-02-07', DATE '2012-03-06', DATE '2012-03-04', 3, 6.54, STRINGDECODE('Galer\u00eda del gastron\u00f3mo'), STRINGDECODE('Rambla de Catalu\u00f1a, 23'), 'Barcelona', NULL, '8022', 'Spain'),
(10569, 'RATTC', 5, DATE '2012-02-10', DATE '2012-03-09', DATE '2012-03-06', 1, 58.98, 'Rattlesnake Canyon Grocery', '2817 Milton Dr.', 'Albuquerque', 'NM', '87110', 'USA'),
(10570, 'MEREP', 3, DATE '2012-02-11', DATE '2012-03-10', DATE '2012-02-13', 3, 188.99, STRINGDECODE('M\u00e8re Paillarde'), '43 rue St. Laurent', STRINGDECODE('Montr\u00e9al'), STRINGDECODE('Qu\u00e9bec'), 'H1J 1C3', 'Canada');
INSERT INTO PUBLIC.ORDERS(ID, CUSTOMER_ID, EMPLOYEE_ID, ORDER_DATE, REQUIRED_DATE, SHIPPED_DATE, SHIP_VIA, FREIGHT, SHIP_NAME, SHIP_ADDRESS, SHIP_CITY, SHIP_REGION, SHIP_POSTAL_CODE, SHIP_COUNTRY) VALUES
(10571, 'ERNSH', 8, DATE '2012-02-11', DATE '2012-03-24', DATE '2012-02-28', 3, 26.06, 'Ernst Handel', 'Kirchgasse 6', 'Graz', NULL, '8010', 'Austria'),
(10572, 'BERGS', 3, DATE '2012-02-12', DATE '2012-03-11', DATE '2012-02-19', 2, 116.43, STRINGDECODE('Berglunds snabbk\u00f6p'), STRINGDECODE('Berguvsv\u00e4gen  8'), 'Lule?', NULL, 'S-958 22', 'Sweden'),
(10573, 'ANTON', 7, DATE '2012-02-13', DATE '2012-03-12', DATE '2012-02-14', 3, 84.84, STRINGDECODE('Antonio Moreno Taquer\u00eda'), 'Mataderos  2312', STRINGDECODE('M\u00e9xico D.F.'), NULL, '05023', 'Mexico'),
(10574, 'TRAIH', 4, DATE '2012-02-13', DATE '2012-03-12', DATE '2012-02-24', 2, 37.60, 'Trail''s Head Gourmet Provisioners', '722 DaVinci Blvd.', 'Kirkland', 'WA', '98034', 'USA'),
(10575, 'MORGK', 5, DATE '2012-02-14', DATE '2012-02-28', DATE '2012-02-24', 1, 127.34, 'Morgenstern Gesundkost', 'Heerstr. 22', 'Leipzig', NULL, '04179', 'Germany'),
(10576, 'TORTU', 3, DATE '2012-02-17', DATE '2012-03-02', DATE '2012-02-24', 3, 18.56, 'Tortuga Restaurante', 'Avda. Azteca 123', STRINGDECODE('M\u00e9xico D.F.'), NULL, '05033', 'Mexico'),
(10577, 'TRAIH', 9, DATE '2012-02-17', DATE '2012-03-30', DATE '2012-02-24', 2, 25.41, 'Trail''s Head Gourmet Provisioners', '722 DaVinci Blvd.', 'Kirkland', 'WA', '98034', 'USA'),
(10578, 'BSBEV', 4, DATE '2012-02-18', DATE '2012-03-17', DATE '2012-03-20', 3, 29.60, 'B''s Beverages', 'Fauntleroy Circus', 'London', NULL, 'EC2 5NT', 'UK'),
(10579, 'LETSS', 1, DATE '2012-02-19', DATE '2012-03-18', DATE '2012-02-28', 2, 13.73, 'Let''s Stop N Shop', STRINGDECODE('87 Polk St.\nSuite 5'), 'San Francisco', 'CA', '94117', 'USA'),
(10580, 'OTTIK', 4, DATE '2012-02-20', DATE '2012-03-19', DATE '2012-02-25', 3, 75.89, STRINGDECODE('Ottilies K\u00e4seladen'), 'Mehrheimerstr. 369', STRINGDECODE('K\u00f6ln'), NULL, '50739', 'Germany'),
(10581, 'FAMIA', 3, DATE '2012-02-20', DATE '2012-03-19', DATE '2012-02-26', 1, 3.01, 'Familia Arquibaldo', STRINGDECODE('Rua Or\u00f3s, 92'), STRINGDECODE('S\u00e3o Paulo'), 'SP', '05442-030', 'Brazil'),
(10582, 'BLAUS', 3, DATE '2012-02-21', DATE '2012-03-20', DATE '2012-03-09', 2, 27.71, 'Blauer See Delikatessen', 'Forsterstr. 57', 'Mannheim', NULL, '68306', 'Germany'),
(10583, 'WARTH', 2, DATE '2012-02-24', DATE '2012-03-23', DATE '2012-02-28', 2, 7.28, 'Wartian Herkku', 'Torikatu 38', 'Oulu', NULL, '90110', 'Finland'),
(10584, 'BLONP', 4, DATE '2012-02-24', DATE '2012-03-23', DATE '2012-02-28', 1, 59.14, STRINGDECODE('Blondel p\u00e8re et fils'), STRINGDECODE('24, place Kl\u00e9ber'), 'Strasbourg', NULL, '67000', 'France'),
(10585, 'WELLI', 7, DATE '2012-02-25', DATE '2012-03-24', DATE '2012-03-05', 1, 13.41, 'Wellington Importadora', 'Rua do Mercado, 12', 'Resende', 'SP', '08737-363', 'Brazil'),
(10586, 'REGGC', 9, DATE '2012-02-26', DATE '2012-03-25', DATE '2012-03-04', 1, 0.48, 'Reggiani Caseifici', 'Strada Provinciale 124', 'Reggio Emilia', NULL, '42100', 'Italy'),
(10587, 'QUEDE', 1, DATE '2012-02-26', DATE '2012-03-25', DATE '2012-03-04', 1, 62.52, STRINGDECODE('Que Del\u00edcia'), 'Rua da Panificadora, 12', 'Rio de Janeiro', 'RJ', '02389-673', 'Brazil'),
(10588, 'QUICK', 2, DATE '2012-02-27', DATE '2012-03-26', DATE '2012-03-05', 3, 194.67, 'QUICK-Stop', STRINGDECODE('Taucherstra\u00dfe 10'), 'Cunewalde', NULL, '01307', 'Germany'),
(10589, 'GREAL', 8, DATE '2012-02-28', DATE '2012-03-27', DATE '2012-03-09', 2, 4.42, 'Great Lakes Food Market', '2732 Baker Blvd.', 'Eugene', 'OR', '97403', 'USA'),
(10590, 'MEREP', 4, DATE '2012-03-02', DATE '2012-03-30', DATE '2012-03-09', 3, 44.77, STRINGDECODE('M\u00e8re Paillarde'), '43 rue St. Laurent', STRINGDECODE('Montr\u00e9al'), STRINGDECODE('Qu\u00e9bec'), 'H1J 1C3', 'Canada'),
(10591, 'VAFFE', 1, DATE '2012-03-02', DATE '2012-03-16', DATE '2012-03-11', 1, 55.92, 'Vaffeljernet', STRINGDECODE('Smagsl\u00f8get 45'), STRINGDECODE('\u00c5rhus'), NULL, '8200', 'Denmark');
INSERT INTO PUBLIC.ORDERS(ID, CUSTOMER_ID, EMPLOYEE_ID, ORDER_DATE, REQUIRED_DATE, SHIPPED_DATE, SHIP_VIA, FREIGHT, SHIP_NAME, SHIP_ADDRESS, SHIP_CITY, SHIP_REGION, SHIP_POSTAL_CODE, SHIP_COUNTRY) VALUES
(10592, 'LEHMS', 3, DATE '2012-03-03', DATE '2012-03-31', DATE '2012-03-11', 1, 32.10, 'Lehmanns Marktstand', 'Magazinweg 7', 'Frankfurt a.M. ', NULL, '60528', 'Germany'),
(10593, 'LEHMS', 7, DATE '2012-03-04', DATE '2012-04-01', DATE '2012-04-08', 2, 174.20, 'Lehmanns Marktstand', 'Magazinweg 7', 'Frankfurt a.M. ', NULL, '60528', 'Germany'),
(10594, 'OLDWO', 3, DATE '2012-03-04', DATE '2012-04-01', DATE '2012-03-11', 2, 5.24, 'Old World Delicatessen', '2743 Bering St.', 'Anchorage', 'AK', '99508', 'USA'),
(10595, 'ERNSH', 2, DATE '2012-03-05', DATE '2012-04-02', DATE '2012-03-09', 1, 96.78, 'Ernst Handel', 'Kirchgasse 6', 'Graz', NULL, '8010', 'Austria'),
(10596, 'WHITC', 8, DATE '2012-03-06', DATE '2012-04-03', DATE '2012-04-07', 1, 16.34, 'White Clover Markets', '1029 - 12th Ave. S.', 'Seattle', 'WA', '98124', 'USA'),
(10597, 'PICCO', 7, DATE '2012-03-06', DATE '2012-04-03', DATE '2012-03-13', 3, 35.12, 'Piccolo und mehr', 'Geislweg 14', 'Salzburg', NULL, '5020', 'Austria'),
(10598, 'RATTC', 1, DATE '2012-03-09', DATE '2012-04-06', DATE '2012-03-13', 3, 44.42, 'Rattlesnake Canyon Grocery', '2817 Milton Dr.', 'Albuquerque', 'NM', '87110', 'USA'),
(10599, 'BSBEV', 6, DATE '2012-03-10', DATE '2012-04-21', DATE '2012-03-16', 3, 29.98, 'B''s Beverages', 'Fauntleroy Circus', 'London', NULL, 'EC2 5NT', 'UK'),
(10600, 'HUNGC', 4, DATE '2012-03-11', DATE '2012-04-08', DATE '2012-03-16', 1, 45.13, 'Hungry Coyote Import Store', STRINGDECODE('City Center Plaza\n516 Main St.'), 'Elgin', 'OR', '97827', 'USA'),
(10601, 'HILAA', 7, DATE '2012-03-11', DATE '2012-04-22', DATE '2012-03-17', 1, 58.30, STRINGDECODE('HILARI\u00d3N-Abastos'), 'Carrera 22 con Ave. Carlos Soublette #8-35', STRINGDECODE('San Crist\u00f3bal'), STRINGDECODE('T\u00e1chira'), '5022', 'Venezuela'),
(10602, 'VAFFE', 8, DATE '2012-03-12', DATE '2012-04-09', DATE '2012-03-17', 2, 2.92, 'Vaffeljernet', STRINGDECODE('Smagsl\u00f8get 45'), STRINGDECODE('\u00c5rhus'), NULL, '8200', 'Denmark'),
(10603, 'SAVEA', 8, DATE '2012-03-13', DATE '2012-04-10', DATE '2012-04-03', 2, 48.77, 'Save-a-lot Markets', '187 Suffolk Ln.', 'Boise', 'ID', '83720', 'USA'),
(10604, 'FURIB', 1, DATE '2012-03-13', DATE '2012-04-10', DATE '2012-03-24', 1, 7.46, 'Furia Bacalhau e Frutos do Mar', 'Jardim das rosas n. 32', 'Lisboa', NULL, '1675', 'Portugal'),
(10605, 'MEREP', 1, DATE '2012-03-16', DATE '2012-04-13', DATE '2012-03-24', 2, 379.13, STRINGDECODE('M\u00e8re Paillarde'), '43 rue St. Laurent', STRINGDECODE('Montr\u00e9al'), STRINGDECODE('Qu\u00e9bec'), 'H1J 1C3', 'Canada'),
(10606, 'TRADH', 4, DATE '2012-03-17', DATE '2012-04-14', DATE '2012-03-26', 3, 79.40, STRINGDECODE('Tradi\u00e7\u00e3o Hipermercados'), STRINGDECODE('Av. In\u00eas de Castro, 414'), STRINGDECODE('S\u00e3o Paulo'), 'SP', '05634-030', 'Brazil'),
(10607, 'SAVEA', 5, DATE '2012-03-17', DATE '2012-04-14', DATE '2012-03-20', 1, 200.24, 'Save-a-lot Markets', '187 Suffolk Ln.', 'Boise', 'ID', '83720', 'USA'),
(10608, 'TOMSP', 4, DATE '2012-03-18', DATE '2012-04-15', DATE '2012-03-27', 2, 27.79, STRINGDECODE('Toms Spezialit\u00e4ten'), 'Luisenstr. 48', STRINGDECODE('M\u00fcnster'), NULL, '44087', 'Germany'),
(10609, 'DUMON', 7, DATE '2012-03-19', DATE '2012-04-16', DATE '2012-03-25', 2, 1.85, 'Du monde entier', '67, rue des Cinquante Otages', 'Nantes', NULL, '44000', 'France'),
(10610, 'LAMAI', 8, DATE '2012-03-20', DATE '2012-04-17', DATE '2012-04-01', 1, 26.78, 'La maison d''Asie', '1 rue Alsace-Lorraine', 'Toulouse', NULL, '31000', 'France'),
(10611, 'WOLZA', 6, DATE '2012-03-20', DATE '2012-04-17', DATE '2012-03-27', 2, 80.65, 'Wolski Zajazd', 'ul. Filtrowa 68', 'Warszawa', NULL, '01-012', 'Poland'),
(10612, 'SAVEA', 1, DATE '2012-03-23', DATE '2012-04-20', DATE '2012-03-27', 2, 544.08, 'Save-a-lot Markets', '187 Suffolk Ln.', 'Boise', 'ID', '83720', 'USA'),
(10613, 'HILAA', 4, DATE '2012-03-24', DATE '2012-04-21', DATE '2012-03-27', 2, 8.11, STRINGDECODE('HILARI\u00d3N-Abastos'), 'Carrera 22 con Ave. Carlos Soublette #8-35', STRINGDECODE('San Crist\u00f3bal'), STRINGDECODE('T\u00e1chira'), '5022', 'Venezuela');
INSERT INTO PUBLIC.ORDERS(ID, CUSTOMER_ID, EMPLOYEE_ID, ORDER_DATE, REQUIRED_DATE, SHIPPED_DATE, SHIP_VIA, FREIGHT, SHIP_NAME, SHIP_ADDRESS, SHIP_CITY, SHIP_REGION, SHIP_POSTAL_CODE, SHIP_COUNTRY) VALUES
(10614, 'BLAUS', 8, DATE '2012-03-24', DATE '2012-04-21', DATE '2012-03-27', 3, 1.93, 'Blauer See Delikatessen', 'Forsterstr. 57', 'Mannheim', NULL, '68306', 'Germany'),
(10615, 'WILMK', 2, DATE '2012-03-25', DATE '2012-04-22', DATE '2012-04-01', 3, 0.75, 'Wilman Kala', 'Keskuskatu 45', 'Helsinki', NULL, '21240', 'Finland'),
(10616, 'GREAL', 1, DATE '2012-03-26', DATE '2012-04-23', DATE '2012-03-31', 2, 116.53, 'Great Lakes Food Market', '2732 Baker Blvd.', 'Eugene', 'OR', '97403', 'USA'),
(10617, 'GREAL', 4, DATE '2012-03-26', DATE '2012-04-23', DATE '2012-03-30', 2, 18.53, 'Great Lakes Food Market', '2732 Baker Blvd.', 'Eugene', 'OR', '97403', 'USA'),
(10618, 'MEREP', 1, DATE '2012-03-27', DATE '2012-05-08', DATE '2012-04-03', 1, 154.68, STRINGDECODE('M\u00e8re Paillarde'), '43 rue St. Laurent', STRINGDECODE('Montr\u00e9al'), STRINGDECODE('Qu\u00e9bec'), 'H1J 1C3', 'Canada'),
(10619, 'MEREP', 3, DATE '2012-03-30', DATE '2012-04-27', DATE '2012-04-02', 3, 91.05, STRINGDECODE('M\u00e8re Paillarde'), '43 rue St. Laurent', STRINGDECODE('Montr\u00e9al'), STRINGDECODE('Qu\u00e9bec'), 'H1J 1C3', 'Canada'),
(10620, 'LAUGB', 2, DATE '2012-03-31', DATE '2012-04-28', DATE '2012-04-09', 3, 0.94, 'Laughing Bacchus Wine Cellars', '2319 Elm St.', 'Vancouver', 'BC', 'V3F 2K1', 'Canada'),
(10621, 'ISLAT', 4, DATE '2012-03-31', DATE '2012-04-28', DATE '2012-04-06', 2, 23.73, 'Island Trading', STRINGDECODE('Garden House\nCrowther Way'), 'Cowes', 'Isle of Wight', 'PO31 7PJ', 'UK'),
(10622, 'RICAR', 4, DATE '2012-04-01', DATE '2012-04-29', DATE '2012-04-06', 3, 50.97, 'Ricardo Adocicados', 'Av. Copacabana, 267', 'Rio de Janeiro', 'RJ', '02389-890', 'Brazil'),
(10623, 'FRANK', 8, DATE '2012-04-02', DATE '2012-04-30', DATE '2012-04-07', 2, 97.18, 'Frankenversand', 'Berliner Platz 43', STRINGDECODE('M\u00fcnchen'), NULL, '80805', 'Germany'),
(10624, 'THECR', 4, DATE '2012-04-02', DATE '2012-04-30', DATE '2012-04-14', 2, 94.80, 'The Cracker Box', '55 Grizzly Peak Rd.', 'Butte', 'MT', '59801', 'USA'),
(10625, 'ANATR', 3, DATE '2012-04-03', DATE '2012-05-01', DATE '2012-04-09', 1, 43.90, 'Ana Trujillo Emparedados y helados', STRINGDECODE('Avda. de la Constituci\u00f3n 2222'), STRINGDECODE('M\u00e9xico D.F.'), NULL, '05021', 'Mexico'),
(10626, 'BERGS', 1, DATE '2012-04-06', DATE '2012-05-04', DATE '2012-04-15', 2, 138.69, STRINGDECODE('Berglunds snabbk\u00f6p'), STRINGDECODE('Berguvsv\u00e4gen  8'), 'Lule?', NULL, 'S-958 22', 'Sweden'),
(10627, 'SAVEA', 8, DATE '2012-04-06', DATE '2012-05-18', DATE '2012-04-16', 3, 107.46, 'Save-a-lot Markets', '187 Suffolk Ln.', 'Boise', 'ID', '83720', 'USA'),
(10628, 'BLONP', 4, DATE '2012-04-07', DATE '2012-05-05', DATE '2012-04-15', 3, 30.36, STRINGDECODE('Blondel p\u00e8re et fils'), STRINGDECODE('24, place Kl\u00e9ber'), 'Strasbourg', NULL, '67000', 'France'),
(10629, 'GODOS', 4, DATE '2012-04-07', DATE '2012-05-05', DATE '2012-04-15', 3, 85.46, STRINGDECODE('Godos Cocina T\u00edpica'), 'C/ Romero, 33', 'Sevilla', NULL, '41101', 'Spain'),
(10630, 'KOENE', 1, DATE '2012-04-08', DATE '2012-05-06', DATE '2012-04-14', 2, 32.35, STRINGDECODE('K\u00f6niglich Essen'), 'Maubelstr. 90', 'Brandenburg', NULL, '14776', 'Germany'),
(10631, 'LAMAI', 8, DATE '2012-04-09', DATE '2012-05-07', DATE '2012-04-10', 1, 0.87, 'La maison d''Asie', '1 rue Alsace-Lorraine', 'Toulouse', NULL, '31000', 'France'),
(10632, 'WANDK', 8, DATE '2012-04-09', DATE '2012-05-07', DATE '2012-04-14', 1, 41.38, 'Die Wandernde Kuh', 'Adenauerallee 900', 'Stuttgart', NULL, '70563', 'Germany'),
(10633, 'ERNSH', 7, DATE '2012-04-10', DATE '2012-05-08', DATE '2012-04-13', 3, 477.90, 'Ernst Handel', 'Kirchgasse 6', 'Graz', NULL, '8010', 'Austria'),
(10634, 'FOLIG', 4, DATE '2012-04-10', DATE '2012-05-08', DATE '2012-04-16', 3, 487.38, 'Folies gourmandes', STRINGDECODE('184, chauss\u00e9e de Tournai'), 'Lille', NULL, '59000', 'France'),
(10635, 'MAGAA', 8, DATE '2012-04-13', DATE '2012-05-11', DATE '2012-04-16', 3, 47.46, 'Magazzini Alimentari Riuniti', 'Via Ludovico il Moro 22', 'Bergamo', NULL, '24100', 'Italy');
INSERT INTO PUBLIC.ORDERS(ID, CUSTOMER_ID, EMPLOYEE_ID, ORDER_DATE, REQUIRED_DATE, SHIPPED_DATE, SHIP_VIA, FREIGHT, SHIP_NAME, SHIP_ADDRESS, SHIP_CITY, SHIP_REGION, SHIP_POSTAL_CODE, SHIP_COUNTRY) VALUES
(10636, 'WARTH', 4, DATE '2012-04-14', DATE '2012-05-12', DATE '2012-04-21', 1, 1.15, 'Wartian Herkku', 'Torikatu 38', 'Oulu', NULL, '90110', 'Finland'),
(10637, 'QUEEN', 6, DATE '2012-04-14', DATE '2012-05-12', DATE '2012-04-21', 1, 201.29, 'Queen Cozinha', STRINGDECODE('Alameda dos Can\u00e0rios, 891'), STRINGDECODE('S\u00e3o Paulo'), 'SP', '05487-020', 'Brazil'),
(10638, 'LINOD', 3, DATE '2012-04-15', DATE '2012-05-13', DATE '2012-04-27', 1, 158.44, 'LINO-Delicateses', 'Ave. 5 de Mayo Porlamar', 'I. de Margarita', 'Nueva Esparta', '4980', 'Venezuela'),
(10639, 'SANTG', 7, DATE '2012-04-15', DATE '2012-05-13', DATE '2012-04-22', 3, 38.64, 'Sant?Gourmet', 'Erling Skakkes gate 78', 'Stavern', NULL, '4110', 'Norway'),
(10640, 'WANDK', 4, DATE '2012-04-16', DATE '2012-05-14', DATE '2012-04-23', 1, 23.55, 'Die Wandernde Kuh', 'Adenauerallee 900', 'Stuttgart', NULL, '70563', 'Germany'),
(10641, 'HILAA', 4, DATE '2012-04-17', DATE '2012-05-15', DATE '2012-04-21', 2, 179.61, STRINGDECODE('HILARI\u00d3N-Abastos'), 'Carrera 22 con Ave. Carlos Soublette #8-35', STRINGDECODE('San Crist\u00f3bal'), STRINGDECODE('T\u00e1chira'), '5022', 'Venezuela'),
(10642, 'SIMOB', 7, DATE '2012-04-17', DATE '2012-05-15', DATE '2012-05-01', 3, 41.89, 'Simons bistro', STRINGDECODE('Vinb\u00e6ltet 34'), STRINGDECODE('K\u00f8benhavn'), NULL, '1734', 'Denmark'),
(10643, 'ALFKI', 6, DATE '2012-04-20', DATE '2012-05-18', DATE '2012-04-28', 1, 29.46, 'Alfreds Futterkiste', 'Obere Str. 57', 'Berlin', NULL, '12209', 'Germany'),
(10644, 'WELLI', 3, DATE '2012-04-20', DATE '2012-05-18', DATE '2012-04-27', 2, 0.14, 'Wellington Importadora', 'Rua do Mercado, 12', 'Resende', 'SP', '08737-363', 'Brazil'),
(10645, 'HANAR', 4, DATE '2012-04-21', DATE '2012-05-19', DATE '2012-04-28', 1, 12.41, 'Hanari Carnes', STRINGDECODE('Rua do Pa\u00e7o, 67'), 'Rio de Janeiro', 'RJ', '05454-876', 'Brazil'),
(10646, 'HUNGO', 9, DATE '2012-04-22', DATE '2012-06-03', DATE '2012-04-29', 3, 142.33, 'Hungry Owl All-Night Grocers', '8 Johnstown Road', 'Cork', 'Co. Cork', NULL, 'Ireland'),
(10647, 'QUEDE', 4, DATE '2012-04-22', DATE '2012-05-06', DATE '2012-04-29', 2, 45.54, STRINGDECODE('Que Del\u00edcia'), 'Rua da Panificadora, 12', 'Rio de Janeiro', 'RJ', '02389-673', 'Brazil'),
(10648, 'RICAR', 5, DATE '2012-04-23', DATE '2012-06-04', DATE '2012-05-05', 2, 14.25, 'Ricardo Adocicados', 'Av. Copacabana, 267', 'Rio de Janeiro', 'RJ', '02389-890', 'Brazil'),
(10649, 'MAISD', 5, DATE '2012-04-23', DATE '2012-05-21', DATE '2012-04-24', 3, 6.20, 'Maison Dewey', 'Rue Joseph-Bens 532', 'Bruxelles', NULL, 'B-1180', 'Belgium'),
(10650, 'FAMIA', 5, DATE '2012-04-24', DATE '2012-05-22', DATE '2012-04-29', 3, 176.81, 'Familia Arquibaldo', STRINGDECODE('Rua Or\u00f3s, 92'), STRINGDECODE('S\u00e3o Paulo'), 'SP', '05442-030', 'Brazil'),
(10651, 'WANDK', 8, DATE '2012-04-27', DATE '2012-05-25', DATE '2012-05-07', 2, 20.60, 'Die Wandernde Kuh', 'Adenauerallee 900', 'Stuttgart', NULL, '70563', 'Germany'),
(10652, 'GOURL', 4, DATE '2012-04-27', DATE '2012-05-25', DATE '2012-05-04', 2, 7.14, 'Gourmet Lanchonetes', 'Av. Brasil, 442', 'Campinas', 'SP', '04876-786', 'Brazil'),
(10653, 'FRANK', 1, DATE '2012-04-28', DATE '2012-05-26', DATE '2012-05-15', 1, 93.25, 'Frankenversand', 'Berliner Platz 43', STRINGDECODE('M\u00fcnchen'), NULL, '80805', 'Germany'),
(10654, 'BERGS', 5, DATE '2012-04-28', DATE '2012-05-26', DATE '2012-05-07', 1, 55.26, STRINGDECODE('Berglunds snabbk\u00f6p'), STRINGDECODE('Berguvsv\u00e4gen  8'), 'Lule?', NULL, 'S-958 22', 'Sweden'),
(10655, 'REGGC', 1, DATE '2012-04-29', DATE '2012-05-27', DATE '2012-05-07', 2, 4.41, 'Reggiani Caseifici', 'Strada Provinciale 124', 'Reggio Emilia', NULL, '42100', 'Italy'),
(10656, 'GREAL', 6, DATE '2012-04-30', DATE '2012-05-28', DATE '2012-05-06', 1, 57.15, 'Great Lakes Food Market', '2732 Baker Blvd.', 'Eugene', 'OR', '97403', 'USA'),
(10657, 'SAVEA', 2, DATE '2012-04-30', DATE '2012-05-28', DATE '2012-05-11', 2, 352.69, 'Save-a-lot Markets', '187 Suffolk Ln.', 'Boise', 'ID', '83720', 'USA');
INSERT INTO PUBLIC.ORDERS(ID, CUSTOMER_ID, EMPLOYEE_ID, ORDER_DATE, REQUIRED_DATE, SHIPPED_DATE, SHIP_VIA, FREIGHT, SHIP_NAME, SHIP_ADDRESS, SHIP_CITY, SHIP_REGION, SHIP_POSTAL_CODE, SHIP_COUNTRY) VALUES
(10658, 'QUICK', 4, DATE '2012-05-01', DATE '2012-05-29', DATE '2012-05-04', 1, 364.15, 'QUICK-Stop', STRINGDECODE('Taucherstra\u00dfe 10'), 'Cunewalde', NULL, '01307', 'Germany'),
(10659, 'QUEEN', 7, DATE '2012-05-01', DATE '2012-05-29', DATE '2012-05-06', 2, 105.81, 'Queen Cozinha', STRINGDECODE('Alameda dos Can\u00e0rios, 891'), STRINGDECODE('S\u00e3o Paulo'), 'SP', '05487-020', 'Brazil'),
(10660, 'HUNGC', 8, DATE '2012-05-04', DATE '2012-06-01', DATE '2012-06-10', 1, 111.29, 'Hungry Coyote Import Store', STRINGDECODE('City Center Plaza\n516 Main St.'), 'Elgin', 'OR', '97827', 'USA'),
(10661, 'HUNGO', 7, DATE '2012-05-05', DATE '2012-06-02', DATE '2012-05-11', 3, 17.55, 'Hungry Owl All-Night Grocers', '8 Johnstown Road', 'Cork', 'Co. Cork', NULL, 'Ireland'),
(10662, 'LONEP', 3, DATE '2012-05-05', DATE '2012-06-02', DATE '2012-05-14', 2, 1.28, 'Lonesome Pine Restaurant', '89 Chiaroscuro Rd.', 'Portland', 'OR', '97219', 'USA'),
(10663, 'BONAP', 2, DATE '2012-05-06', DATE '2012-05-20', DATE '2012-05-29', 2, 113.15, 'Bon app''', '12, rue des Bouchers', 'Marseille', NULL, '13008', 'France'),
(10664, 'FURIB', 1, DATE '2012-05-06', DATE '2012-06-03', DATE '2012-05-15', 3, 1.27, 'Furia Bacalhau e Frutos do Mar', 'Jardim das rosas n. 32', 'Lisboa', NULL, '1675', 'Portugal'),
(10665, 'LONEP', 1, DATE '2012-05-07', DATE '2012-06-04', DATE '2012-05-13', 2, 26.31, 'Lonesome Pine Restaurant', '89 Chiaroscuro Rd.', 'Portland', 'OR', '97219', 'USA'),
(10666, 'RICSU', 7, DATE '2012-05-08', DATE '2012-06-05', DATE '2012-05-18', 2, 232.42, 'Richter Supermarkt', 'Starenweg 5', STRINGDECODE('Gen\u00e8ve'), NULL, '1204', 'Switzerland'),
(10667, 'ERNSH', 7, DATE '2012-05-08', DATE '2012-06-05', DATE '2012-05-15', 1, 78.09, 'Ernst Handel', 'Kirchgasse 6', 'Graz', NULL, '8010', 'Austria'),
(10668, 'WANDK', 1, DATE '2012-05-11', DATE '2012-06-08', DATE '2012-05-19', 2, 47.22, 'Die Wandernde Kuh', 'Adenauerallee 900', 'Stuttgart', NULL, '70563', 'Germany'),
(10669, 'SIMOB', 2, DATE '2012-05-11', DATE '2012-06-08', DATE '2012-05-18', 1, 24.39, 'Simons bistro', STRINGDECODE('Vinb\u00e6ltet 34'), STRINGDECODE('K\u00f8benhavn'), NULL, '1734', 'Denmark'),
(10670, 'FRANK', 4, DATE '2012-05-12', DATE '2012-06-09', DATE '2012-05-14', 1, 203.48, 'Frankenversand', 'Berliner Platz 43', STRINGDECODE('M\u00fcnchen'), NULL, '80805', 'Germany'),
(10671, 'FRANR', 1, DATE '2012-05-13', DATE '2012-06-10', DATE '2012-05-20', 1, 30.34, 'France restauration', '54, rue Royale', 'Nantes', NULL, '44000', 'France'),
(10672, 'BERGS', 9, DATE '2012-05-13', DATE '2012-05-27', DATE '2012-05-22', 2, 95.75, STRINGDECODE('Berglunds snabbk\u00f6p'), STRINGDECODE('Berguvsv\u00e4gen  8'), 'Lule?', NULL, 'S-958 22', 'Sweden'),
(10673, 'WILMK', 2, DATE '2012-05-14', DATE '2012-06-11', DATE '2012-05-15', 1, 22.76, 'Wilman Kala', 'Keskuskatu 45', 'Helsinki', NULL, '21240', 'Finland'),
(10674, 'ISLAT', 4, DATE '2012-05-14', DATE '2012-06-11', DATE '2012-05-26', 2, 0.90, 'Island Trading', STRINGDECODE('Garden House\nCrowther Way'), 'Cowes', 'Isle of Wight', 'PO31 7PJ', 'UK'),
(10675, 'FRANK', 5, DATE '2012-05-15', DATE '2012-06-12', DATE '2012-05-19', 2, 31.85, 'Frankenversand', 'Berliner Platz 43', STRINGDECODE('M\u00fcnchen'), NULL, '80805', 'Germany'),
(10676, 'TORTU', 2, DATE '2012-05-18', DATE '2012-06-15', DATE '2012-05-25', 2, 2.01, 'Tortuga Restaurante', 'Avda. Azteca 123', STRINGDECODE('M\u00e9xico D.F.'), NULL, '05033', 'Mexico'),
(10677, 'ANTON', 1, DATE '2012-05-18', DATE '2012-06-15', DATE '2012-05-22', 3, 4.03, STRINGDECODE('Antonio Moreno Taquer\u00eda'), 'Mataderos  2312', STRINGDECODE('M\u00e9xico D.F.'), NULL, '05023', 'Mexico'),
(10678, 'SAVEA', 7, DATE '2012-05-19', DATE '2012-06-16', DATE '2012-06-11', 3, 388.98, 'Save-a-lot Markets', '187 Suffolk Ln.', 'Boise', 'ID', '83720', 'USA'),
(10679, 'BLONP', 8, DATE '2012-05-19', DATE '2012-06-16', DATE '2012-05-26', 3, 27.94, STRINGDECODE('Blondel p\u00e8re et fils'), STRINGDECODE('24, place Kl\u00e9ber'), 'Strasbourg', NULL, '67000', 'France');
INSERT INTO PUBLIC.ORDERS(ID, CUSTOMER_ID, EMPLOYEE_ID, ORDER_DATE, REQUIRED_DATE, SHIPPED_DATE, SHIP_VIA, FREIGHT, SHIP_NAME, SHIP_ADDRESS, SHIP_CITY, SHIP_REGION, SHIP_POSTAL_CODE, SHIP_COUNTRY) VALUES
(10680, 'OLDWO', 1, DATE '2012-05-20', DATE '2012-06-17', DATE '2012-05-22', 1, 26.61, 'Old World Delicatessen', '2743 Bering St.', 'Anchorage', 'AK', '99508', 'USA'),
(10681, 'GREAL', 3, DATE '2012-05-21', DATE '2012-06-18', DATE '2012-05-26', 3, 76.13, 'Great Lakes Food Market', '2732 Baker Blvd.', 'Eugene', 'OR', '97403', 'USA'),
(10682, 'ANTON', 3, DATE '2012-05-21', DATE '2012-06-18', DATE '2012-05-27', 2, 36.13, STRINGDECODE('Antonio Moreno Taquer\u00eda'), 'Mataderos  2312', STRINGDECODE('M\u00e9xico D.F.'), NULL, '05023', 'Mexico'),
(10683, 'DUMON', 2, DATE '2012-05-22', DATE '2012-06-19', DATE '2012-05-27', 1, 4.40, 'Du monde entier', '67, rue des Cinquante Otages', 'Nantes', NULL, '44000', 'France'),
(10684, 'OTTIK', 3, DATE '2012-05-22', DATE '2012-06-19', DATE '2012-05-26', 1, 145.63, STRINGDECODE('Ottilies K\u00e4seladen'), 'Mehrheimerstr. 369', STRINGDECODE('K\u00f6ln'), NULL, '50739', 'Germany'),
(10685, 'GOURL', 4, DATE '2012-05-25', DATE '2012-06-08', DATE '2012-05-29', 2, 33.75, 'Gourmet Lanchonetes', 'Av. Brasil, 442', 'Campinas', 'SP', '04876-786', 'Brazil'),
(10686, 'PICCO', 2, DATE '2012-05-26', DATE '2012-06-23', DATE '2012-06-03', 1, 96.50, 'Piccolo und mehr', 'Geislweg 14', 'Salzburg', NULL, '5020', 'Austria'),
(10687, 'HUNGO', 9, DATE '2012-05-26', DATE '2012-06-23', DATE '2012-06-25', 2, 296.43, 'Hungry Owl All-Night Grocers', '8 Johnstown Road', 'Cork', 'Co. Cork', NULL, 'Ireland'),
(10688, 'VAFFE', 4, DATE '2012-05-27', DATE '2012-06-10', DATE '2012-06-02', 2, 299.09, 'Vaffeljernet', STRINGDECODE('Smagsl\u00f8get 45'), STRINGDECODE('\u00c5rhus'), NULL, '8200', 'Denmark'),
(10689, 'BERGS', 1, DATE '2012-05-27', DATE '2012-06-24', DATE '2012-06-02', 2, 13.42, STRINGDECODE('Berglunds snabbk\u00f6p'), STRINGDECODE('Berguvsv\u00e4gen  8'), 'Lule?', NULL, 'S-958 22', 'Sweden'),
(10690, 'HANAR', 1, DATE '2012-05-28', DATE '2012-06-25', DATE '2012-05-29', 1, 15.80, 'Hanari Carnes', STRINGDECODE('Rua do Pa\u00e7o, 67'), 'Rio de Janeiro', 'RJ', '05454-876', 'Brazil'),
(10691, 'QUICK', 2, DATE '2012-05-29', DATE '2012-07-10', DATE '2012-06-17', 2, 810.05, 'QUICK-Stop', STRINGDECODE('Taucherstra\u00dfe 10'), 'Cunewalde', NULL, '01307', 'Germany'),
(10692, 'ALFKI', 4, DATE '2012-05-29', DATE '2012-06-26', DATE '2012-06-08', 2, 61.02, 'Alfred''s Futterkiste', 'Obere Str. 57', 'Berlin', NULL, '12209', 'Germany'),
(10693, 'WHITC', 3, DATE '2012-06-01', DATE '2012-06-15', DATE '2012-06-05', 3, 139.34, 'White Clover Markets', '1029 - 12th Ave. S.', 'Seattle', 'WA', '98124', 'USA'),
(10694, 'QUICK', 8, DATE '2012-06-01', DATE '2012-06-29', DATE '2012-06-04', 3, 398.36, 'QUICK-Stop', STRINGDECODE('Taucherstra\u00dfe 10'), 'Cunewalde', NULL, '01307', 'Germany'),
(10695, 'WILMK', 7, DATE '2012-06-02', DATE '2012-07-14', DATE '2012-06-09', 1, 16.72, 'Wilman Kala', 'Keskuskatu 45', 'Helsinki', NULL, '21240', 'Finland'),
(10696, 'WHITC', 8, DATE '2012-06-03', DATE '2012-07-15', DATE '2012-06-09', 3, 102.55, 'White Clover Markets', '1029 - 12th Ave. S.', 'Seattle', 'WA', '98124', 'USA'),
(10697, 'LINOD', 3, DATE '2012-06-03', DATE '2012-07-01', DATE '2012-06-09', 1, 45.52, 'LINO-Delicateses', 'Ave. 5 de Mayo Porlamar', 'I. de Margarita', 'Nueva Esparta', '4980', 'Venezuela'),
(10698, 'ERNSH', 4, DATE '2012-06-04', DATE '2012-07-02', DATE '2012-06-12', 1, 272.47, 'Ernst Handel', 'Kirchgasse 6', 'Graz', NULL, '8010', 'Austria'),
(10699, 'MORGK', 3, DATE '2012-06-04', DATE '2012-07-02', DATE '2012-06-08', 3, 0.58, 'Morgenstern Gesundkost', 'Heerstr. 22', 'Leipzig', NULL, '04179', 'Germany'),
(10700, 'SAVEA', 3, DATE '2012-06-05', DATE '2012-07-03', DATE '2012-06-11', 1, 65.10, 'Save-a-lot Markets', '187 Suffolk Ln.', 'Boise', 'ID', '83720', 'USA'),
(10701, 'HUNGO', 6, DATE '2012-06-08', DATE '2012-06-22', DATE '2012-06-10', 3, 220.31, 'Hungry Owl All-Night Grocers', '8 Johnstown Road', 'Cork', 'Co. Cork', NULL, 'Ireland');
INSERT INTO PUBLIC.ORDERS(ID, CUSTOMER_ID, EMPLOYEE_ID, ORDER_DATE, REQUIRED_DATE, SHIPPED_DATE, SHIP_VIA, FREIGHT, SHIP_NAME, SHIP_ADDRESS, SHIP_CITY, SHIP_REGION, SHIP_POSTAL_CODE, SHIP_COUNTRY) VALUES
(10702, 'ALFKI', 4, DATE '2012-06-08', DATE '2012-07-20', DATE '2012-06-16', 1, 23.94, 'Alfred''s Futterkiste', 'Obere Str. 57', 'Berlin', NULL, '12209', 'Germany'),
(10703, 'FOLKO', 6, DATE '2012-06-09', DATE '2012-07-07', DATE '2012-06-15', 2, 152.30, 'Folk och f?HB', STRINGDECODE('\u00c5kergatan 24'), STRINGDECODE('Br\u00e4cke'), NULL, 'S-844 67', 'Sweden'),
(10704, 'QUEEN', 6, DATE '2012-06-09', DATE '2012-07-07', DATE '2012-07-03', 1, 4.78, 'Queen Cozinha', STRINGDECODE('Alameda dos Can\u00e0rios, 891'), STRINGDECODE('S\u00e3o Paulo'), 'SP', '05487-020', 'Brazil'),
(10705, 'HILAA', 9, DATE '2012-06-10', DATE '2012-07-08', DATE '2012-07-14', 2, 3.52, STRINGDECODE('HILARI\u00d3N-Abastos'), 'Carrera 22 con Ave. Carlos Soublette #8-35', STRINGDECODE('San Crist\u00f3bal'), STRINGDECODE('T\u00e1chira'), '5022', 'Venezuela'),
(10706, 'OLDWO', 8, DATE '2012-06-11', DATE '2012-07-09', DATE '2012-06-16', 3, 135.63, 'Old World Delicatessen', '2743 Bering St.', 'Anchorage', 'AK', '99508', 'USA'),
(10707, 'AROUT', 4, DATE '2012-06-11', DATE '2012-06-25', DATE '2012-06-18', 3, 21.74, 'Around the Horn', STRINGDECODE('Brook Farm\nStratford St. Mary'), 'Colchester', 'Essex', 'CO7 6JX', 'UK'),
(10708, 'THEBI', 6, DATE '2012-06-12', DATE '2012-07-24', DATE '2012-07-01', 2, 2.96, 'The Big Cheese', STRINGDECODE('89 Jefferson Way\nSuite 2'), 'Portland', 'OR', '97201', 'USA'),
(10709, 'GOURL', 1, DATE '2012-06-12', DATE '2012-07-10', DATE '2012-07-16', 3, 210.80, 'Gourmet Lanchonetes', 'Av. Brasil, 442', 'Campinas', 'SP', '04876-786', 'Brazil'),
(10710, 'FRANS', 1, DATE '2012-06-15', DATE '2012-07-13', DATE '2012-06-18', 1, 4.98, 'Franchi S.p.A.', 'Via Monte Bianco 34', 'Torino', NULL, '10100', 'Italy'),
(10711, 'SAVEA', 5, DATE '2012-06-16', DATE '2012-07-28', DATE '2012-06-24', 2, 52.41, 'Save-a-lot Markets', '187 Suffolk Ln.', 'Boise', 'ID', '83720', 'USA'),
(10712, 'HUNGO', 3, DATE '2012-06-16', DATE '2012-07-14', DATE '2012-06-26', 1, 89.93, 'Hungry Owl All-Night Grocers', '8 Johnstown Road', 'Cork', 'Co. Cork', NULL, 'Ireland'),
(10713, 'SAVEA', 1, DATE '2012-06-17', DATE '2012-07-15', DATE '2012-06-19', 1, 167.05, 'Save-a-lot Markets', '187 Suffolk Ln.', 'Boise', 'ID', '83720', 'USA'),
(10714, 'SAVEA', 5, DATE '2012-06-17', DATE '2012-07-15', DATE '2012-06-22', 3, 24.49, 'Save-a-lot Markets', '187 Suffolk Ln.', 'Boise', 'ID', '83720', 'USA'),
(10715, 'BONAP', 3, DATE '2012-06-18', DATE '2012-07-02', DATE '2012-06-24', 1, 63.20, 'Bon app''', '12, rue des Bouchers', 'Marseille', NULL, '13008', 'France'),
(10716, 'RANCH', 4, DATE '2012-06-19', DATE '2012-07-17', DATE '2012-06-22', 2, 22.57, 'Rancho grande', 'Av. del Libertador 900', 'Buenos Aires', NULL, '1010', 'Argentina'),
(10717, 'FRANK', 1, DATE '2012-06-19', DATE '2012-07-17', DATE '2012-06-24', 2, 59.25, 'Frankenversand', 'Berliner Platz 43', STRINGDECODE('M\u00fcnchen'), NULL, '80805', 'Germany'),
(10718, 'KOENE', 1, DATE '2012-06-22', DATE '2012-07-20', DATE '2012-06-24', 3, 170.88, STRINGDECODE('K\u00f6niglich Essen'), 'Maubelstr. 90', 'Brandenburg', NULL, '14776', 'Germany'),
(10719, 'LETSS', 8, DATE '2012-06-22', DATE '2012-07-20', DATE '2012-07-01', 2, 51.44, 'Let''s Stop N Shop', STRINGDECODE('87 Polk St.\nSuite 5'), 'San Francisco', 'CA', '94117', 'USA'),
(10720, 'QUEDE', 8, DATE '2012-06-23', DATE '2012-07-07', DATE '2012-07-01', 2, 9.53, STRINGDECODE('Que Del\u00edcia'), 'Rua da Panificadora, 12', 'Rio de Janeiro', 'RJ', '02389-673', 'Brazil'),
(10721, 'QUICK', 5, DATE '2012-06-24', DATE '2012-07-22', DATE '2012-06-26', 3, 48.92, 'QUICK-Stop', STRINGDECODE('Taucherstra\u00dfe 10'), 'Cunewalde', NULL, '01307', 'Germany'),
(10722, 'SAVEA', 8, DATE '2012-06-24', DATE '2012-08-05', DATE '2012-06-30', 1, 74.58, 'Save-a-lot Markets', '187 Suffolk Ln.', 'Boise', 'ID', '83720', 'USA'),
(10723, 'WHITC', 3, DATE '2012-06-25', DATE '2012-07-23', DATE '2012-07-21', 1, 21.72, 'White Clover Markets', '1029 - 12th Ave. S.', 'Seattle', 'WA', '98124', 'USA');
INSERT INTO PUBLIC.ORDERS(ID, CUSTOMER_ID, EMPLOYEE_ID, ORDER_DATE, REQUIRED_DATE, SHIPPED_DATE, SHIP_VIA, FREIGHT, SHIP_NAME, SHIP_ADDRESS, SHIP_CITY, SHIP_REGION, SHIP_POSTAL_CODE, SHIP_COUNTRY) VALUES
(10724, 'MEREP', 8, DATE '2012-06-25', DATE '2012-08-06', DATE '2012-07-01', 2, 57.75, STRINGDECODE('M\u00e8re Paillarde'), '43 rue St. Laurent', STRINGDECODE('Montr\u00e9al'), STRINGDECODE('Qu\u00e9bec'), 'H1J 1C3', 'Canada'),
(10725, 'FAMIA', 4, DATE '2012-06-26', DATE '2012-07-24', DATE '2012-07-01', 3, 10.83, 'Familia Arquibaldo', STRINGDECODE('Rua Or\u00f3s, 92'), STRINGDECODE('S\u00e3o Paulo'), 'SP', '05442-030', 'Brazil'),
(10726, 'EASTC', 4, DATE '2012-06-29', DATE '2012-07-13', DATE '2012-07-31', 1, 16.56, 'Eastern Connection', '35 King George', 'London', NULL, 'WX3 6FW', 'UK'),
(10727, 'REGGC', 2, DATE '2012-06-29', DATE '2012-07-27', DATE '2012-07-31', 1, 89.90, 'Reggiani Caseifici', 'Strada Provinciale 124', 'Reggio Emilia', NULL, '42100', 'Italy'),
(10728, 'QUEEN', 4, DATE '2012-06-30', DATE '2012-07-28', DATE '2012-07-07', 2, 58.33, 'Queen Cozinha', STRINGDECODE('Alameda dos Can\u00e0rios, 891'), STRINGDECODE('S\u00e3o Paulo'), 'SP', '05487-020', 'Brazil'),
(10729, 'LINOD', 8, DATE '2012-06-30', DATE '2012-08-11', DATE '2012-07-10', 3, 141.06, 'LINO-Delicateses', 'Ave. 5 de Mayo Porlamar', 'I. de Margarita', 'Nueva Esparta', '4980', 'Venezuela'),
(10730, 'BONAP', 5, DATE '2012-07-01', DATE '2012-07-29', DATE '2012-07-10', 1, 20.12, 'Bon app''', '12, rue des Bouchers', 'Marseille', NULL, '13008', 'France'),
(10731, 'CHOPS', 7, DATE '2012-07-02', DATE '2012-07-30', DATE '2012-07-10', 1, 96.65, 'Chop-suey Chinese', 'Hauptstr. 31', 'Bern', NULL, '3012', 'Switzerland'),
(10732, 'BONAP', 3, DATE '2012-07-02', DATE '2012-07-30', DATE '2012-07-03', 1, 16.97, 'Bon app''', '12, rue des Bouchers', 'Marseille', NULL, '13008', 'France'),
(10733, 'BERGS', 1, DATE '2012-07-03', DATE '2012-07-31', DATE '2012-07-06', 3, 110.11, STRINGDECODE('Berglunds snabbk\u00f6p'), STRINGDECODE('Berguvsv\u00e4gen  8'), 'Lule?', NULL, 'S-958 22', 'Sweden'),
(10734, 'GOURL', 2, DATE '2012-07-03', DATE '2012-07-31', DATE '2012-07-08', 3, 1.63, 'Gourmet Lanchonetes', 'Av. Brasil, 442', 'Campinas', 'SP', '04876-786', 'Brazil'),
(10735, 'LETSS', 6, DATE '2012-07-06', DATE '2012-08-03', DATE '2012-07-17', 2, 45.97, 'Let''s Stop N Shop', STRINGDECODE('87 Polk St.\nSuite 5'), 'San Francisco', 'CA', '94117', 'USA'),
(10736, 'HUNGO', 9, DATE '2012-07-07', DATE '2012-08-04', DATE '2012-07-17', 2, 44.10, 'Hungry Owl All-Night Grocers', '8 Johnstown Road', 'Cork', 'Co. Cork', NULL, 'Ireland'),
(10737, 'VINET', 2, DATE '2012-07-07', DATE '2012-08-04', DATE '2012-07-14', 2, 7.79, 'Vins et alcools Chevalier', '59 rue de l''Abbaye', 'Reims', NULL, '51100', 'France'),
(10738, 'SPECD', 2, DATE '2012-07-08', DATE '2012-08-05', DATE '2012-07-14', 1, 2.91, STRINGDECODE('Sp\u00e9cialit\u00e9s du monde'), '25, rue Lauriston', 'Paris', NULL, '75016', 'France'),
(10739, 'VINET', 3, DATE '2012-07-08', DATE '2012-08-05', DATE '2012-07-13', 3, 11.08, 'Vins et alcools Chevalier', '59 rue de l''Abbaye', 'Reims', NULL, '51100', 'France'),
(10740, 'WHITC', 4, DATE '2012-07-09', DATE '2012-08-06', DATE '2012-07-21', 2, 81.88, 'White Clover Markets', '1029 - 12th Ave. S.', 'Seattle', 'WA', '98124', 'USA'),
(10741, 'AROUT', 4, DATE '2012-07-10', DATE '2012-07-24', DATE '2012-07-14', 3, 10.96, 'Around the Horn', STRINGDECODE('Brook Farm\nStratford St. Mary'), 'Colchester', 'Essex', 'CO7 6JX', 'UK'),
(10742, 'BOTTM', 3, DATE '2012-07-10', DATE '2012-08-07', DATE '2012-07-14', 3, 243.73, 'Bottom-Dollar Markets', '23 Tsawassen Blvd.', 'Tsawassen', 'BC', 'T2F 8M4', 'Canada'),
(10743, 'AROUT', 1, DATE '2012-07-13', DATE '2012-08-10', DATE '2012-07-17', 2, 23.72, 'Around the Horn', STRINGDECODE('Brook Farm\nStratford St. Mary'), 'Colchester', 'Essex', 'CO7 6JX', 'UK'),
(10744, 'VAFFE', 6, DATE '2012-07-13', DATE '2012-08-10', DATE '2012-07-20', 1, 69.19, 'Vaffeljernet', STRINGDECODE('Smagsl\u00f8get 45'), STRINGDECODE('\u00c5rhus'), NULL, '8200', 'Denmark'),
(10745, 'QUICK', 9, DATE '2012-07-14', DATE '2012-08-11', DATE '2012-07-23', 1, 3.52, 'QUICK-Stop', STRINGDECODE('Taucherstra\u00dfe 10'), 'Cunewalde', NULL, '01307', 'Germany');
INSERT INTO PUBLIC.ORDERS(ID, CUSTOMER_ID, EMPLOYEE_ID, ORDER_DATE, REQUIRED_DATE, SHIPPED_DATE, SHIP_VIA, FREIGHT, SHIP_NAME, SHIP_ADDRESS, SHIP_CITY, SHIP_REGION, SHIP_POSTAL_CODE, SHIP_COUNTRY) VALUES
(10746, 'CHOPS', 1, DATE '2012-07-15', DATE '2012-08-12', DATE '2012-07-17', 3, 31.43, 'Chop-suey Chinese', 'Hauptstr. 31', 'Bern', NULL, '3012', 'Switzerland'),
(10747, 'PICCO', 6, DATE '2012-07-15', DATE '2012-08-12', DATE '2012-07-22', 1, 117.33, 'Piccolo und mehr', 'Geislweg 14', 'Salzburg', NULL, '5020', 'Austria'),
(10748, 'SAVEA', 3, DATE '2012-07-16', DATE '2012-08-13', DATE '2012-07-24', 1, 232.55, 'Save-a-lot Markets', '187 Suffolk Ln.', 'Boise', 'ID', '83720', 'USA'),
(10749, 'ISLAT', 4, DATE '2012-07-16', DATE '2012-08-13', DATE '2012-08-14', 2, 61.53, 'Island Trading', STRINGDECODE('Garden House\nCrowther Way'), 'Cowes', 'Isle of Wight', 'PO31 7PJ', 'UK'),
(10750, 'WARTH', 9, DATE '2012-07-17', DATE '2012-08-14', DATE '2012-07-20', 1, 79.30, 'Wartian Herkku', 'Torikatu 38', 'Oulu', NULL, '90110', 'Finland'),
(10751, 'RICSU', 3, DATE '2012-07-20', DATE '2012-08-17', DATE '2012-07-29', 3, 130.79, 'Richter Supermarkt', 'Starenweg 5', STRINGDECODE('Gen\u00e8ve'), NULL, '1204', 'Switzerland'),
(10752, 'NORTS', 2, DATE '2012-07-20', DATE '2012-08-17', DATE '2012-07-24', 3, 1.39, 'North/South', STRINGDECODE('South House\n300 Queensbridge'), 'London', NULL, 'SW7 1RZ', 'UK'),
(10753, 'FRANS', 3, DATE '2012-07-21', DATE '2012-08-18', DATE '2012-07-23', 1, 7.70, 'Franchi S.p.A.', 'Via Monte Bianco 34', 'Torino', NULL, '10100', 'Italy'),
(10754, 'MAGAA', 6, DATE '2012-07-21', DATE '2012-08-18', DATE '2012-07-23', 3, 2.38, 'Magazzini Alimentari Riuniti', 'Via Ludovico il Moro 22', 'Bergamo', NULL, '24100', 'Italy'),
(10755, 'BONAP', 4, DATE '2012-07-22', DATE '2012-08-19', DATE '2012-07-24', 2, 16.71, 'Bon app''', '12, rue des Bouchers', 'Marseille', NULL, '13008', 'France'),
(10756, 'SPLIR', 8, DATE '2012-07-23', DATE '2012-08-20', DATE '2012-07-28', 2, 73.21, 'Split Rail Beer & Ale', 'P.O. Box 555', 'Lander', 'WY', '82520', 'USA'),
(10757, 'SAVEA', 6, DATE '2012-07-23', DATE '2012-08-20', DATE '2012-08-10', 1, 8.19, 'Save-a-lot Markets', '187 Suffolk Ln.', 'Boise', 'ID', '83720', 'USA'),
(10758, 'RICSU', 3, DATE '2012-07-24', DATE '2012-08-21', DATE '2012-07-30', 3, 138.17, 'Richter Supermarkt', 'Starenweg 5', STRINGDECODE('Gen\u00e8ve'), NULL, '1204', 'Switzerland'),
(10759, 'ANATR', 3, DATE '2012-07-24', DATE '2012-08-21', DATE '2012-08-07', 3, 11.99, 'Ana Trujillo Emparedados y helados', STRINGDECODE('Avda. de la Constituci\u00f3n 2222'), STRINGDECODE('M\u00e9xico D.F.'), NULL, '05021', 'Mexico'),
(10760, 'MAISD', 4, DATE '2012-07-27', DATE '2012-08-24', DATE '2012-08-05', 1, 155.64, 'Maison Dewey', 'Rue Joseph-Bens 532', 'Bruxelles', NULL, 'B-1180', 'Belgium'),
(10761, 'RATTC', 5, DATE '2012-07-28', DATE '2012-08-25', DATE '2012-08-03', 2, 18.66, 'Rattlesnake Canyon Grocery', '2817 Milton Dr.', 'Albuquerque', 'NM', '87110', 'USA'),
(10762, 'FOLKO', 3, DATE '2012-07-28', DATE '2012-08-25', DATE '2012-08-04', 1, 328.74, 'Folk och f?HB', STRINGDECODE('\u00c5kergatan 24'), STRINGDECODE('Br\u00e4cke'), NULL, 'S-844 67', 'Sweden'),
(10763, 'FOLIG', 3, DATE '2012-07-29', DATE '2012-08-26', DATE '2012-08-03', 3, 37.35, 'Folies gourmandes', STRINGDECODE('184, chauss\u00e9e de Tournai'), 'Lille', NULL, '59000', 'France'),
(10764, 'ERNSH', 6, DATE '2012-07-29', DATE '2012-08-26', DATE '2012-08-03', 3, 145.45, 'Ernst Handel', 'Kirchgasse 6', 'Graz', NULL, '8010', 'Austria'),
(10765, 'QUICK', 3, DATE '2012-07-30', DATE '2012-08-27', DATE '2012-08-04', 3, 42.74, 'QUICK-Stop', STRINGDECODE('Taucherstra\u00dfe 10'), 'Cunewalde', NULL, '01307', 'Germany'),
(10766, 'OTTIK', 4, DATE '2012-07-31', DATE '2012-08-28', DATE '2012-08-04', 1, 157.55, STRINGDECODE('Ottilies K\u00e4seladen'), 'Mehrheimerstr. 369', STRINGDECODE('K\u00f6ln'), NULL, '50739', 'Germany'),
(10767, 'SUPRD', 4, DATE '2012-07-31', DATE '2012-08-28', DATE '2012-08-10', 3, 1.59, STRINGDECODE('Supr\u00eames d\u00e9lices'), 'Boulevard Tirou, 255', 'Charleroi', NULL, 'B-6000', 'Belgium');
INSERT INTO PUBLIC.ORDERS(ID, CUSTOMER_ID, EMPLOYEE_ID, ORDER_DATE, REQUIRED_DATE, SHIPPED_DATE, SHIP_VIA, FREIGHT, SHIP_NAME, SHIP_ADDRESS, SHIP_CITY, SHIP_REGION, SHIP_POSTAL_CODE, SHIP_COUNTRY) VALUES
(10768, 'AROUT', 3, DATE '2012-08-03', DATE '2012-08-31', DATE '2012-08-10', 2, 146.32, 'Around the Horn', STRINGDECODE('Brook Farm\nStratford St. Mary'), 'Colchester', 'Essex', 'CO7 6JX', 'UK'),
(10769, 'VAFFE', 3, DATE '2012-08-03', DATE '2012-08-31', DATE '2012-08-07', 1, 65.06, 'Vaffeljernet', STRINGDECODE('Smagsl\u00f8get 45'), STRINGDECODE('\u00c5rhus'), NULL, '8200', 'Denmark'),
(10770, 'HANAR', 8, DATE '2012-08-04', DATE '2012-09-01', DATE '2012-08-12', 3, 5.32, 'Hanari Carnes', STRINGDECODE('Rua do Pa\u00e7o, 67'), 'Rio de Janeiro', 'RJ', '05454-876', 'Brazil'),
(10771, 'ERNSH', 9, DATE '2012-08-05', DATE '2012-09-02', DATE '2012-08-28', 2, 11.19, 'Ernst Handel', 'Kirchgasse 6', 'Graz', NULL, '8010', 'Austria'),
(10772, 'LEHMS', 3, DATE '2012-08-05', DATE '2012-09-02', DATE '2012-08-14', 2, 91.28, 'Lehmanns Marktstand', 'Magazinweg 7', 'Frankfurt a.M. ', NULL, '60528', 'Germany'),
(10773, 'ERNSH', 1, DATE '2012-08-06', DATE '2012-09-03', DATE '2012-08-11', 3, 96.43, 'Ernst Handel', 'Kirchgasse 6', 'Graz', NULL, '8010', 'Austria'),
(10774, 'FOLKO', 4, DATE '2012-08-06', DATE '2012-08-20', DATE '2012-08-07', 1, 48.20, 'Folk och f?HB', STRINGDECODE('\u00c5kergatan 24'), STRINGDECODE('Br\u00e4cke'), NULL, 'S-844 67', 'Sweden'),
(10775, 'THECR', 7, DATE '2012-08-07', DATE '2012-09-04', DATE '2012-08-21', 1, 20.25, 'The Cracker Box', '55 Grizzly Peak Rd.', 'Butte', 'MT', '59801', 'USA'),
(10776, 'ERNSH', 1, DATE '2012-08-10', DATE '2012-09-07', DATE '2012-08-13', 3, 351.53, 'Ernst Handel', 'Kirchgasse 6', 'Graz', NULL, '8010', 'Austria'),
(10777, 'GOURL', 7, DATE '2012-08-10', DATE '2012-08-24', DATE '2012-09-16', 2, 3.01, 'Gourmet Lanchonetes', 'Av. Brasil, 442', 'Campinas', 'SP', '04876-786', 'Brazil'),
(10778, 'BERGS', 3, DATE '2012-08-11', DATE '2012-09-08', DATE '2012-08-19', 1, 6.79, STRINGDECODE('Berglunds snabbk\u00f6p'), STRINGDECODE('Berguvsv\u00e4gen  8'), 'Lule?', NULL, 'S-958 22', 'Sweden'),
(10779, 'MORGK', 3, DATE '2012-08-11', DATE '2012-09-08', DATE '2012-09-09', 2, 58.13, 'Morgenstern Gesundkost', 'Heerstr. 22', 'Leipzig', NULL, '04179', 'Germany'),
(10780, 'LILAS', 2, DATE '2012-08-11', DATE '2012-08-25', DATE '2012-08-20', 1, 42.13, 'LILA-Supermercado', STRINGDECODE('Carrera 52 con Ave. Bol\u00edvar #65-98 Llano Largo'), 'Barquisimeto', 'Lara', '3508', 'Venezuela'),
(10781, 'WARTH', 2, DATE '2012-08-12', DATE '2012-09-09', DATE '2012-08-14', 3, 73.16, 'Wartian Herkku', 'Torikatu 38', 'Oulu', NULL, '90110', 'Finland'),
(10782, 'CACTU', 9, DATE '2012-08-12', DATE '2012-09-09', DATE '2012-08-17', 3, 1.10, 'Cactus Comidas para llevar', 'Cerrito 333', 'Buenos Aires', NULL, '1010', 'Argentina'),
(10783, 'HANAR', 4, DATE '2012-08-13', DATE '2012-09-10', DATE '2012-08-14', 2, 124.98, 'Hanari Carnes', STRINGDECODE('Rua do Pa\u00e7o, 67'), 'Rio de Janeiro', 'RJ', '05454-876', 'Brazil'),
(10784, 'MAGAA', 4, DATE '2012-08-13', DATE '2012-09-10', DATE '2012-08-17', 3, 70.09, 'Magazzini Alimentari Riuniti', 'Via Ludovico il Moro 22', 'Bergamo', NULL, '24100', 'Italy'),
(10785, 'GROSR', 1, DATE '2012-08-13', DATE '2012-09-10', DATE '2012-08-19', 3, 1.51, 'GROSELLA-Restaurante', '5?Ave. Los Palos Grandes', 'Caracas', 'DF', '1081', 'Venezuela'),
(10786, 'QUEEN', 8, DATE '2012-08-14', DATE '2012-09-11', DATE '2012-08-18', 1, 110.87, 'Queen Cozinha', STRINGDECODE('Alameda dos Can\u00e0rios, 891'), STRINGDECODE('S\u00e3o Paulo'), 'SP', '05487-020', 'Brazil'),
(10787, 'LAMAI', 2, DATE '2012-08-14', DATE '2012-08-28', DATE '2012-08-21', 1, 249.93, 'La maison d''Asie', '1 rue Alsace-Lorraine', 'Toulouse', NULL, '31000', 'France'),
(10788, 'QUICK', 1, DATE '2012-08-17', DATE '2012-09-14', DATE '2012-09-14', 2, 42.70, 'QUICK-Stop', STRINGDECODE('Taucherstra\u00dfe 10'), 'Cunewalde', NULL, '01307', 'Germany'),
(10789, 'FOLIG', 1, DATE '2012-08-17', DATE '2012-09-14', DATE '2012-08-26', 2, 100.60, 'Folies gourmandes', STRINGDECODE('184, chauss\u00e9e de Tournai'), 'Lille', NULL, '59000', 'France');
INSERT INTO PUBLIC.ORDERS(ID, CUSTOMER_ID, EMPLOYEE_ID, ORDER_DATE, REQUIRED_DATE, SHIPPED_DATE, SHIP_VIA, FREIGHT, SHIP_NAME, SHIP_ADDRESS, SHIP_CITY, SHIP_REGION, SHIP_POSTAL_CODE, SHIP_COUNTRY) VALUES
(10790, 'GOURL', 6, DATE '2012-08-17', DATE '2012-09-14', DATE '2012-08-21', 1, 28.23, 'Gourmet Lanchonetes', 'Av. Brasil, 442', 'Campinas', 'SP', '04876-786', 'Brazil'),
(10791, 'FRANK', 6, DATE '2012-08-18', DATE '2012-09-15', DATE '2012-08-27', 2, 16.85, 'Frankenversand', 'Berliner Platz 43', STRINGDECODE('M\u00fcnchen'), NULL, '80805', 'Germany'),
(10792, 'WOLZA', 1, DATE '2012-08-18', DATE '2012-09-15', DATE '2012-08-26', 3, 23.79, 'Wolski Zajazd', 'ul. Filtrowa 68', 'Warszawa', NULL, '01-012', 'Poland'),
(10793, 'AROUT', 3, DATE '2012-08-19', DATE '2012-09-16', DATE '2012-09-03', 3, 4.52, 'Around the Horn', STRINGDECODE('Brook Farm\nStratford St. Mary'), 'Colchester', 'Essex', 'CO7 6JX', 'UK'),
(10794, 'QUEDE', 6, DATE '2012-08-19', DATE '2012-09-16', DATE '2012-08-28', 1, 21.49, STRINGDECODE('Que Del\u00edcia'), 'Rua da Panificadora, 12', 'Rio de Janeiro', 'RJ', '02389-673', 'Brazil'),
(10795, 'ERNSH', 8, DATE '2012-08-19', DATE '2012-09-16', DATE '2012-09-15', 2, 126.66, 'Ernst Handel', 'Kirchgasse 6', 'Graz', NULL, '8010', 'Austria'),
(10796, 'HILAA', 3, DATE '2012-08-20', DATE '2012-09-17', DATE '2012-09-09', 1, 26.52, STRINGDECODE('HILARI\u00d3N-Abastos'), 'Carrera 22 con Ave. Carlos Soublette #8-35', STRINGDECODE('San Crist\u00f3bal'), STRINGDECODE('T\u00e1chira'), '5022', 'Venezuela'),
(10797, 'DRACD', 7, DATE '2012-08-20', DATE '2012-09-17', DATE '2012-08-31', 2, 33.35, 'Drachenblut Delikatessen', 'Walserweg 21', 'Aachen', NULL, '52066', 'Germany'),
(10798, 'ISLAT', 2, DATE '2012-08-21', DATE '2012-09-18', DATE '2012-08-31', 1, 2.33, 'Island Trading', STRINGDECODE('Garden House\nCrowther Way'), 'Cowes', 'Isle of Wight', 'PO31 7PJ', 'UK'),
(10799, 'KOENE', 9, DATE '2012-08-21', DATE '2012-10-02', DATE '2012-08-31', 3, 30.76, STRINGDECODE('K\u00f6niglich Essen'), 'Maubelstr. 90', 'Brandenburg', NULL, '14776', 'Germany'),
(10800, 'SEVES', 1, DATE '2012-08-21', DATE '2012-09-18', DATE '2012-08-31', 3, 137.44, 'Seven Seas Imports', '90 Wadhurst Rd.', 'London', NULL, 'OX15 4NB', 'UK'),
(10801, 'BOLID', 4, DATE '2012-08-24', DATE '2012-09-21', DATE '2012-08-26', 2, 97.09, STRINGDECODE('B\u00f3lido Comidas preparadas'), 'C/ Araquil, 67', 'Madrid', NULL, '28023', 'Spain'),
(10802, 'SIMOB', 4, DATE '2012-08-24', DATE '2012-09-21', DATE '2012-08-28', 2, 257.26, 'Simons bistro', STRINGDECODE('Vinb\u00e6ltet 34'), STRINGDECODE('K\u00f8benhavn'), NULL, '1734', 'Denmark'),
(10803, 'WELLI', 4, DATE '2012-08-25', DATE '2012-09-22', DATE '2012-09-01', 1, 55.23, 'Wellington Importadora', 'Rua do Mercado, 12', 'Resende', 'SP', '08737-363', 'Brazil'),
(10804, 'SEVES', 6, DATE '2012-08-25', DATE '2012-09-22', DATE '2012-09-02', 2, 27.33, 'Seven Seas Imports', '90 Wadhurst Rd.', 'London', NULL, 'OX15 4NB', 'UK'),
(10805, 'THEBI', 2, DATE '2012-08-25', DATE '2012-09-22', DATE '2012-09-04', 3, 237.34, 'The Big Cheese', STRINGDECODE('89 Jefferson Way\nSuite 2'), 'Portland', 'OR', '97201', 'USA'),
(10806, 'VICTE', 3, DATE '2012-08-26', DATE '2012-09-23', DATE '2012-08-31', 2, 22.11, 'Victuailles en stock', '2, rue du Commerce', 'Lyon', NULL, '69004', 'France'),
(10807, 'FRANS', 4, DATE '2012-08-26', DATE '2012-09-23', DATE '2012-09-25', 1, 1.36, 'Franchi S.p.A.', 'Via Monte Bianco 34', 'Torino', NULL, '10100', 'Italy'),
(10808, 'OLDWO', 2, DATE '2012-08-27', DATE '2012-09-24', DATE '2012-09-04', 3, 45.53, 'Old World Delicatessen', '2743 Bering St.', 'Anchorage', 'AK', '99508', 'USA'),
(10809, 'WELLI', 7, DATE '2012-08-27', DATE '2012-09-24', DATE '2012-09-02', 1, 4.87, 'Wellington Importadora', 'Rua do Mercado, 12', 'Resende', 'SP', '08737-363', 'Brazil'),
(10810, 'LAUGB', 2, DATE '2012-08-27', DATE '2012-09-24', DATE '2012-09-02', 3, 4.33, 'Laughing Bacchus Wine Cellars', '2319 Elm St.', 'Vancouver', 'BC', 'V3F 2K1', 'Canada'),
(10811, 'LINOD', 8, DATE '2012-08-28', DATE '2012-09-25', DATE '2012-09-03', 1, 31.22, 'LINO-Delicateses', 'Ave. 5 de Mayo Porlamar', 'I. de Margarita', 'Nueva Esparta', '4980', 'Venezuela');
INSERT INTO PUBLIC.ORDERS(ID, CUSTOMER_ID, EMPLOYEE_ID, ORDER_DATE, REQUIRED_DATE, SHIPPED_DATE, SHIP_VIA, FREIGHT, SHIP_NAME, SHIP_ADDRESS, SHIP_CITY, SHIP_REGION, SHIP_POSTAL_CODE, SHIP_COUNTRY) VALUES
(10812, 'REGGC', 5, DATE '2012-08-28', DATE '2012-09-25', DATE '2012-09-07', 1, 59.78, 'Reggiani Caseifici', 'Strada Provinciale 124', 'Reggio Emilia', NULL, '42100', 'Italy'),
(10813, 'RICAR', 1, DATE '2012-08-31', DATE '2012-09-28', DATE '2012-09-04', 1, 47.38, 'Ricardo Adocicados', 'Av. Copacabana, 267', 'Rio de Janeiro', 'RJ', '02389-890', 'Brazil'),
(10814, 'VICTE', 3, DATE '2012-08-31', DATE '2012-09-28', DATE '2012-09-09', 3, 130.94, 'Victuailles en stock', '2, rue du Commerce', 'Lyon', NULL, '69004', 'France'),
(10815, 'SAVEA', 2, DATE '2012-08-31', DATE '2012-09-28', DATE '2012-09-09', 3, 14.62, 'Save-a-lot Markets', '187 Suffolk Ln.', 'Boise', 'ID', '83720', 'USA'),
(10816, 'GREAL', 4, DATE '2012-09-01', DATE '2012-09-29', DATE '2012-09-30', 2, 719.78, 'Great Lakes Food Market', '2732 Baker Blvd.', 'Eugene', 'OR', '97403', 'USA'),
(10817, 'KOENE', 3, DATE '2012-09-01', DATE '2012-09-15', DATE '2012-09-08', 2, 306.07, STRINGDECODE('K\u00f6niglich Essen'), 'Maubelstr. 90', 'Brandenburg', NULL, '14776', 'Germany'),
(10818, 'MAGAA', 7, DATE '2012-09-02', DATE '2012-09-30', DATE '2012-09-07', 3, 65.48, 'Magazzini Alimentari Riuniti', 'Via Ludovico il Moro 22', 'Bergamo', NULL, '24100', 'Italy'),
(10819, 'CACTU', 2, DATE '2012-09-02', DATE '2012-09-30', DATE '2012-09-11', 3, 19.76, 'Cactus Comidas para llevar', 'Cerrito 333', 'Buenos Aires', NULL, '1010', 'Argentina'),
(10820, 'RATTC', 3, DATE '2012-09-02', DATE '2012-09-30', DATE '2012-09-08', 2, 37.52, 'Rattlesnake Canyon Grocery', '2817 Milton Dr.', 'Albuquerque', 'NM', '87110', 'USA'),
(10821, 'SPLIR', 1, DATE '2012-09-03', DATE '2012-10-01', DATE '2012-09-10', 1, 36.68, 'Split Rail Beer & Ale', 'P.O. Box 555', 'Lander', 'WY', '82520', 'USA'),
(10822, 'TRAIH', 6, DATE '2012-09-03', DATE '2012-10-01', DATE '2012-09-11', 3, 7.00, 'Trail''s Head Gourmet Provisioners', '722 DaVinci Blvd.', 'Kirkland', 'WA', '98034', 'USA'),
(10823, 'LILAS', 5, DATE '2012-09-04', DATE '2012-10-02', DATE '2012-09-08', 2, 163.97, 'LILA-Supermercado', STRINGDECODE('Carrera 52 con Ave. Bol\u00edvar #65-98 Llano Largo'), 'Barquisimeto', 'Lara', '3508', 'Venezuela'),
(10824, 'FOLKO', 8, DATE '2012-09-04', DATE '2012-10-02', DATE '2012-09-25', 1, 1.23, 'Folk och f?HB', STRINGDECODE('\u00c5kergatan 24'), STRINGDECODE('Br\u00e4cke'), NULL, 'S-844 67', 'Sweden'),
(10825, 'DRACD', 1, DATE '2012-09-04', DATE '2012-10-02', DATE '2012-09-09', 1, 79.25, 'Drachenblut Delikatessen', 'Walserweg 21', 'Aachen', NULL, '52066', 'Germany'),
(10826, 'BLONP', 6, DATE '2012-09-07', DATE '2012-10-05', DATE '2012-10-02', 1, 7.09, STRINGDECODE('Blondel p\u00e8re et fils'), STRINGDECODE('24, place Kl\u00e9ber'), 'Strasbourg', NULL, '67000', 'France'),
(10827, 'BONAP', 1, DATE '2012-09-07', DATE '2012-09-21', DATE '2012-10-02', 2, 63.54, 'Bon app''', '12, rue des Bouchers', 'Marseille', NULL, '13008', 'France'),
(10828, 'RANCH', 9, DATE '2012-09-08', DATE '2012-09-22', DATE '2012-09-30', 1, 90.85, 'Rancho grande', 'Av. del Libertador 900', 'Buenos Aires', NULL, '1010', 'Argentina'),
(10829, 'ISLAT', 9, DATE '2012-09-08', DATE '2012-10-06', DATE '2012-09-18', 1, 154.72, 'Island Trading', STRINGDECODE('Garden House\nCrowther Way'), 'Cowes', 'Isle of Wight', 'PO31 7PJ', 'UK'),
(10830, 'TRADH', 4, DATE '2012-09-08', DATE '2012-10-20', DATE '2012-09-16', 2, 81.83, STRINGDECODE('Tradi\u00e7\u00e3o Hipermercados'), STRINGDECODE('Av. In\u00eas de Castro, 414'), STRINGDECODE('S\u00e3o Paulo'), 'SP', '05634-030', 'Brazil'),
(10831, 'SANTG', 3, DATE '2012-09-09', DATE '2012-10-07', DATE '2012-09-18', 2, 72.19, 'Sant?Gourmet', 'Erling Skakkes gate 78', 'Stavern', NULL, '4110', 'Norway'),
(10832, 'LAMAI', 2, DATE '2012-09-09', DATE '2012-10-07', DATE '2012-09-14', 2, 43.26, 'La maison d''Asie', '1 rue Alsace-Lorraine', 'Toulouse', NULL, '31000', 'France'),
(10833, 'OTTIK', 6, DATE '2012-09-10', DATE '2012-10-08', DATE '2012-09-18', 2, 71.49, STRINGDECODE('Ottilies K\u00e4seladen'), 'Mehrheimerstr. 369', STRINGDECODE('K\u00f6ln'), NULL, '50739', 'Germany');
INSERT INTO PUBLIC.ORDERS(ID, CUSTOMER_ID, EMPLOYEE_ID, ORDER_DATE, REQUIRED_DATE, SHIPPED_DATE, SHIP_VIA, FREIGHT, SHIP_NAME, SHIP_ADDRESS, SHIP_CITY, SHIP_REGION, SHIP_POSTAL_CODE, SHIP_COUNTRY) VALUES
(10834, 'TRADH', 1, DATE '2012-09-10', DATE '2012-10-08', DATE '2012-09-14', 3, 29.78, STRINGDECODE('Tradi\u00e7\u00e3o Hipermercados'), STRINGDECODE('Av. In\u00eas de Castro, 414'), STRINGDECODE('S\u00e3o Paulo'), 'SP', '05634-030', 'Brazil'),
(10835, 'ALFKI', 1, DATE '2012-09-10', DATE '2012-10-08', DATE '2012-09-16', 3, 69.53, 'Alfred''s Futterkiste', 'Obere Str. 57', 'Berlin', NULL, '12209', 'Germany'),
(10836, 'ERNSH', 7, DATE '2012-09-11', DATE '2012-10-09', DATE '2012-09-16', 1, 411.88, 'Ernst Handel', 'Kirchgasse 6', 'Graz', NULL, '8010', 'Austria'),
(10837, 'BERGS', 9, DATE '2012-09-11', DATE '2012-10-09', DATE '2012-09-18', 3, 13.32, STRINGDECODE('Berglunds snabbk\u00f6p'), STRINGDECODE('Berguvsv\u00e4gen  8'), 'Lule?', NULL, 'S-958 22', 'Sweden'),
(10838, 'LINOD', 3, DATE '2012-09-14', DATE '2012-10-12', DATE '2012-09-18', 3, 59.28, 'LINO-Delicateses', 'Ave. 5 de Mayo Porlamar', 'I. de Margarita', 'Nueva Esparta', '4980', 'Venezuela'),
(10839, 'TRADH', 3, DATE '2012-09-14', DATE '2012-10-12', DATE '2012-09-17', 3, 35.43, STRINGDECODE('Tradi\u00e7\u00e3o Hipermercados'), STRINGDECODE('Av. In\u00eas de Castro, 414'), STRINGDECODE('S\u00e3o Paulo'), 'SP', '05634-030', 'Brazil'),
(10840, 'LINOD', 4, DATE '2012-09-14', DATE '2012-10-26', DATE '2012-10-12', 2, 2.71, 'LINO-Delicateses', 'Ave. 5 de Mayo Porlamar', 'I. de Margarita', 'Nueva Esparta', '4980', 'Venezuela'),
(10841, 'SUPRD', 5, DATE '2012-09-15', DATE '2012-10-13', DATE '2012-09-24', 2, 424.30, STRINGDECODE('Supr\u00eames d\u00e9lices'), 'Boulevard Tirou, 255', 'Charleroi', NULL, 'B-6000', 'Belgium'),
(10842, 'TORTU', 1, DATE '2012-09-15', DATE '2012-10-13', DATE '2012-09-24', 3, 54.42, 'Tortuga Restaurante', 'Avda. Azteca 123', STRINGDECODE('M\u00e9xico D.F.'), NULL, '05033', 'Mexico'),
(10843, 'VICTE', 4, DATE '2012-09-16', DATE '2012-10-14', DATE '2012-09-21', 2, 9.26, 'Victuailles en stock', '2, rue du Commerce', 'Lyon', NULL, '69004', 'France'),
(10844, 'PICCO', 8, DATE '2012-09-16', DATE '2012-10-14', DATE '2012-09-21', 2, 25.22, 'Piccolo und mehr', 'Geislweg 14', 'Salzburg', NULL, '5020', 'Austria'),
(10845, 'QUICK', 8, DATE '2012-09-16', DATE '2012-09-30', DATE '2012-09-25', 1, 212.98, 'QUICK-Stop', STRINGDECODE('Taucherstra\u00dfe 10'), 'Cunewalde', NULL, '01307', 'Germany'),
(10846, 'SUPRD', 2, DATE '2012-09-17', DATE '2012-10-29', DATE '2012-09-18', 3, 56.46, STRINGDECODE('Supr\u00eames d\u00e9lices'), 'Boulevard Tirou, 255', 'Charleroi', NULL, 'B-6000', 'Belgium'),
(10847, 'SAVEA', 4, DATE '2012-09-17', DATE '2012-10-01', DATE '2012-10-06', 3, 487.57, 'Save-a-lot Markets', '187 Suffolk Ln.', 'Boise', 'ID', '83720', 'USA'),
(10848, 'CONSH', 7, DATE '2012-09-18', DATE '2012-10-16', DATE '2012-09-24', 2, 38.24, 'Consolidated Holdings', STRINGDECODE('Berkeley Gardens\n12  Brewery '), 'London', NULL, 'WX1 6LT', 'UK'),
(10849, 'KOENE', 9, DATE '2012-09-18', DATE '2012-10-16', DATE '2012-09-25', 2, 0.56, STRINGDECODE('K\u00f6niglich Essen'), 'Maubelstr. 90', 'Brandenburg', NULL, '14776', 'Germany'),
(10850, 'VICTE', 1, DATE '2012-09-18', DATE '2012-10-30', DATE '2012-09-25', 1, 49.19, 'Victuailles en stock', '2, rue du Commerce', 'Lyon', NULL, '69004', 'France'),
(10851, 'RICAR', 5, DATE '2012-09-21', DATE '2012-10-19', DATE '2012-09-28', 1, 160.55, 'Ricardo Adocicados', 'Av. Copacabana, 267', 'Rio de Janeiro', 'RJ', '02389-890', 'Brazil'),
(10852, 'RATTC', 8, DATE '2012-09-21', DATE '2012-10-05', DATE '2012-09-25', 1, 174.05, 'Rattlesnake Canyon Grocery', '2817 Milton Dr.', 'Albuquerque', 'NM', '87110', 'USA'),
(10853, 'BLAUS', 9, DATE '2012-09-22', DATE '2012-10-20', DATE '2012-09-29', 2, 53.83, 'Blauer See Delikatessen', 'Forsterstr. 57', 'Mannheim', NULL, '68306', 'Germany'),
(10854, 'ERNSH', 3, DATE '2012-09-22', DATE '2012-10-20', DATE '2012-10-01', 2, 100.22, 'Ernst Handel', 'Kirchgasse 6', 'Graz', NULL, '8010', 'Austria'),
(10855, 'OLDWO', 3, DATE '2012-09-22', DATE '2012-10-20', DATE '2012-09-30', 1, 170.97, 'Old World Delicatessen', '2743 Bering St.', 'Anchorage', 'AK', '99508', 'USA');
INSERT INTO PUBLIC.ORDERS(ID, CUSTOMER_ID, EMPLOYEE_ID, ORDER_DATE, REQUIRED_DATE, SHIPPED_DATE, SHIP_VIA, FREIGHT, SHIP_NAME, SHIP_ADDRESS, SHIP_CITY, SHIP_REGION, SHIP_POSTAL_CODE, SHIP_COUNTRY) VALUES
(10856, 'ANTON', 3, DATE '2012-09-23', DATE '2012-10-21', DATE '2012-10-06', 2, 58.43, STRINGDECODE('Antonio Moreno Taquer\u00eda'), 'Mataderos  2312', STRINGDECODE('M\u00e9xico D.F.'), NULL, '05023', 'Mexico'),
(10857, 'BERGS', 8, DATE '2012-09-23', DATE '2012-10-21', DATE '2012-10-02', 2, 188.85, STRINGDECODE('Berglunds snabbk\u00f6p'), STRINGDECODE('Berguvsv\u00e4gen  8'), 'Lule?', NULL, 'S-958 22', 'Sweden'),
(10858, 'LACOR', 2, DATE '2012-09-24', DATE '2012-10-22', DATE '2012-09-29', 1, 52.51, 'La corne d''abondance', '67, avenue de l''Europe', 'Versailles', NULL, '78000', 'France'),
(10859, 'FRANK', 1, DATE '2012-09-24', DATE '2012-10-22', DATE '2012-09-28', 2, 76.10, 'Frankenversand', 'Berliner Platz 43', STRINGDECODE('M\u00fcnchen'), NULL, '80805', 'Germany'),
(10860, 'FRANR', 3, DATE '2012-09-24', DATE '2012-10-22', DATE '2012-09-30', 3, 19.26, 'France restauration', '54, rue Royale', 'Nantes', NULL, '44000', 'France'),
(10861, 'WHITC', 4, DATE '2012-09-25', DATE '2012-10-23', DATE '2012-10-13', 2, 14.93, 'White Clover Markets', '1029 - 12th Ave. S.', 'Seattle', 'WA', '98124', 'USA'),
(10862, 'LEHMS', 8, DATE '2012-09-25', DATE '2012-11-06', DATE '2012-09-28', 2, 53.23, 'Lehmanns Marktstand', 'Magazinweg 7', 'Frankfurt a.M. ', NULL, '60528', 'Germany'),
(10863, 'HILAA', 4, DATE '2012-09-28', DATE '2012-10-26', DATE '2012-10-13', 2, 30.26, STRINGDECODE('HILARI\u00d3N-Abastos'), 'Carrera 22 con Ave. Carlos Soublette #8-35', STRINGDECODE('San Crist\u00f3bal'), STRINGDECODE('T\u00e1chira'), '5022', 'Venezuela'),
(10864, 'AROUT', 4, DATE '2012-09-28', DATE '2012-10-26', DATE '2012-10-05', 2, 3.04, 'Around the Horn', STRINGDECODE('Brook Farm\nStratford St. Mary'), 'Colchester', 'Essex', 'CO7 6JX', 'UK'),
(10865, 'QUICK', 2, DATE '2012-09-28', DATE '2012-10-12', DATE '2012-10-08', 1, 348.14, 'QUICK-Stop', STRINGDECODE('Taucherstra\u00dfe 10'), 'Cunewalde', NULL, '01307', 'Germany'),
(10866, 'BERGS', 5, DATE '2012-09-29', DATE '2012-10-27', DATE '2012-10-08', 1, 109.11, STRINGDECODE('Berglunds snabbk\u00f6p'), STRINGDECODE('Berguvsv\u00e4gen  8'), 'Lule?', NULL, 'S-958 22', 'Sweden'),
(10867, 'LONEP', 6, DATE '2012-09-29', DATE '2012-11-10', DATE '2012-10-07', 1, 1.93, 'Lonesome Pine Restaurant', '89 Chiaroscuro Rd.', 'Portland', 'OR', '97219', 'USA'),
(10868, 'QUEEN', 7, DATE '2012-09-30', DATE '2012-10-28', DATE '2012-10-19', 2, 191.27, 'Queen Cozinha', STRINGDECODE('Alameda dos Can\u00e0rios, 891'), STRINGDECODE('S\u00e3o Paulo'), 'SP', '05487-020', 'Brazil'),
(10869, 'SEVES', 5, DATE '2012-09-30', DATE '2012-10-28', DATE '2012-10-05', 1, 143.28, 'Seven Seas Imports', '90 Wadhurst Rd.', 'London', NULL, 'OX15 4NB', 'UK'),
(10870, 'WOLZA', 5, DATE '2012-09-30', DATE '2012-10-28', DATE '2012-10-09', 3, 12.04, 'Wolski Zajazd', 'ul. Filtrowa 68', 'Warszawa', NULL, '01-012', 'Poland'),
(10871, 'BONAP', 9, DATE '2012-10-01', DATE '2012-10-29', DATE '2012-10-06', 2, 112.27, 'Bon app''', '12, rue des Bouchers', 'Marseille', NULL, '13008', 'France'),
(10872, 'GODOS', 5, DATE '2012-10-01', DATE '2012-10-29', DATE '2012-10-05', 2, 175.32, STRINGDECODE('Godos Cocina T\u00edpica'), 'C/ Romero, 33', 'Sevilla', NULL, '41101', 'Spain'),
(10873, 'WILMK', 4, DATE '2012-10-02', DATE '2012-10-30', DATE '2012-10-05', 1, 0.82, 'Wilman Kala', 'Keskuskatu 45', 'Helsinki', NULL, '21240', 'Finland'),
(10874, 'GODOS', 5, DATE '2012-10-02', DATE '2012-10-30', DATE '2012-10-07', 2, 19.58, STRINGDECODE('Godos Cocina T\u00edpica'), 'C/ Romero, 33', 'Sevilla', NULL, '41101', 'Spain'),
(10875, 'BERGS', 4, DATE '2012-10-02', DATE '2012-10-30', DATE '2012-10-27', 2, 32.37, STRINGDECODE('Berglunds snabbk\u00f6p'), STRINGDECODE('Berguvsv\u00e4gen  8'), 'Lule?', NULL, 'S-958 22', 'Sweden'),
(10876, 'BONAP', 7, DATE '2012-10-05', DATE '2012-11-02', DATE '2012-10-08', 3, 60.42, 'Bon app''', '12, rue des Bouchers', 'Marseille', NULL, '13008', 'France'),
(10877, 'RICAR', 1, DATE '2012-10-05', DATE '2012-11-02', DATE '2012-10-15', 1, 38.06, 'Ricardo Adocicados', 'Av. Copacabana, 267', 'Rio de Janeiro', 'RJ', '02389-890', 'Brazil');
INSERT INTO PUBLIC.ORDERS(ID, CUSTOMER_ID, EMPLOYEE_ID, ORDER_DATE, REQUIRED_DATE, SHIPPED_DATE, SHIP_VIA, FREIGHT, SHIP_NAME, SHIP_ADDRESS, SHIP_CITY, SHIP_REGION, SHIP_POSTAL_CODE, SHIP_COUNTRY) VALUES
(10878, 'QUICK', 4, DATE '2012-10-06', DATE '2012-11-03', DATE '2012-10-08', 1, 46.69, 'QUICK-Stop', STRINGDECODE('Taucherstra\u00dfe 10'), 'Cunewalde', NULL, '01307', 'Germany'),
(10879, 'WILMK', 3, DATE '2012-10-06', DATE '2012-11-03', DATE '2012-10-08', 3, 8.50, 'Wilman Kala', 'Keskuskatu 45', 'Helsinki', NULL, '21240', 'Finland'),
(10880, 'FOLKO', 7, DATE '2012-10-06', DATE '2012-11-17', DATE '2012-10-14', 1, 88.01, 'Folk och f?HB', STRINGDECODE('\u00c5kergatan 24'), STRINGDECODE('Br\u00e4cke'), NULL, 'S-844 67', 'Sweden'),
(10881, 'CACTU', 4, DATE '2012-10-07', DATE '2012-11-04', DATE '2012-10-14', 1, 2.84, 'Cactus Comidas para llevar', 'Cerrito 333', 'Buenos Aires', NULL, '1010', 'Argentina'),
(10882, 'SAVEA', 4, DATE '2012-10-07', DATE '2012-11-04', DATE '2012-10-16', 3, 23.10, 'Save-a-lot Markets', '187 Suffolk Ln.', 'Boise', 'ID', '83720', 'USA'),
(10883, 'LONEP', 8, DATE '2012-10-08', DATE '2012-11-05', DATE '2012-10-16', 3, 0.53, 'Lonesome Pine Restaurant', '89 Chiaroscuro Rd.', 'Portland', 'OR', '97219', 'USA'),
(10884, 'LETSS', 4, DATE '2012-10-08', DATE '2012-11-05', DATE '2012-10-09', 2, 90.97, 'Let''s Stop N Shop', STRINGDECODE('87 Polk St.\nSuite 5'), 'San Francisco', 'CA', '94117', 'USA'),
(10885, 'SUPRD', 6, DATE '2012-10-08', DATE '2012-11-05', DATE '2012-10-14', 3, 5.64, STRINGDECODE('Supr\u00eames d\u00e9lices'), 'Boulevard Tirou, 255', 'Charleroi', NULL, 'B-6000', 'Belgium'),
(10886, 'HANAR', 1, DATE '2012-10-09', DATE '2012-11-06', DATE '2012-10-26', 1, 4.99, 'Hanari Carnes', STRINGDECODE('Rua do Pa\u00e7o, 67'), 'Rio de Janeiro', 'RJ', '05454-876', 'Brazil'),
(10887, 'GALED', 8, DATE '2012-10-09', DATE '2012-11-06', DATE '2012-10-12', 3, 1.25, STRINGDECODE('Galer\u00eda del gastron\u00f3mo'), STRINGDECODE('Rambla de Catalu\u00f1a, 23'), 'Barcelona', NULL, '8022', 'Spain'),
(10888, 'GODOS', 1, DATE '2012-10-12', DATE '2012-11-09', DATE '2012-10-19', 2, 51.87, STRINGDECODE('Godos Cocina T\u00edpica'), 'C/ Romero, 33', 'Sevilla', NULL, '41101', 'Spain'),
(10889, 'RATTC', 9, DATE '2012-10-12', DATE '2012-11-09', DATE '2012-10-19', 3, 280.61, 'Rattlesnake Canyon Grocery', '2817 Milton Dr.', 'Albuquerque', 'NM', '87110', 'USA'),
(10890, 'DUMON', 7, DATE '2012-10-12', DATE '2012-11-09', DATE '2012-10-14', 1, 32.76, 'Du monde entier', '67, rue des Cinquante Otages', 'Nantes', NULL, '44000', 'France'),
(10891, 'LEHMS', 7, DATE '2012-10-13', DATE '2012-11-10', DATE '2012-10-15', 2, 20.37, 'Lehmanns Marktstand', 'Magazinweg 7', 'Frankfurt a.M. ', NULL, '60528', 'Germany'),
(10892, 'MAISD', 4, DATE '2012-10-13', DATE '2012-11-10', DATE '2012-10-15', 2, 120.27, 'Maison Dewey', 'Rue Joseph-Bens 532', 'Bruxelles', NULL, 'B-1180', 'Belgium'),
(10893, 'KOENE', 9, DATE '2012-10-14', DATE '2012-11-11', DATE '2012-10-16', 2, 77.78, STRINGDECODE('K\u00f6niglich Essen'), 'Maubelstr. 90', 'Brandenburg', NULL, '14776', 'Germany'),
(10894, 'SAVEA', 1, DATE '2012-10-14', DATE '2012-11-11', DATE '2012-10-16', 1, 116.13, 'Save-a-lot Markets', '187 Suffolk Ln.', 'Boise', 'ID', '83720', 'USA'),
(10895, 'ERNSH', 3, DATE '2012-10-14', DATE '2012-11-11', DATE '2012-10-19', 1, 162.75, 'Ernst Handel', 'Kirchgasse 6', 'Graz', NULL, '8010', 'Austria'),
(10896, 'MAISD', 7, DATE '2012-10-15', DATE '2012-11-12', DATE '2012-10-23', 3, 32.45, 'Maison Dewey', 'Rue Joseph-Bens 532', 'Bruxelles', NULL, 'B-1180', 'Belgium'),
(10897, 'HUNGO', 3, DATE '2012-10-15', DATE '2012-11-12', DATE '2012-10-21', 2, 603.54, 'Hungry Owl All-Night Grocers', '8 Johnstown Road', 'Cork', 'Co. Cork', NULL, 'Ireland'),
(10898, 'OCEAN', 4, DATE '2012-10-16', DATE '2012-11-13', DATE '2012-10-30', 2, 1.27, STRINGDECODE('Oc\u00e9ano Atl\u00e1ntico Ltda.'), STRINGDECODE('Ing. Gustavo Moncada 8585\nPiso 20-A'), 'Buenos Aires', NULL, '1010', 'Argentina'),
(10899, 'LILAS', 5, DATE '2012-10-16', DATE '2012-11-13', DATE '2012-10-22', 3, 1.21, 'LILA-Supermercado', STRINGDECODE('Carrera 52 con Ave. Bol\u00edvar #65-98 Llano Largo'), 'Barquisimeto', 'Lara', '3508', 'Venezuela');
INSERT INTO PUBLIC.ORDERS(ID, CUSTOMER_ID, EMPLOYEE_ID, ORDER_DATE, REQUIRED_DATE, SHIPPED_DATE, SHIP_VIA, FREIGHT, SHIP_NAME, SHIP_ADDRESS, SHIP_CITY, SHIP_REGION, SHIP_POSTAL_CODE, SHIP_COUNTRY) VALUES
(10900, 'WELLI', 1, DATE '2012-10-16', DATE '2012-11-13', DATE '2012-10-28', 2, 1.66, 'Wellington Importadora', 'Rua do Mercado, 12', 'Resende', 'SP', '08737-363', 'Brazil'),
(10901, 'HILAA', 4, DATE '2012-10-19', DATE '2012-11-16', DATE '2012-10-22', 1, 62.09, STRINGDECODE('HILARI\u00d3N-Abastos'), 'Carrera 22 con Ave. Carlos Soublette #8-35', STRINGDECODE('San Crist\u00f3bal'), STRINGDECODE('T\u00e1chira'), '5022', 'Venezuela'),
(10902, 'FOLKO', 1, DATE '2012-10-19', DATE '2012-11-16', DATE '2012-10-27', 1, 44.15, 'Folk och f?HB', STRINGDECODE('\u00c5kergatan 24'), STRINGDECODE('Br\u00e4cke'), NULL, 'S-844 67', 'Sweden'),
(10903, 'HANAR', 3, DATE '2012-10-20', DATE '2012-11-17', DATE '2012-10-28', 3, 36.71, 'Hanari Carnes', STRINGDECODE('Rua do Pa\u00e7o, 67'), 'Rio de Janeiro', 'RJ', '05454-876', 'Brazil'),
(10904, 'WHITC', 3, DATE '2012-10-20', DATE '2012-11-17', DATE '2012-10-23', 3, 162.95, 'White Clover Markets', '1029 - 12th Ave. S.', 'Seattle', 'WA', '98124', 'USA'),
(10905, 'WELLI', 9, DATE '2012-10-20', DATE '2012-11-17', DATE '2012-10-30', 2, 13.72, 'Wellington Importadora', 'Rua do Mercado, 12', 'Resende', 'SP', '08737-363', 'Brazil'),
(10906, 'WOLZA', 4, DATE '2012-10-21', DATE '2012-11-04', DATE '2012-10-27', 3, 26.29, 'Wolski Zajazd', 'ul. Filtrowa 68', 'Warszawa', NULL, '01-012', 'Poland'),
(10907, 'SPECD', 6, DATE '2012-10-21', DATE '2012-11-18', DATE '2012-10-23', 3, 9.19, STRINGDECODE('Sp\u00e9cialit\u00e9s du monde'), '25, rue Lauriston', 'Paris', NULL, '75016', 'France'),
(10908, 'REGGC', 4, DATE '2012-10-22', DATE '2012-11-19', DATE '2012-10-30', 2, 32.96, 'Reggiani Caseifici', 'Strada Provinciale 124', 'Reggio Emilia', NULL, '42100', 'Italy'),
(10909, 'SANTG', 1, DATE '2012-10-22', DATE '2012-11-19', DATE '2012-11-03', 2, 53.05, 'Sant?Gourmet', 'Erling Skakkes gate 78', 'Stavern', NULL, '4110', 'Norway'),
(10910, 'WILMK', 1, DATE '2012-10-22', DATE '2012-11-19', DATE '2012-10-28', 3, 38.11, 'Wilman Kala', 'Keskuskatu 45', 'Helsinki', NULL, '21240', 'Finland'),
(10911, 'GODOS', 3, DATE '2012-10-22', DATE '2012-11-19', DATE '2012-10-29', 1, 38.19, STRINGDECODE('Godos Cocina T\u00edpica'), 'C/ Romero, 33', 'Sevilla', NULL, '41101', 'Spain'),
(10912, 'HUNGO', 2, DATE '2012-10-22', DATE '2012-11-19', DATE '2012-11-11', 2, 580.91, 'Hungry Owl All-Night Grocers', '8 Johnstown Road', 'Cork', 'Co. Cork', NULL, 'Ireland'),
(10913, 'QUEEN', 4, DATE '2012-10-22', DATE '2012-11-19', DATE '2012-10-28', 1, 33.05, 'Queen Cozinha', STRINGDECODE('Alameda dos Can\u00e0rios, 891'), STRINGDECODE('S\u00e3o Paulo'), 'SP', '05487-020', 'Brazil'),
(10914, 'QUEEN', 6, DATE '2012-10-23', DATE '2012-11-20', DATE '2012-10-26', 1, 21.19, 'Queen Cozinha', STRINGDECODE('Alameda dos Can\u00e0rios, 891'), STRINGDECODE('S\u00e3o Paulo'), 'SP', '05487-020', 'Brazil'),
(10915, 'TORTU', 2, DATE '2012-10-23', DATE '2012-11-20', DATE '2012-10-26', 2, 3.51, 'Tortuga Restaurante', 'Avda. Azteca 123', STRINGDECODE('M\u00e9xico D.F.'), NULL, '05033', 'Mexico'),
(10916, 'RANCH', 1, DATE '2012-10-23', DATE '2012-11-20', DATE '2012-11-02', 2, 63.77, 'Rancho grande', 'Av. del Libertador 900', 'Buenos Aires', NULL, '1010', 'Argentina'),
(10917, 'ROMEY', 4, DATE '2012-10-26', DATE '2012-11-23', DATE '2012-11-04', 2, 8.29, 'Romero y tomillo', STRINGDECODE('Gran V\u00eda, 1'), 'Madrid', NULL, '28001', 'Spain'),
(10918, 'BOTTM', 3, DATE '2012-10-26', DATE '2012-11-23', DATE '2012-11-04', 3, 48.83, 'Bottom-Dollar Markets', '23 Tsawassen Blvd.', 'Tsawassen', 'BC', 'T2F 8M4', 'Canada'),
(10919, 'LINOD', 2, DATE '2012-10-26', DATE '2012-11-23', DATE '2012-10-28', 2, 19.80, 'LINO-Delicateses', 'Ave. 5 de Mayo Porlamar', 'I. de Margarita', 'Nueva Esparta', '4980', 'Venezuela'),
(10920, 'AROUT', 4, DATE '2012-10-27', DATE '2012-11-24', DATE '2012-11-02', 2, 29.61, 'Around the Horn', STRINGDECODE('Brook Farm\nStratford St. Mary'), 'Colchester', 'Essex', 'CO7 6JX', 'UK');
INSERT INTO PUBLIC.ORDERS(ID, CUSTOMER_ID, EMPLOYEE_ID, ORDER_DATE, REQUIRED_DATE, SHIPPED_DATE, SHIP_VIA, FREIGHT, SHIP_NAME, SHIP_ADDRESS, SHIP_CITY, SHIP_REGION, SHIP_POSTAL_CODE, SHIP_COUNTRY) VALUES
(10921, 'VAFFE', 1, DATE '2012-10-27', DATE '2012-12-08', DATE '2012-11-02', 1, 176.48, 'Vaffeljernet', STRINGDECODE('Smagsl\u00f8get 45'), STRINGDECODE('\u00c5rhus'), NULL, '8200', 'Denmark'),
(10922, 'HANAR', 5, DATE '2012-10-27', DATE '2012-11-24', DATE '2012-10-29', 3, 62.74, 'Hanari Carnes', STRINGDECODE('Rua do Pa\u00e7o, 67'), 'Rio de Janeiro', 'RJ', '05454-876', 'Brazil'),
(10923, 'LAMAI', 7, DATE '2012-10-27', DATE '2012-12-08', DATE '2012-11-06', 3, 68.26, 'La maison d''Asie', '1 rue Alsace-Lorraine', 'Toulouse', NULL, '31000', 'France'),
(10924, 'BERGS', 3, DATE '2012-10-28', DATE '2012-11-25', DATE '2012-12-02', 2, 151.52, STRINGDECODE('Berglunds snabbk\u00f6p'), STRINGDECODE('Berguvsv\u00e4gen  8'), 'Lule?', NULL, 'S-958 22', 'Sweden'),
(10925, 'HANAR', 3, DATE '2012-10-28', DATE '2012-11-25', DATE '2012-11-06', 1, 2.27, 'Hanari Carnes', STRINGDECODE('Rua do Pa\u00e7o, 67'), 'Rio de Janeiro', 'RJ', '05454-876', 'Brazil'),
(10926, 'ANATR', 4, DATE '2012-10-28', DATE '2012-11-25', DATE '2012-11-04', 3, 39.92, 'Ana Trujillo Emparedados y helados', STRINGDECODE('Avda. de la Constituci\u00f3n 2222'), STRINGDECODE('M\u00e9xico D.F.'), NULL, '05021', 'Mexico'),
(10927, 'LACOR', 4, DATE '2012-10-29', DATE '2012-11-26', DATE '2012-12-02', 1, 19.79, 'La corne d''abondance', '67, avenue de l''Europe', 'Versailles', NULL, '78000', 'France'),
(10928, 'GALED', 1, DATE '2012-10-29', DATE '2012-11-26', DATE '2012-11-11', 1, 1.36, STRINGDECODE('Galer\u00eda del gastron\u00f3mo'), STRINGDECODE('Rambla de Catalu\u00f1a, 23'), 'Barcelona', NULL, '8022', 'Spain'),
(10929, 'FRANK', 6, DATE '2012-10-29', DATE '2012-11-26', DATE '2012-11-05', 1, 33.93, 'Frankenversand', 'Berliner Platz 43', STRINGDECODE('M\u00fcnchen'), NULL, '80805', 'Germany'),
(10930, 'SUPRD', 4, DATE '2012-10-30', DATE '2012-12-11', DATE '2012-11-11', 3, 15.55, STRINGDECODE('Supr\u00eames d\u00e9lices'), 'Boulevard Tirou, 255', 'Charleroi', NULL, 'B-6000', 'Belgium'),
(10931, 'RICSU', 4, DATE '2012-10-30', DATE '2012-11-13', DATE '2012-11-12', 2, 13.60, 'Richter Supermarkt', 'Starenweg 5', STRINGDECODE('Gen\u00e8ve'), NULL, '1204', 'Switzerland'),
(10932, 'BONAP', 8, DATE '2012-10-30', DATE '2012-11-27', DATE '2012-11-17', 1, 134.64, 'Bon app''', '12, rue des Bouchers', 'Marseille', NULL, '13008', 'France'),
(10933, 'ISLAT', 6, DATE '2012-10-30', DATE '2012-11-27', DATE '2012-11-09', 3, 54.15, 'Island Trading', STRINGDECODE('Garden House\nCrowther Way'), 'Cowes', 'Isle of Wight', 'PO31 7PJ', 'UK'),
(10934, 'LEHMS', 3, DATE '2012-11-02', DATE '2012-11-30', DATE '2012-11-05', 3, 32.01, 'Lehmanns Marktstand', 'Magazinweg 7', 'Frankfurt a.M. ', NULL, '60528', 'Germany'),
(10935, 'WELLI', 4, DATE '2012-11-02', DATE '2012-11-30', DATE '2012-11-11', 3, 47.59, 'Wellington Importadora', 'Rua do Mercado, 12', 'Resende', 'SP', '08737-363', 'Brazil'),
(10936, 'GREAL', 3, DATE '2012-11-02', DATE '2012-11-30', DATE '2012-11-11', 2, 33.68, 'Great Lakes Food Market', '2732 Baker Blvd.', 'Eugene', 'OR', '97403', 'USA'),
(10937, 'CACTU', 7, DATE '2012-11-03', DATE '2012-11-17', DATE '2012-11-06', 3, 31.51, 'Cactus Comidas para llevar', 'Cerrito 333', 'Buenos Aires', NULL, '1010', 'Argentina'),
(10938, 'QUICK', 3, DATE '2012-11-03', DATE '2012-12-01', DATE '2012-11-09', 2, 31.89, 'QUICK-Stop', STRINGDECODE('Taucherstra\u00dfe 10'), 'Cunewalde', NULL, '01307', 'Germany'),
(10939, 'MAGAA', 2, DATE '2012-11-03', DATE '2012-12-01', DATE '2012-11-06', 2, 76.33, 'Magazzini Alimentari Riuniti', 'Via Ludovico il Moro 22', 'Bergamo', NULL, '24100', 'Italy'),
(10940, 'BONAP', 8, DATE '2012-11-04', DATE '2012-12-02', DATE '2012-11-16', 3, 19.77, 'Bon app''', '12, rue des Bouchers', 'Marseille', NULL, '13008', 'France'),
(10941, 'SAVEA', 7, DATE '2012-11-04', DATE '2012-12-02', DATE '2012-11-13', 2, 400.81, 'Save-a-lot Markets', '187 Suffolk Ln.', 'Boise', 'ID', '83720', 'USA'),
(10942, 'REGGC', 9, DATE '2012-11-04', DATE '2012-12-02', DATE '2012-11-11', 3, 17.95, 'Reggiani Caseifici', 'Strada Provinciale 124', 'Reggio Emilia', NULL, '42100', 'Italy');
INSERT INTO PUBLIC.ORDERS(ID, CUSTOMER_ID, EMPLOYEE_ID, ORDER_DATE, REQUIRED_DATE, SHIPPED_DATE, SHIP_VIA, FREIGHT, SHIP_NAME, SHIP_ADDRESS, SHIP_CITY, SHIP_REGION, SHIP_POSTAL_CODE, SHIP_COUNTRY) VALUES
(10943, 'BSBEV', 4, DATE '2012-11-04', DATE '2012-12-02', DATE '2012-11-12', 2, 2.17, 'B''s Beverages', 'Fauntleroy Circus', 'London', NULL, 'EC2 5NT', 'UK'),
(10944, 'BOTTM', 6, DATE '2012-11-05', DATE '2012-11-19', DATE '2012-11-06', 3, 52.92, 'Bottom-Dollar Markets', '23 Tsawassen Blvd.', 'Tsawassen', 'BC', 'T2F 8M4', 'Canada'),
(10945, 'MORGK', 4, DATE '2012-11-05', DATE '2012-12-03', DATE '2012-11-11', 1, 10.22, 'Morgenstern Gesundkost', 'Heerstr. 22', 'Leipzig', NULL, '04179', 'Germany'),
(10946, 'VAFFE', 1, DATE '2012-11-05', DATE '2012-12-03', DATE '2012-11-12', 2, 27.20, 'Vaffeljernet', STRINGDECODE('Smagsl\u00f8get 45'), STRINGDECODE('\u00c5rhus'), NULL, '8200', 'Denmark'),
(10947, 'BSBEV', 3, DATE '2012-11-06', DATE '2012-12-04', DATE '2012-11-09', 2, 3.26, 'B''s Beverages', 'Fauntleroy Circus', 'London', NULL, 'EC2 5NT', 'UK'),
(10948, 'GODOS', 3, DATE '2012-11-06', DATE '2012-12-04', DATE '2012-11-12', 3, 23.39, STRINGDECODE('Godos Cocina T\u00edpica'), 'C/ Romero, 33', 'Sevilla', NULL, '41101', 'Spain'),
(10949, 'BOTTM', 2, DATE '2012-11-06', DATE '2012-12-04', DATE '2012-11-10', 3, 74.44, 'Bottom-Dollar Markets', '23 Tsawassen Blvd.', 'Tsawassen', 'BC', 'T2F 8M4', 'Canada'),
(10950, 'MAGAA', 1, DATE '2012-11-09', DATE '2012-12-07', DATE '2012-11-16', 2, 2.50, 'Magazzini Alimentari Riuniti', 'Via Ludovico il Moro 22', 'Bergamo', NULL, '24100', 'Italy'),
(10951, 'RICSU', 9, DATE '2012-11-09', DATE '2012-12-21', DATE '2012-12-01', 2, 30.85, 'Richter Supermarkt', 'Starenweg 5', STRINGDECODE('Gen\u00e8ve'), NULL, '1204', 'Switzerland'),
(10952, 'ALFKI', 1, DATE '2012-11-09', DATE '2012-12-21', DATE '2012-11-17', 1, 40.42, 'Alfred''s Futterkiste', 'Obere Str. 57', 'Berlin', NULL, '12209', 'Germany'),
(10953, 'AROUT', 9, DATE '2012-11-09', DATE '2012-11-23', DATE '2012-11-18', 2, 23.72, 'Around the Horn', STRINGDECODE('Brook Farm\nStratford St. Mary'), 'Colchester', 'Essex', 'CO7 6JX', 'UK'),
(10954, 'LINOD', 5, DATE '2012-11-10', DATE '2012-12-22', DATE '2012-11-13', 1, 27.91, 'LINO-Delicateses', 'Ave. 5 de Mayo Porlamar', 'I. de Margarita', 'Nueva Esparta', '4980', 'Venezuela'),
(10955, 'FOLKO', 8, DATE '2012-11-10', DATE '2012-12-08', DATE '2012-11-13', 2, 3.26, 'Folk och f?HB', STRINGDECODE('\u00c5kergatan 24'), STRINGDECODE('Br\u00e4cke'), NULL, 'S-844 67', 'Sweden'),
(10956, 'BLAUS', 6, DATE '2012-11-10', DATE '2012-12-22', DATE '2012-11-13', 2, 44.65, 'Blauer See Delikatessen', 'Forsterstr. 57', 'Mannheim', NULL, '68306', 'Germany'),
(10957, 'HILAA', 8, DATE '2012-11-11', DATE '2012-12-09', DATE '2012-11-20', 3, 105.36, STRINGDECODE('HILARI\u00d3N-Abastos'), 'Carrera 22 con Ave. Carlos Soublette #8-35', STRINGDECODE('San Crist\u00f3bal'), STRINGDECODE('T\u00e1chira'), '5022', 'Venezuela'),
(10958, 'OCEAN', 7, DATE '2012-11-11', DATE '2012-12-09', DATE '2012-11-20', 2, 49.56, STRINGDECODE('Oc\u00e9ano Atl\u00e1ntico Ltda.'), STRINGDECODE('Ing. Gustavo Moncada 8585\nPiso 20-A'), 'Buenos Aires', NULL, '1010', 'Argentina'),
(10959, 'GOURL', 6, DATE '2012-11-11', DATE '2012-12-23', DATE '2012-11-16', 2, 4.98, 'Gourmet Lanchonetes', 'Av. Brasil, 442', 'Campinas', 'SP', '04876-786', 'Brazil'),
(10960, 'HILAA', 3, DATE '2012-11-12', DATE '2012-11-26', DATE '2012-12-02', 1, 2.08, STRINGDECODE('HILARI\u00d3N-Abastos'), 'Carrera 22 con Ave. Carlos Soublette #8-35', STRINGDECODE('San Crist\u00f3bal'), STRINGDECODE('T\u00e1chira'), '5022', 'Venezuela'),
(10961, 'QUEEN', 8, DATE '2012-11-12', DATE '2012-12-10', DATE '2012-11-23', 1, 104.47, 'Queen Cozinha', STRINGDECODE('Alameda dos Can\u00e0rios, 891'), STRINGDECODE('S\u00e3o Paulo'), 'SP', '05487-020', 'Brazil'),
(10962, 'QUICK', 8, DATE '2012-11-12', DATE '2012-12-10', DATE '2012-11-16', 2, 275.79, 'QUICK-Stop', STRINGDECODE('Taucherstra\u00dfe 10'), 'Cunewalde', NULL, '01307', 'Germany'),
(10963, 'FURIB', 9, DATE '2012-11-12', DATE '2012-12-10', DATE '2012-11-19', 3, 2.70, 'Furia Bacalhau e Frutos do Mar', 'Jardim das rosas n. 32', 'Lisboa', NULL, '1675', 'Portugal');
INSERT INTO PUBLIC.ORDERS(ID, CUSTOMER_ID, EMPLOYEE_ID, ORDER_DATE, REQUIRED_DATE, SHIPPED_DATE, SHIP_VIA, FREIGHT, SHIP_NAME, SHIP_ADDRESS, SHIP_CITY, SHIP_REGION, SHIP_POSTAL_CODE, SHIP_COUNTRY) VALUES
(10964, 'SPECD', 3, DATE '2012-11-13', DATE '2012-12-11', DATE '2012-11-17', 2, 87.38, STRINGDECODE('Sp\u00e9cialit\u00e9s du monde'), '25, rue Lauriston', 'Paris', NULL, '75016', 'France'),
(10965, 'OLDWO', 6, DATE '2012-11-13', DATE '2012-12-11', DATE '2012-11-23', 3, 144.38, 'Old World Delicatessen', '2743 Bering St.', 'Anchorage', 'AK', '99508', 'USA'),
(10966, 'CHOPS', 4, DATE '2012-11-13', DATE '2012-12-11', DATE '2012-12-02', 1, 27.19, 'Chop-suey Chinese', 'Hauptstr. 31', 'Bern', NULL, '3012', 'Switzerland'),
(10967, 'TOMSP', 2, DATE '2012-11-16', DATE '2012-12-14', DATE '2012-11-26', 2, 62.22, STRINGDECODE('Toms Spezialit\u00e4ten'), 'Luisenstr. 48', STRINGDECODE('M\u00fcnster'), NULL, '44087', 'Germany'),
(10968, 'ERNSH', 1, DATE '2012-11-16', DATE '2012-12-14', DATE '2012-11-25', 3, 74.60, 'Ernst Handel', 'Kirchgasse 6', 'Graz', NULL, '8010', 'Austria'),
(10969, 'COMMI', 1, DATE '2012-11-16', DATE '2012-12-14', DATE '2012-11-23', 2, 0.21, STRINGDECODE('Com\u00e9rcio Mineiro'), STRINGDECODE('Av. dos Lus\u00edadas, 23'), STRINGDECODE('S\u00e3o Paulo'), 'SP', '05432-043', 'Brazil'),
(10970, 'BOLID', 9, DATE '2012-11-17', DATE '2012-12-01', DATE '2012-12-18', 1, 16.16, STRINGDECODE('B\u00f3lido Comidas preparadas'), 'C/ Araquil, 67', 'Madrid', NULL, '28023', 'Spain'),
(10971, 'FRANR', 2, DATE '2012-11-17', DATE '2012-12-15', DATE '2012-11-26', 2, 121.82, 'France restauration', '54, rue Royale', 'Nantes', NULL, '44000', 'France'),
(10972, 'LACOR', 4, DATE '2012-11-17', DATE '2012-12-15', DATE '2012-11-19', 2, 0.02, 'La corne d''abondance', '67, avenue de l''Europe', 'Versailles', NULL, '78000', 'France'),
(10973, 'LACOR', 6, DATE '2012-11-17', DATE '2012-12-15', DATE '2012-11-20', 2, 15.17, 'La corne d''abondance', '67, avenue de l''Europe', 'Versailles', NULL, '78000', 'France'),
(10974, 'SPLIR', 3, DATE '2012-11-18', DATE '2012-12-02', DATE '2012-11-27', 3, 12.96, 'Split Rail Beer & Ale', 'P.O. Box 555', 'Lander', 'WY', '82520', 'USA'),
(10975, 'BOTTM', 1, DATE '2012-11-18', DATE '2012-12-16', DATE '2012-11-20', 3, 32.27, 'Bottom-Dollar Markets', '23 Tsawassen Blvd.', 'Tsawassen', 'BC', 'T2F 8M4', 'Canada'),
(10976, 'HILAA', 1, DATE '2012-11-18', DATE '2012-12-30', DATE '2012-11-27', 1, 37.97, STRINGDECODE('HILARI\u00d3N-Abastos'), 'Carrera 22 con Ave. Carlos Soublette #8-35', STRINGDECODE('San Crist\u00f3bal'), STRINGDECODE('T\u00e1chira'), '5022', 'Venezuela'),
(10977, 'FOLKO', 8, DATE '2012-11-19', DATE '2012-12-17', DATE '2012-12-04', 3, 208.50, 'Folk och f?HB', STRINGDECODE('\u00c5kergatan 24'), STRINGDECODE('Br\u00e4cke'), NULL, 'S-844 67', 'Sweden'),
(10978, 'MAISD', 9, DATE '2012-11-19', DATE '2012-12-17', DATE '2012-12-17', 2, 32.82, 'Maison Dewey', 'Rue Joseph-Bens 532', 'Bruxelles', NULL, 'B-1180', 'Belgium'),
(10979, 'ERNSH', 8, DATE '2012-11-19', DATE '2012-12-17', DATE '2012-11-24', 2, 353.07, 'Ernst Handel', 'Kirchgasse 6', 'Graz', NULL, '8010', 'Austria'),
(10980, 'FOLKO', 4, DATE '2012-11-20', DATE '2013-01-01', DATE '2012-12-11', 1, 1.26, 'Folk och f?HB', STRINGDECODE('\u00c5kergatan 24'), STRINGDECODE('Br\u00e4cke'), NULL, 'S-844 67', 'Sweden'),
(10981, 'HANAR', 1, DATE '2012-11-20', DATE '2012-12-18', DATE '2012-11-26', 2, 193.37, 'Hanari Carnes', STRINGDECODE('Rua do Pa\u00e7o, 67'), 'Rio de Janeiro', 'RJ', '05454-876', 'Brazil'),
(10982, 'BOTTM', 2, DATE '2012-11-20', DATE '2012-12-18', DATE '2012-12-02', 1, 14.01, 'Bottom-Dollar Markets', '23 Tsawassen Blvd.', 'Tsawassen', 'BC', 'T2F 8M4', 'Canada'),
(10983, 'SAVEA', 2, DATE '2012-11-20', DATE '2012-12-18', DATE '2012-11-30', 2, 657.54, 'Save-a-lot Markets', '187 Suffolk Ln.', 'Boise', 'ID', '83720', 'USA'),
(10984, 'SAVEA', 1, DATE '2012-11-23', DATE '2012-12-21', DATE '2012-11-27', 3, 211.22, 'Save-a-lot Markets', '187 Suffolk Ln.', 'Boise', 'ID', '83720', 'USA'),
(10985, 'HUNGO', 2, DATE '2012-11-23', DATE '2012-12-21', DATE '2012-11-26', 1, 91.51, 'Hungry Owl All-Night Grocers', '8 Johnstown Road', 'Cork', 'Co. Cork', NULL, 'Ireland');
INSERT INTO PUBLIC.ORDERS(ID, CUSTOMER_ID, EMPLOYEE_ID, ORDER_DATE, REQUIRED_DATE, SHIPPED_DATE, SHIP_VIA, FREIGHT, SHIP_NAME, SHIP_ADDRESS, SHIP_CITY, SHIP_REGION, SHIP_POSTAL_CODE, SHIP_COUNTRY) VALUES
(10986, 'OCEAN', 8, DATE '2012-11-23', DATE '2012-12-21', DATE '2012-12-15', 2, 217.86, STRINGDECODE('Oc\u00e9ano Atl\u00e1ntico Ltda.'), STRINGDECODE('Ing. Gustavo Moncada 8585\nPiso 20-A'), 'Buenos Aires', NULL, '1010', 'Argentina'),
(10987, 'EASTC', 8, DATE '2012-11-24', DATE '2012-12-22', DATE '2012-11-30', 1, 185.48, 'Eastern Connection', '35 King George', 'London', NULL, 'WX3 6FW', 'UK'),
(10988, 'RATTC', 3, DATE '2012-11-24', DATE '2012-12-22', DATE '2012-12-04', 2, 61.14, 'Rattlesnake Canyon Grocery', '2817 Milton Dr.', 'Albuquerque', 'NM', '87110', 'USA'),
(10989, 'QUEDE', 2, DATE '2012-11-24', DATE '2012-12-22', DATE '2012-11-26', 1, 34.76, STRINGDECODE('Que Del\u00edcia'), 'Rua da Panificadora, 12', 'Rio de Janeiro', 'RJ', '02389-673', 'Brazil'),
(10990, 'ERNSH', 2, DATE '2012-11-25', DATE '2013-01-06', DATE '2012-12-01', 3, 117.61, 'Ernst Handel', 'Kirchgasse 6', 'Graz', NULL, '8010', 'Austria'),
(10991, 'QUICK', 1, DATE '2012-11-25', DATE '2012-12-23', DATE '2012-12-01', 1, 38.51, 'QUICK-Stop', STRINGDECODE('Taucherstra\u00dfe 10'), 'Cunewalde', NULL, '01307', 'Germany'),
(10992, 'THEBI', 1, DATE '2012-11-25', DATE '2012-12-23', DATE '2012-11-27', 3, 4.27, 'The Big Cheese', STRINGDECODE('89 Jefferson Way\nSuite 2'), 'Portland', 'OR', '97201', 'USA'),
(10993, 'FOLKO', 7, DATE '2012-11-25', DATE '2012-12-23', DATE '2012-12-04', 3, 8.81, 'Folk och f?HB', STRINGDECODE('\u00c5kergatan 24'), STRINGDECODE('Br\u00e4cke'), NULL, 'S-844 67', 'Sweden'),
(10994, 'VAFFE', 2, DATE '2012-11-26', DATE '2012-12-10', DATE '2012-12-03', 3, 65.53, 'Vaffeljernet', STRINGDECODE('Smagsl\u00f8get 45'), STRINGDECODE('\u00c5rhus'), NULL, '8200', 'Denmark'),
(10995, 'PERIC', 1, DATE '2012-11-26', DATE '2012-12-24', DATE '2012-11-30', 3, 46.00, STRINGDECODE('Pericles Comidas cl\u00e1sicas'), 'Calle Dr. Jorge Cash 321', STRINGDECODE('M\u00e9xico D.F.'), NULL, '05033', 'Mexico'),
(10996, 'QUICK', 4, DATE '2012-11-26', DATE '2012-12-24', DATE '2012-12-04', 2, 1.12, 'QUICK-Stop', STRINGDECODE('Taucherstra\u00dfe 10'), 'Cunewalde', NULL, '01307', 'Germany'),
(10997, 'LILAS', 8, DATE '2012-11-27', DATE '2013-01-08', DATE '2012-12-07', 2, 73.91, 'LILA-Supermercado', STRINGDECODE('Carrera 52 con Ave. Bol\u00edvar #65-98 Llano Largo'), 'Barquisimeto', 'Lara', '3508', 'Venezuela'),
(10998, 'WOLZA', 8, DATE '2012-11-27', DATE '2012-12-11', DATE '2012-12-11', 2, 20.31, 'Wolski Zajazd', 'ul. Filtrowa 68', 'Warszawa', NULL, '01-012', 'Poland'),
(10999, 'OTTIK', 6, DATE '2012-11-27', DATE '2012-12-25', DATE '2012-12-04', 2, 96.35, STRINGDECODE('Ottilies K\u00e4seladen'), 'Mehrheimerstr. 369', STRINGDECODE('K\u00f6ln'), NULL, '50739', 'Germany'),
(11000, 'RATTC', 2, DATE '2012-11-30', DATE '2012-12-28', DATE '2012-12-08', 3, 55.12, 'Rattlesnake Canyon Grocery', '2817 Milton Dr.', 'Albuquerque', 'NM', '87110', 'USA'),
(11001, 'FOLKO', 2, DATE '2012-11-30', DATE '2012-12-28', DATE '2012-12-08', 2, 197.30, 'Folk och f?HB', STRINGDECODE('\u00c5kergatan 24'), STRINGDECODE('Br\u00e4cke'), NULL, 'S-844 67', 'Sweden'),
(11002, 'SAVEA', 4, DATE '2012-11-30', DATE '2012-12-28', DATE '2012-12-10', 1, 141.16, 'Save-a-lot Markets', '187 Suffolk Ln.', 'Boise', 'ID', '83720', 'USA'),
(11003, 'THECR', 3, DATE '2012-11-30', DATE '2012-12-28', DATE '2012-12-02', 3, 14.91, 'The Cracker Box', '55 Grizzly Peak Rd.', 'Butte', 'MT', '59801', 'USA'),
(11004, 'MAISD', 3, DATE '2012-12-01', DATE '2012-12-29', DATE '2012-12-14', 1, 44.84, 'Maison Dewey', 'Rue Joseph-Bens 532', 'Bruxelles', NULL, 'B-1180', 'Belgium'),
(11005, 'WILMK', 2, DATE '2012-12-01', DATE '2012-12-29', DATE '2012-12-04', 1, 0.75, 'Wilman Kala', 'Keskuskatu 45', 'Helsinki', NULL, '21240', 'Finland'),
(11006, 'GREAL', 3, DATE '2012-12-01', DATE '2012-12-29', DATE '2012-12-09', 2, 25.19, 'Great Lakes Food Market', '2732 Baker Blvd.', 'Eugene', 'OR', '97403', 'USA'),
(11007, 'PRINI', 8, DATE '2012-12-02', DATE '2012-12-30', DATE '2012-12-07', 2, 202.24, 'Princesa Isabel Vinhos', STRINGDECODE('Estrada da sa\u00fade n. 58'), 'Lisboa', NULL, '1756', 'Portugal');
INSERT INTO PUBLIC.ORDERS(ID, CUSTOMER_ID, EMPLOYEE_ID, ORDER_DATE, REQUIRED_DATE, SHIPPED_DATE, SHIP_VIA, FREIGHT, SHIP_NAME, SHIP_ADDRESS, SHIP_CITY, SHIP_REGION, SHIP_POSTAL_CODE, SHIP_COUNTRY) VALUES
(11008, 'ERNSH', 7, DATE '2012-12-02', DATE '2012-12-30', NULL, 3, 79.46, 'Ernst Handel', 'Kirchgasse 6', 'Graz', NULL, '8010', 'Austria'),
(11009, 'GODOS', 2, DATE '2012-12-02', DATE '2012-12-30', DATE '2012-12-04', 1, 59.11, STRINGDECODE('Godos Cocina T\u00edpica'), 'C/ Romero, 33', 'Sevilla', NULL, '41101', 'Spain'),
(11010, 'REGGC', 2, DATE '2012-12-03', DATE '2012-12-31', DATE '2012-12-15', 2, 28.71, 'Reggiani Caseifici', 'Strada Provinciale 124', 'Reggio Emilia', NULL, '42100', 'Italy'),
(11011, 'ALFKI', 3, DATE '2012-12-03', DATE '2012-12-31', DATE '2012-12-07', 1, 1.21, 'Alfred''s Futterkiste', 'Obere Str. 57', 'Berlin', NULL, '12209', 'Germany'),
(11012, 'FRANK', 1, DATE '2012-12-03', DATE '2012-12-17', DATE '2012-12-11', 3, 242.95, 'Frankenversand', 'Berliner Platz 43', STRINGDECODE('M\u00fcnchen'), NULL, '80805', 'Germany'),
(11013, 'ROMEY', 2, DATE '2012-12-03', DATE '2012-12-31', DATE '2012-12-04', 1, 32.99, 'Romero y tomillo', STRINGDECODE('Gran V\u00eda, 1'), 'Madrid', NULL, '28001', 'Spain'),
(11014, 'LINOD', 2, DATE '2012-12-04', DATE '2013-01-01', DATE '2012-12-09', 3, 23.60, 'LINO-Delicateses', 'Ave. 5 de Mayo Porlamar', 'I. de Margarita', 'Nueva Esparta', '4980', 'Venezuela'),
(11015, 'SANTG', 2, DATE '2012-12-04', DATE '2012-12-18', DATE '2012-12-14', 2, 4.62, 'Sant?Gourmet', 'Erling Skakkes gate 78', 'Stavern', NULL, '4110', 'Norway'),
(11016, 'AROUT', 9, DATE '2012-12-04', DATE '2013-01-01', DATE '2012-12-07', 2, 33.80, 'Around the Horn', STRINGDECODE('Brook Farm\nStratford St. Mary'), 'Colchester', 'Essex', 'CO7 6JX', 'UK'),
(11017, 'ERNSH', 9, DATE '2012-12-07', DATE '2013-01-04', DATE '2012-12-14', 2, 754.26, 'Ernst Handel', 'Kirchgasse 6', 'Graz', NULL, '8010', 'Austria'),
(11018, 'LONEP', 4, DATE '2012-12-07', DATE '2013-01-04', DATE '2012-12-10', 2, 11.65, 'Lonesome Pine Restaurant', '89 Chiaroscuro Rd.', 'Portland', 'OR', '97219', 'USA'),
(11019, 'RANCH', 6, DATE '2012-12-07', DATE '2013-01-04', NULL, 3, 3.17, 'Rancho grande', 'Av. del Libertador 900', 'Buenos Aires', NULL, '1010', 'Argentina'),
(11020, 'OTTIK', 2, DATE '2012-12-08', DATE '2013-01-05', DATE '2012-12-10', 2, 43.30, STRINGDECODE('Ottilies K\u00e4seladen'), 'Mehrheimerstr. 369', STRINGDECODE('K\u00f6ln'), NULL, '50739', 'Germany'),
(11021, 'QUICK', 3, DATE '2012-12-08', DATE '2013-01-05', DATE '2012-12-15', 1, 297.18, 'QUICK-Stop', STRINGDECODE('Taucherstra\u00dfe 10'), 'Cunewalde', NULL, '01307', 'Germany'),
(11022, 'HANAR', 9, DATE '2012-12-08', DATE '2013-01-05', DATE '2012-12-28', 2, 6.27, 'Hanari Carnes', STRINGDECODE('Rua do Pa\u00e7o, 67'), 'Rio de Janeiro', 'RJ', '05454-876', 'Brazil'),
(11023, 'BSBEV', 1, DATE '2012-12-08', DATE '2012-12-22', DATE '2012-12-18', 2, 123.83, 'B''s Beverages', 'Fauntleroy Circus', 'London', NULL, 'EC2 5NT', 'UK'),
(11024, 'EASTC', 4, DATE '2012-12-09', DATE '2013-01-06', DATE '2012-12-14', 1, 74.36, 'Eastern Connection', '35 King George', 'London', NULL, 'WX3 6FW', 'UK'),
(11025, 'WARTH', 6, DATE '2012-12-09', DATE '2013-01-06', DATE '2012-12-18', 3, 29.17, 'Wartian Herkku', 'Torikatu 38', 'Oulu', NULL, '90110', 'Finland'),
(11026, 'FRANS', 4, DATE '2012-12-09', DATE '2013-01-06', DATE '2012-12-22', 1, 47.09, 'Franchi S.p.A.', 'Via Monte Bianco 34', 'Torino', NULL, '10100', 'Italy'),
(11027, 'BOTTM', 1, DATE '2012-12-10', DATE '2013-01-07', DATE '2012-12-14', 1, 52.52, 'Bottom-Dollar Markets', '23 Tsawassen Blvd.', 'Tsawassen', 'BC', 'T2F 8M4', 'Canada'),
(11028, 'KOENE', 2, DATE '2012-12-10', DATE '2013-01-07', DATE '2012-12-16', 1, 29.59, STRINGDECODE('K\u00f6niglich Essen'), 'Maubelstr. 90', 'Brandenburg', NULL, '14776', 'Germany'),
(11029, 'CHOPS', 4, DATE '2012-12-10', DATE '2013-01-07', DATE '2012-12-21', 1, 47.84, 'Chop-suey Chinese', 'Hauptstr. 31', 'Bern', NULL, '3012', 'Switzerland'),
(11030, 'SAVEA', 7, DATE '2012-12-11', DATE '2013-01-08', DATE '2012-12-21', 2, 830.75, 'Save-a-lot Markets', '187 Suffolk Ln.', 'Boise', 'ID', '83720', 'USA');
INSERT INTO PUBLIC.ORDERS(ID, CUSTOMER_ID, EMPLOYEE_ID, ORDER_DATE, REQUIRED_DATE, SHIPPED_DATE, SHIP_VIA, FREIGHT, SHIP_NAME, SHIP_ADDRESS, SHIP_CITY, SHIP_REGION, SHIP_POSTAL_CODE, SHIP_COUNTRY) VALUES
(11031, 'SAVEA', 6, DATE '2012-12-11', DATE '2013-01-08', DATE '2012-12-18', 2, 227.22, 'Save-a-lot Markets', '187 Suffolk Ln.', 'Boise', 'ID', '83720', 'USA'),
(11032, 'WHITC', 2, DATE '2012-12-11', DATE '2013-01-08', DATE '2012-12-17', 3, 606.19, 'White Clover Markets', '1029 - 12th Ave. S.', 'Seattle', 'WA', '98124', 'USA'),
(11033, 'RICSU', 7, DATE '2012-12-11', DATE '2013-01-08', DATE '2012-12-17', 3, 84.74, 'Richter Supermarkt', 'Starenweg 5', STRINGDECODE('Gen\u00e8ve'), NULL, '1204', 'Switzerland'),
(11034, 'OLDWO', 8, DATE '2012-12-14', DATE '2013-01-25', DATE '2012-12-21', 1, 40.32, 'Old World Delicatessen', '2743 Bering St.', 'Anchorage', 'AK', '99508', 'USA'),
(11035, 'SUPRD', 2, DATE '2012-12-14', DATE '2013-01-11', DATE '2012-12-18', 2, 0.17, STRINGDECODE('Supr\u00eames d\u00e9lices'), 'Boulevard Tirou, 255', 'Charleroi', NULL, 'B-6000', 'Belgium'),
(11036, 'DRACD', 8, DATE '2012-12-14', DATE '2013-01-11', DATE '2012-12-16', 3, 149.47, 'Drachenblut Delikatessen', 'Walserweg 21', 'Aachen', NULL, '52066', 'Germany'),
(11037, 'GODOS', 7, DATE '2012-12-15', DATE '2013-01-12', DATE '2012-12-21', 1, 3.20, STRINGDECODE('Godos Cocina T\u00edpica'), 'C/ Romero, 33', 'Sevilla', NULL, '41101', 'Spain'),
(11038, 'SUPRD', 1, DATE '2012-12-15', DATE '2013-01-12', DATE '2012-12-24', 2, 29.59, STRINGDECODE('Supr\u00eames d\u00e9lices'), 'Boulevard Tirou, 255', 'Charleroi', NULL, 'B-6000', 'Belgium'),
(11039, 'LINOD', 1, DATE '2012-12-15', DATE '2013-01-12', NULL, 2, 65.00, 'LINO-Delicateses', 'Ave. 5 de Mayo Porlamar', 'I. de Margarita', 'Nueva Esparta', '4980', 'Venezuela'),
(11040, 'GREAL', 4, DATE '2012-12-16', DATE '2013-01-13', NULL, 3, 18.84, 'Great Lakes Food Market', '2732 Baker Blvd.', 'Eugene', 'OR', '97403', 'USA'),
(11041, 'CHOPS', 3, DATE '2012-12-16', DATE '2013-01-13', DATE '2012-12-22', 2, 48.22, 'Chop-suey Chinese', 'Hauptstr. 31', 'Bern', NULL, '3012', 'Switzerland'),
(11042, 'COMMI', 2, DATE '2012-12-16', DATE '2012-12-30', DATE '2012-12-25', 1, 29.99, STRINGDECODE('Com\u00e9rcio Mineiro'), STRINGDECODE('Av. dos Lus\u00edadas, 23'), STRINGDECODE('S\u00e3o Paulo'), 'SP', '05432-043', 'Brazil'),
(11043, 'SPECD', 5, DATE '2012-12-16', DATE '2013-01-13', DATE '2012-12-23', 2, 8.80, STRINGDECODE('Sp\u00e9cialit\u00e9s du monde'), '25, rue Lauriston', 'Paris', NULL, '75016', 'France'),
(11044, 'WOLZA', 4, DATE '2012-12-17', DATE '2013-01-14', DATE '2012-12-25', 1, 8.72, 'Wolski Zajazd', 'ul. Filtrowa 68', 'Warszawa', NULL, '01-012', 'Poland'),
(11045, 'BOTTM', 6, DATE '2012-12-17', DATE '2013-01-14', NULL, 2, 70.58, 'Bottom-Dollar Markets', '23 Tsawassen Blvd.', 'Tsawassen', 'BC', 'T2F 8M4', 'Canada'),
(11046, 'WANDK', 8, DATE '2012-12-17', DATE '2013-01-14', DATE '2012-12-18', 2, 71.64, 'Die Wandernde Kuh', 'Adenauerallee 900', 'Stuttgart', NULL, '70563', 'Germany'),
(11047, 'EASTC', 7, DATE '2012-12-18', DATE '2013-01-15', DATE '2012-12-25', 3, 46.62, 'Eastern Connection', '35 King George', 'London', NULL, 'WX3 6FW', 'UK'),
(11048, 'BOTTM', 7, DATE '2012-12-18', DATE '2013-01-15', DATE '2012-12-24', 3, 24.12, 'Bottom-Dollar Markets', '23 Tsawassen Blvd.', 'Tsawassen', 'BC', 'T2F 8M4', 'Canada'),
(11049, 'GOURL', 3, DATE '2012-12-18', DATE '2013-01-15', DATE '2012-12-28', 1, 8.34, 'Gourmet Lanchonetes', 'Av. Brasil, 442', 'Campinas', 'SP', '04876-786', 'Brazil'),
(11050, 'FOLKO', 8, DATE '2012-12-21', DATE '2013-01-18', DATE '2012-12-29', 2, 59.41, 'Folk och f?HB', STRINGDECODE('\u00c5kergatan 24'), STRINGDECODE('Br\u00e4cke'), NULL, 'S-844 67', 'Sweden'),
(11051, 'LAMAI', 7, DATE '2012-12-21', DATE '2013-01-18', NULL, 3, 2.79, 'La maison d''Asie', '1 rue Alsace-Lorraine', 'Toulouse', NULL, '31000', 'France'),
(11052, 'HANAR', 3, DATE '2012-12-21', DATE '2013-01-18', DATE '2012-12-25', 1, 67.26, 'Hanari Carnes', STRINGDECODE('Rua do Pa\u00e7o, 67'), 'Rio de Janeiro', 'RJ', '05454-876', 'Brazil'),
(11053, 'PICCO', 2, DATE '2012-12-21', DATE '2013-01-18', DATE '2012-12-23', 2, 53.05, 'Piccolo und mehr', 'Geislweg 14', 'Salzburg', NULL, '5020', 'Austria');
INSERT INTO PUBLIC.ORDERS(ID, CUSTOMER_ID, EMPLOYEE_ID, ORDER_DATE, REQUIRED_DATE, SHIPPED_DATE, SHIP_VIA, FREIGHT, SHIP_NAME, SHIP_ADDRESS, SHIP_CITY, SHIP_REGION, SHIP_POSTAL_CODE, SHIP_COUNTRY) VALUES
(11054, 'CACTU', 8, DATE '2012-12-22', DATE '2013-01-19', NULL, 1, 0.33, 'Cactus Comidas para llevar', 'Cerrito 333', 'Buenos Aires', NULL, '1010', 'Argentina'),
(11055, 'HILAA', 7, DATE '2012-12-22', DATE '2013-01-19', DATE '2012-12-29', 2, 120.92, STRINGDECODE('HILARI\u00d3N-Abastos'), 'Carrera 22 con Ave. Carlos Soublette #8-35', STRINGDECODE('San Crist\u00f3bal'), STRINGDECODE('T\u00e1chira'), '5022', 'Venezuela'),
(11056, 'EASTC', 8, DATE '2012-12-22', DATE '2013-01-05', DATE '2012-12-25', 2, 278.96, 'Eastern Connection', '35 King George', 'London', NULL, 'WX3 6FW', 'UK'),
(11057, 'NORTS', 3, DATE '2012-12-23', DATE '2013-01-20', DATE '2012-12-25', 3, 4.13, 'North/South', STRINGDECODE('South House\n300 Queensbridge'), 'London', NULL, 'SW7 1RZ', 'UK'),
(11058, 'BLAUS', 9, DATE '2012-12-23', DATE '2013-01-20', NULL, 3, 31.14, 'Blauer See Delikatessen', 'Forsterstr. 57', 'Mannheim', NULL, '68306', 'Germany'),
(11059, 'RICAR', 2, DATE '2012-12-23', DATE '2013-02-03', NULL, 2, 85.80, 'Ricardo Adocicados', 'Av. Copacabana, 267', 'Rio de Janeiro', 'RJ', '02389-890', 'Brazil'),
(11060, 'FRANS', 2, DATE '2012-12-24', DATE '2013-01-21', DATE '2012-12-28', 2, 10.98, 'Franchi S.p.A.', 'Via Monte Bianco 34', 'Torino', NULL, '10100', 'Italy'),
(11061, 'GREAL', 4, DATE '2012-12-24', DATE '2013-02-04', NULL, 3, 14.01, 'Great Lakes Food Market', '2732 Baker Blvd.', 'Eugene', 'OR', '97403', 'USA'),
(11062, 'REGGC', 4, DATE '2012-12-24', DATE '2013-01-21', NULL, 2, 29.93, 'Reggiani Caseifici', 'Strada Provinciale 124', 'Reggio Emilia', NULL, '42100', 'Italy'),
(11063, 'HUNGO', 3, DATE '2012-12-24', DATE '2013-01-21', DATE '2012-12-30', 2, 81.73, 'Hungry Owl All-Night Grocers', '8 Johnstown Road', 'Cork', 'Co. Cork', NULL, 'Ireland'),
(11064, 'SAVEA', 1, DATE '2012-12-25', DATE '2013-01-22', DATE '2012-12-28', 1, 30.09, 'Save-a-lot Markets', '187 Suffolk Ln.', 'Boise', 'ID', '83720', 'USA'),
(11065, 'LILAS', 8, DATE '2012-12-25', DATE '2013-01-22', NULL, 1, 12.91, 'LILA-Supermercado', STRINGDECODE('Carrera 52 con Ave. Bol\u00edvar #65-98 Llano Largo'), 'Barquisimeto', 'Lara', '3508', 'Venezuela'),
(11066, 'WHITC', 7, DATE '2012-12-25', DATE '2013-01-22', DATE '2012-12-28', 2, 44.72, 'White Clover Markets', '1029 - 12th Ave. S.', 'Seattle', 'WA', '98124', 'USA'),
(11067, 'DRACD', 1, DATE '2012-12-28', DATE '2013-01-11', DATE '2012-12-30', 2, 7.98, 'Drachenblut Delikatessen', 'Walserweg 21', 'Aachen', NULL, '52066', 'Germany'),
(11068, 'QUEEN', 8, DATE '2012-12-28', DATE '2013-01-25', NULL, 2, 81.75, 'Queen Cozinha', STRINGDECODE('Alameda dos Can\u00e0rios, 891'), STRINGDECODE('S\u00e3o Paulo'), 'SP', '05487-020', 'Brazil'),
(11069, 'TORTU', 1, DATE '2012-12-28', DATE '2013-01-25', DATE '2012-12-30', 2, 15.67, 'Tortuga Restaurante', 'Avda. Azteca 123', STRINGDECODE('M\u00e9xico D.F.'), NULL, '05033', 'Mexico'),
(11070, 'LEHMS', 2, DATE '2012-12-29', DATE '2013-01-26', NULL, 1, 136.00, 'Lehmanns Marktstand', 'Magazinweg 7', 'Frankfurt a.M. ', NULL, '60528', 'Germany'),
(11071, 'LILAS', 1, DATE '2012-12-29', DATE '2013-01-26', NULL, 1, 0.93, 'LILA-Supermercado', STRINGDECODE('Carrera 52 con Ave. Bol\u00edvar #65-98 Llano Largo'), 'Barquisimeto', 'Lara', '3508', 'Venezuela'),
(11072, 'ERNSH', 4, DATE '2012-12-29', DATE '2013-01-26', NULL, 2, 258.64, 'Ernst Handel', 'Kirchgasse 6', 'Graz', NULL, '8010', 'Austria'),
(11073, 'PERIC', 2, DATE '2012-12-29', DATE '2013-01-26', NULL, 2, 24.95, STRINGDECODE('Pericles Comidas cl\u00e1sicas'), 'Calle Dr. Jorge Cash 321', STRINGDECODE('M\u00e9xico D.F.'), NULL, '05033', 'Mexico'),
(11074, 'SIMOB', 7, DATE '2012-12-30', DATE '2013-01-27', NULL, 2, 18.44, 'Simons bistro', STRINGDECODE('Vinb\u00e6ltet 34'), STRINGDECODE('K\u00f8benhavn'), NULL, '1734', 'Denmark'),
(11075, 'RICSU', 8, DATE '2012-12-30', DATE '2013-01-27', NULL, 2, 6.19, 'Richter Supermarkt', 'Starenweg 5', STRINGDECODE('Gen\u00e8ve'), NULL, '1204', 'Switzerland');
INSERT INTO PUBLIC.ORDERS(ID, CUSTOMER_ID, EMPLOYEE_ID, ORDER_DATE, REQUIRED_DATE, SHIPPED_DATE, SHIP_VIA, FREIGHT, SHIP_NAME, SHIP_ADDRESS, SHIP_CITY, SHIP_REGION, SHIP_POSTAL_CODE, SHIP_COUNTRY) VALUES
(11076, 'BONAP', 4, DATE '2012-12-30', DATE '2013-01-27', NULL, 2, 38.28, 'Bon app''', '12, rue des Bouchers', 'Marseille', NULL, '13008', 'France'),
(11077, 'RATTC', 1, DATE '2012-12-30', DATE '2013-01-27', NULL, 2, 8.53, 'Rattlesnake Canyon Grocery', '2817 Milton Dr.', 'Albuquerque', 'NM', '87110', 'USA');
CREATE INDEX PUBLIC.I_ORDERS_CUSTOMERID ON PUBLIC.ORDERS(CUSTOMER_ID);
CREATE INDEX PUBLIC.I_ORDERS_CUSTOMERSORDERS ON PUBLIC.ORDERS(CUSTOMER_ID);
CREATE INDEX PUBLIC.I_ORDERS_EMPLOYEEID ON PUBLIC.ORDERS(EMPLOYEE_ID);
CREATE INDEX PUBLIC.I_ORDERS_EMPLOYEESORDERS ON PUBLIC.ORDERS(EMPLOYEE_ID);
CREATE INDEX PUBLIC.I_ORDERS_ORDERDATE ON PUBLIC.ORDERS(ORDER_DATE);
CREATE INDEX PUBLIC.I_ORDERS_SHIPPEDDATE ON PUBLIC.ORDERS(SHIPPED_DATE);
CREATE INDEX PUBLIC.I_ORDERS_SHIPPERSORDERS ON PUBLIC.ORDERS(SHIP_VIA);
CREATE INDEX PUBLIC.I_ORDERS_SHIPPOSTALCODE ON PUBLIC.ORDERS(SHIP_POSTAL_CODE);
CREATE CACHED TABLE PUBLIC.SUPPLIERS(
    ID INT NOT NULL,
    COMPANY_NAME VARCHAR(40) NOT NULL,
    CONTACT_NAME VARCHAR(30),
    CONTACT_TITLE VARCHAR(30),
    ADDRESS VARCHAR(60),
    CITY VARCHAR(15),
    REGION VARCHAR(15),
    POSTAL_CODE VARCHAR(10),
    COUNTRY VARCHAR(15),
    PHONE VARCHAR(24),
    FAX VARCHAR(24),
    HOME_PAGE VARCHAR(254)
);
ALTER TABLE PUBLIC.SUPPLIERS ADD CONSTRAINT PUBLIC.CONSTRAINT_A PRIMARY KEY(ID);
-- 29 +/- SELECT COUNT(*) FROM PUBLIC.SUPPLIERS;
INSERT INTO PUBLIC.SUPPLIERS(ID, COMPANY_NAME, CONTACT_NAME, CONTACT_TITLE, ADDRESS, CITY, REGION, POSTAL_CODE, COUNTRY, PHONE, FAX, HOME_PAGE) VALUES
(1, 'Exotic Liquids', 'Charlotte Cooper', 'Purchasing Manager', '49 Gilbert St.', 'London', NULL, 'EC1 4SD', 'UK', '(171) 555-2222', NULL, ''),
(2, 'New Orleans Cajun Delights', 'Shelley Burke', 'Order Administrator', 'P.O. Box 78934', 'New Orleans', 'LA', '70117', 'USA', '(100) 555-4822', NULL, '#CAJUN.HTM#'),
(3, 'Grandma Kelly''s Homestead', 'Regina Murphy', 'Sales Representative', '707 Oxford Rd.', 'Ann Arbor', 'MI', '48104', 'USA', '(313) 555-5735', '(313) 555-3349', ''),
(4, 'Tokyo Traders', 'Yoshi Nagase', 'Marketing Manager', STRINGDECODE('9-8 Sekimai\nMusashino-shi'), 'Tokyo', NULL, '100', 'Japan', '(03) 3555-5011', NULL, ''),
(5, 'Cooperativa de Quesos ''Las Cabras''', 'Antonio del Valle Saavedra ', 'Export Administrator', 'Calle del Rosal 4', 'Oviedo', 'Asturias', '33007', 'Spain', '(98) 598 76 54', NULL, ''),
(6, 'Mayumi''s', 'Mayumi Ohno', 'Marketing Representative', STRINGDECODE('92 Setsuko\nChuo-ku'), 'Osaka', NULL, '545', 'Japan', '(06) 431-7877', NULL, 'Mayumi''s (on the World Wide Web)#http://www.microsoft.com/accessdev/sampleapps/mayumi.htm#'),
(7, 'Pavlova, Ltd.', 'Ian Devling', 'Marketing Manager', STRINGDECODE('74 Rose St.\nMoonie Ponds'), 'Melbourne', 'Victoria', '3058', 'Australia', '(03) 444-2343', '(03) 444-6588', ''),
(8, 'Specialty Biscuits, Ltd.', 'Peter Wilson', 'Sales Representative', '29 King''s Way', 'Manchester', NULL, 'M14 GSD', 'UK', '(161) 555-4448', NULL, ''),
(9, STRINGDECODE('PB Kn\u00e4ckebr\u00f6d AB'), 'Lars Peterson', 'Sales Agent', 'Kaloadagatan 13', STRINGDECODE('G\u00f6teborg'), NULL, 'S-345 67', 'Sweden ', '031-987 65 43', '031-987 65 91', ''),
(10, 'Refrescos Americanas LTDA', 'Carlos Diaz', 'Marketing Manager', 'Av. das Americanas 12.890', STRINGDECODE('S\u00e3o Paulo'), NULL, '5442', 'Brazil', '(11) 555 4640', NULL, ''),
(11, STRINGDECODE('Heli S\u00fc\u00dfwaren GmbH & Co. KG'), 'Petra Winkler', 'Sales Manager', STRINGDECODE('Tiergartenstra\u00dfe 5'), 'Berlin', NULL, '10785', 'Germany', '(010) 9984510', NULL, ''),
(12, STRINGDECODE('Plutzer Lebensmittelgro\u00dfm\u00e4rkte AG'), 'Martin Bein', 'International Marketing Mgr.', 'Bogenallee 51', 'Frankfurt', NULL, '60439', 'Germany', '(069) 992755', NULL, 'Plutzer (on the World Wide Web)#http://www.microsoft.com/accessdev/sampleapps/plutzer.htm#'),
(13, 'Nord-Ost-Fisch Handelsgesellschaft mbH', 'Sven Petersen', 'Coordinator Foreign Markets', 'Frahmredder 112a', 'Cuxhaven', NULL, '27478', 'Germany', '(04721) 8713', '(04721) 8714', ''),
(14, 'Formaggi Fortini s.r.l.', 'Elio Rossi', 'Sales Representative', 'Viale Dante, 75', 'Ravenna', NULL, '48100', 'Italy', '(0544) 60323', '(0544) 60603', '#FORMAGGI.HTM#'),
(15, 'Norske Meierier', 'Beate Vileid', 'Marketing Manager', 'Hatlevegen 5', 'Sandvika', NULL, '1320', 'Norway', '(0)2-953010', NULL, ''),
(16, 'Bigfoot Breweries', 'Cheryl Saylor', 'Regional Account Rep.', STRINGDECODE('3400 - 8th Avenue\nSuite 210'), 'Bend', 'OR', '97101', 'USA', '(503) 555-9931', NULL, ''),
(17, STRINGDECODE('Svensk Sj\u00f6f\u00f6da AB'), STRINGDECODE('Michael Bj\u00f6rn'), 'Sales Representative', STRINGDECODE('Brovallav\u00e4gen 231'), 'Stockholm', NULL, 'S-123 45', 'Sweden', '08-123 45 67', NULL, ''),
(18, STRINGDECODE('Aux joyeux eccl\u00e9siastiques'), STRINGDECODE('Guyl\u00e8ne Nodier'), 'Sales Manager', '203, Rue des Francs-Bourgeois', 'Paris', NULL, '75004', 'France', '(1) 03.83.00.68', '(1) 03.83.00.62', ''),
(19, 'New England Seafood Cannery', 'Robb Merchant', 'Wholesale Account Agent', STRINGDECODE('Order Processing Dept.\n2100 Paul Revere Blvd.'), 'Boston', 'MA', '02134', 'USA', '(617) 555-3267', '(617) 555-3389', ''),
(20, 'Leka Trading', 'Chandra Leka', 'Owner', '471 Serangoon Loop, Suite #402', 'Singapore', NULL, '0512', 'Singapore', '555-8787', NULL, ''),
(21, 'Lyngbysild', 'Niels Petersen', 'Sales Manager', STRINGDECODE('Lyngbysild\nFiskebakken 10'), 'Lyngby', NULL, '2800', 'Denmark', '43844108', '43844115', ''),
(22, 'Zaanse Snoepfabriek', 'Dirk Luchte', 'Accounting Manager', STRINGDECODE('Verkoop\nRijnweg 22'), 'Zaandam', NULL, '9999 ZZ', 'Netherlands', '(12345) 1212', '(12345) 1210', '');
INSERT INTO PUBLIC.SUPPLIERS(ID, COMPANY_NAME, CONTACT_NAME, CONTACT_TITLE, ADDRESS, CITY, REGION, POSTAL_CODE, COUNTRY, PHONE, FAX, HOME_PAGE) VALUES
(23, 'Karkki Oy', 'Anne Heikkonen', 'Product Manager', 'Valtakatu 12', 'Lappeenranta', NULL, '53120', 'Finland', '(953) 10956', NULL, ''),
(24, 'G''day, Mate', 'Wendy Mackenzie', 'Sales Representative', STRINGDECODE('170 Prince Edward Parade\nHunter''s Hill'), 'Sydney', 'NSW', '2042', 'Australia', '(02) 555-5914', '(02) 555-4873', 'G''day Mate (on the World Wide Web)#http://www.microsoft.com/accessdev/sampleapps/gdaymate.htm#'),
(25, 'Ma Maison', 'Jean-Guy Lauzon', 'Marketing Manager', '2960 Rue St. Laurent', STRINGDECODE('Montr\u00e9al'), STRINGDECODE('Qu\u00e9bec'), 'H1J 1C3', 'Canada', '(514) 555-9022', NULL, ''),
(26, 'Pasta Buttini s.r.l.', 'Giovanni Giudici', 'Order Administrator', 'Via dei Gelsomini, 153', 'Salerno', NULL, '84100', 'Italy', '(089) 6547665', '(089) 6547667', ''),
(27, 'Escargots Nouveaux', 'Marie Delamare', 'Sales Manager', '22, rue H. Voiron', 'Montceau', NULL, '71300', 'France', '85.57.00.07', NULL, ''),
(28, STRINGDECODE('Gai p\u00e2turage'), 'Eliane Noz', 'Sales Representative', STRINGDECODE('Bat. B\n3, rue des Alpes'), 'Annecy', NULL, '74000', 'France', '38.76.98.06', '38.76.98.58', ''),
(29, STRINGDECODE('For\u00eats d''\u00e9rables'), 'Chantal Goulet', 'Accounting Manager', '148 rue Chasseur', 'Ste-Hyacinthe', STRINGDECODE('Qu\u00e9bec'), 'J2S 7S8', 'Canada', '(514) 555-2955', '(514) 555-2921', '');
CREATE INDEX PUBLIC.I_SUPPLIERS_COMPANYNAME ON PUBLIC.SUPPLIERS(COMPANY_NAME);
CREATE INDEX PUBLIC.I_SUPPLIERS_POSTALCODE ON PUBLIC.SUPPLIERS(POSTAL_CODE);
CREATE CACHED TABLE PUBLIC.PRODUCTS(
    ID INT NOT NULL,
    PRODUCT_NAME VARCHAR(40) NOT NULL,
    SUPPLIER_ID INT,
    CATEGORY_ID INT,
    QUANTITY_PER_UNIT VARCHAR(20),
    UNIT_PRICE NUMERIC(8, 2) DEFAULT 0,
    UNITS_IN_STOCK INT DEFAULT 0,
    UNITS_ON_ORDER INT DEFAULT 0,
    REORDER_LEVEL INT DEFAULT 0,
    DISCONTINUED SMALLINT DEFAULT 0 NOT NULL
);
ALTER TABLE PUBLIC.PRODUCTS ADD CONSTRAINT PUBLIC.CONSTRAINT_F2 PRIMARY KEY(ID);
-- 78 +/- SELECT COUNT(*) FROM PUBLIC.PRODUCTS;
INSERT INTO PUBLIC.PRODUCTS(ID, PRODUCT_NAME, SUPPLIER_ID, CATEGORY_ID, QUANTITY_PER_UNIT, UNIT_PRICE, UNITS_IN_STOCK, UNITS_ON_ORDER, REORDER_LEVEL, DISCONTINUED) VALUES
(1, 'Chai', 1, 1, '10 boxes x 20 bags', 18.00, 39, 0, 12, 0),
(2, 'Chang', 1, 1, '24 - 12 oz bottles', 19.00, 17, 40, 25, 1),
(3, 'Aniseed Syrup', 1, 2, '12 - 550 ml bottles', 10.00, 13, 70, 66, 0),
(4, 'Chef Anton''s Cajun Seasoning', 2, 2, '48 - 6 oz jars', 22.00, 53, 0, 0, 0),
(5, 'Chef Anton''s Gumbo Mix', 2, 2, '36 boxes', 21.35, 0, 0, 0, 1),
(6, 'Grandma''s Boysenberry Spread', 3, 2, '12 - 8 oz jars', 25.00, 120, 0, 25, 1),
(7, 'Uncle Bob''s Organic Dried Pears', 3, 7, '12 - 1 lb pkgs.', 30.00, 15, 0, 10, 0),
(8, 'Northwoods Cranberry Sauce', 3, 2, '12 - 12 oz jars', 40.00, 6, 0, 0, 0),
(9, 'Mishi Kobe Niku', 4, 6, '18 - 500 g pkgs.', 97.00, 29, 0, 0, 1),
(10, 'Ikura', 4, 8, '12 - 200 ml jars', 31.00, 31, 0, 0, 0),
(11, 'Queso Cabrales', 5, 4, '1 kg pkg.', 21.00, 22, 30, 30, 0),
(12, 'Queso Manchego La Pastora', 5, 4, '10 - 500 g pkgs.', 38.00, 86, 0, 0, 0),
(13, 'Konbu', 6, 8, '2 kg box', 6.00, 24, 0, 5, 0),
(14, 'Tofu', 6, 7, '40 - 100 g pkgs.', 23.25, 35, 0, 0, 0),
(15, 'Genen Shouyu', 6, 2, '24 - 250 ml bottles', 15.50, 39, 0, 5, 0),
(16, 'Pavlova', 7, 3, '32 - 500 g boxes', 17.45, 29, 0, 10, 0),
(17, 'Alice Mutton', 7, 6, '20 - 1 kg tins', 39.00, 0, 0, 0, 1),
(18, 'Carnarvon Tigers', 7, 8, '16 kg pkg.', 62.50, 42, 0, 0, 0),
(19, 'Teatime Chocolate Biscuits', 8, 3, '10 boxes x 12 pieces', 9.20, 25, 0, 5, 0),
(20, 'Sir Rodney''s Marmalade', 8, 3, '30 gift boxes', 81.00, 40, 0, 0, 0),
(21, 'Sir Rodney''s Scones', 8, 3, '24 pkgs. x 4 pieces', 10.00, 3, 40, 5, 0),
(22, STRINGDECODE('Gustaf''s Kn\u00e4ckebr\u00f6d'), 9, 5, '24 - 500 g pkgs.', 21.00, 104, 0, 25, 0),
(23, STRINGDECODE('Tunnbr\u00f6d'), 9, 5, '12 - 250 g pkgs.', 9.00, 61, 0, 25, 0),
(24, STRINGDECODE('Guaran?Fant\u00e1stica'), 10, 1, '12 - 355 ml cans', 4.50, 20, 0, 0, 1),
(25, 'NuNuCa Nu?Nougat-Creme', 11, 3, '20 - 450 g glasses', 14.00, 76, 0, 30, 0),
(26, STRINGDECODE('Gumb\u00e4r Gummib\u00e4rchen'), 11, 3, '100 - 250 g bags', 31.23, 15, 0, 0, 0),
(27, 'Schoggi Schokolade', 11, 3, '100 - 100 g pieces', 43.90, 49, 0, 30, 0),
(28, STRINGDECODE('R\u00f6ssle Sauerkraut'), 12, 7, '25 - 825 g cans', 45.60, 26, 0, 0, 1),
(29, STRINGDECODE('Th\u00fcringer Rostbratwurst'), 12, 6, '50 bags x 30 sausgs.', 123.79, 0, 0, 0, 1),
(30, 'Nord-Ost Matjeshering', 13, 8, '10 - 200 g glasses', 25.89, 10, 0, 15, 0),
(31, 'Gorgonzola Telino', 14, 4, '12 - 100 g pkgs', 12.50, 0, 70, 20, 1),
(32, 'Mascarpone Fabioli', 14, 4, '24 - 200 g pkgs.', 32.00, 9, 40, 25, 1),
(33, 'Geitost', 15, 4, '500 g', 2.50, 112, 0, 20, 1),
(34, 'Sasquatch Ale', 16, 1, '24 - 12 oz bottles', 14.00, 111, 0, 15, 1),
(35, 'Steeleye Stout', 16, 1, '24 - 12 oz bottles', 18.00, 20, 0, 15, 0),
(36, 'Inlagd Sill', 17, 8, '24 - 250 g  jars', 19.00, 112, 0, 20, 0),
(37, 'Gravad lax', 17, 8, '12 - 500 g pkgs.', 26.00, 11, 50, 25, 0),
(38, STRINGDECODE('C\u00f4te de Blaye'), 18, 1, '12 - 75 cl bottles', 263.50, 17, 0, 15, 0),
(39, 'Chartreuse verte', 18, 1, '750 cc per bottle', 18.00, 69, 0, 5, 0),
(40, 'Boston Crab Meat', 19, 8, '24 - 4 oz tins', 18.40, 123, 0, 30, 0),
(41, 'Jack''s New England Clam Chowder', 19, 8, '12 - 12 oz cans', 9.65, 85, 0, 10, 0),
(42, 'Singaporean Hokkien Fried Mee', 20, 5, '32 - 1 kg pkgs.', 14.00, 26, 0, 0, 1),
(43, 'Ipoh Coffee', 20, 1, '16 - 500 g tins', 46.00, 17, 10, 25, 0),
(44, 'Gula Malacca', 20, 2, '20 - 2 kg bags', 19.45, 27, 0, 15, 0),
(45, STRINGDECODE('R\u00f8gede sild'), 21, 8, '1k pkg.', 9.50, 5, 70, 15, 0),
(46, 'Spegesild', 21, 8, '4 - 450 g glasses', 12.00, 95, 0, 0, 0),
(47, 'Zaanse koeken', 22, 3, '10 - 4 oz boxes', 9.50, 36, 0, 0, 0),
(48, 'Chocolade', 22, 3, '10 pkgs.', 12.75, 15, 70, 25, 0),
(49, 'Maxilaku', 23, 3, '24 - 50 g pkgs.', 20.00, 10, 60, 15, 0),
(50, 'Valkoinen suklaa', 23, 3, '12 - 100 g bars', 16.25, 65, 0, 30, 0),
(51, 'Manjimup Dried Apples', 24, 7, '50 - 300 g pkgs.', 53.00, 20, 0, 10, 0),
(52, 'Filo Mix', 24, 5, '16 - 2 kg boxes', 7.00, 38, 0, 25, 0),
(53, 'Perth Pasties', 24, 6, '48 pieces', 32.80, 0, 0, 0, 1);
INSERT INTO PUBLIC.PRODUCTS(ID, PRODUCT_NAME, SUPPLIER_ID, CATEGORY_ID, QUANTITY_PER_UNIT, UNIT_PRICE, UNITS_IN_STOCK, UNITS_ON_ORDER, REORDER_LEVEL, DISCONTINUED) VALUES
(54, STRINGDECODE('Tourti\u00e8re'), 25, 6, '16 pies', 7.45, 21, 0, 10, 0),
(55, STRINGDECODE('P\u00e2t?chinois'), 25, 6, '24 boxes x 2 pies', 24.00, 115, 0, 20, 0),
(56, 'Gnocchi di nonna Alice', 26, 5, '24 - 250 g pkgs.', 38.00, 21, 10, 30, 0),
(57, 'Ravioli Angelo', 26, 5, '24 - 250 g pkgs.', 19.50, 36, 0, 20, 0),
(58, 'Escargots de Bourgogne', 27, 8, '24 pieces', 13.25, 62, 0, 20, 0),
(59, 'Raclette Courdavault', 28, 4, '5 kg pkg.', 55.00, 79, 0, 0, 0),
(60, 'Camembert Pierrot', 28, 4, '15 - 300 g rounds', 34.00, 19, 0, 0, 0),
(61, STRINGDECODE('Sirop d''\u00e9rable'), 29, 2, '24 - 500 ml bottles', 28.50, 113, 0, 25, 0),
(62, 'Tarte au sucre', 29, 3, '48 pies', 49.30, 17, 0, 0, 0),
(63, 'Vegie-spread', 7, 2, '15 - 625 g jars', 43.90, 24, 0, 5, 0),
(64, STRINGDECODE('Wimmers gute Semmelkn\u00f6del'), 12, 5, '20 bags x 4 pieces', 33.25, 22, 80, 30, 0),
(65, 'Louisiana Fiery Hot Pepper Sauce', 2, 2, '32 - 8 oz bottles', 21.05, 76, 0, 0, 0),
(66, 'Louisiana Hot Spiced Okra', 2, 2, '24 - 8 oz jars', 17.00, 4, 100, 20, 0),
(67, 'Laughing Lumberjack Lager', 16, 1, '24 - 12 oz bottles', 14.00, 52, 0, 10, 0),
(68, 'Scottish Longbreads', 8, 3, '10 boxes x 8 pieces', 12.50, 6, 10, 15, 0),
(69, 'Gudbrandsdalsost', 15, 4, '10 kg pkg.', 36.00, 26, 0, 15, 0),
(70, 'Outback Lager', 7, 1, '24 - 355 ml bottles', 15.00, 15, 10, 30, 0),
(71, STRINGDECODE('Fl\u00f8temysost'), 15, 4, '10 - 500 g pkgs.', 21.50, 26, 0, 0, 0),
(72, 'Mozzarella di Giovanni', 14, 4, '24 - 200 g pkgs.', 34.80, 14, 0, 0, 0),
(73, STRINGDECODE('R\u00f6d Kaviar'), 17, 8, '24 - 150 g jars', 15.00, 101, 0, 5, 0),
(74, 'Longlife Tofu', 4, 7, '5 kg pkg.', 10.00, 4, 20, 5, 0),
(75, STRINGDECODE('Rh\u00f6nbr\u00e4u Klosterbier'), 12, 1, '24 - 0.5 l bottles', 7.75, 125, 0, 25, 0),
(76, STRINGDECODE('Lakkalik\u00f6\u00f6ri'), 23, 1, '500 ml', 18.00, 57, 0, 20, 0),
(77, STRINGDECODE('Original Frankfurter gr\u00fcne So\u00dfe'), 12, 2, '12 boxes', 13.00, 32, 0, 15, 0),
(85250, 'Steeleye Stout', NULL, 1, '24 - 12 oz bottles', 18.00, 20, 0, 15, 0);
CREATE INDEX PUBLIC.I_PRODUCTS_CATEGORIESPRODUCTS ON PUBLIC.PRODUCTS(CATEGORY_ID);
CREATE INDEX PUBLIC.I_PRODUCTS_CATEGORYID ON PUBLIC.PRODUCTS(CATEGORY_ID);
CREATE INDEX PUBLIC.I_PRODUCTS_PRODUCTNAME ON PUBLIC.PRODUCTS(PRODUCT_NAME);
CREATE INDEX PUBLIC.I_PRODUCTS_SUPPLIERID ON PUBLIC.PRODUCTS(SUPPLIER_ID);
CREATE INDEX PUBLIC.I_PRODUCTS_SUPPLIERSPRODUCTS ON PUBLIC.PRODUCTS(SUPPLIER_ID);
CREATE CACHED TABLE PUBLIC.ORDER_DETAILS(
    ID INT NOT NULL SELECTIVITY 100,
    ORDER_ID INT NOT NULL SELECTIVITY 38,
    PRODUCT_ID INT NOT NULL SELECTIVITY 3,
    UNIT_PRICE NUMERIC(8, 2) DEFAULT 0 NOT NULL SELECTIVITY 5,
    QUANTITY INT DEFAULT 1 NOT NULL SELECTIVITY 2,
    DISCOUNT DECIMAL DEFAULT 0 NOT NULL SELECTIVITY 1
);
ALTER TABLE PUBLIC.ORDER_DETAILS ADD CONSTRAINT PUBLIC.CONSTRAINT_80 PRIMARY KEY(ID);
-- 2155 +/- SELECT COUNT(*) FROM PUBLIC.ORDER_DETAILS;
INSERT INTO PUBLIC.ORDER_DETAILS(ID, ORDER_ID, PRODUCT_ID, UNIT_PRICE, QUANTITY, DISCOUNT) VALUES
(1, 10248, 11, 14.00, 12, 0.0),
(2, 10248, 42, 9.80, 10, 0.0),
(3, 10248, 72, 34.80, 5, 0.0),
(4, 10249, 14, 18.60, 9, 0.0),
(5, 10249, 51, 42.40, 40, 0.0),
(6, 10250, 41, 7.70, 10, 0.0),
(7, 10250, 51, 42.40, 35, 0.15),
(8, 10250, 65, 16.80, 15, 0.15),
(9, 10251, 22, 16.80, 6, 0.05),
(10, 10251, 57, 15.60, 15, 0.05),
(11, 10251, 65, 16.80, 20, 0.0),
(12, 10252, 20, 64.80, 40, 0.05),
(13, 10252, 33, 2.00, 25, 0.05),
(14, 10252, 60, 27.20, 40, 0.0),
(15, 10253, 31, 10.00, 20, 0.0),
(16, 10253, 39, 14.40, 42, 0.0),
(17, 10253, 49, 16.00, 40, 0.0),
(18, 10254, 24, 3.60, 15, 0.15),
(19, 10254, 55, 19.20, 21, 0.15),
(20, 10254, 74, 8.00, 21, 0.0),
(21, 10255, 2, 15.20, 20, 0.0),
(22, 10255, 16, 13.90, 35, 0.0),
(23, 10255, 36, 15.20, 25, 0.0),
(24, 10255, 59, 44.00, 30, 0.0),
(25, 10256, 53, 26.20, 15, 0.0),
(26, 10256, 77, 10.40, 12, 0.0),
(27, 10257, 27, 35.10, 25, 0.0),
(28, 10257, 39, 14.40, 6, 0.0),
(29, 10257, 77, 10.40, 15, 0.0),
(30, 10258, 2, 15.20, 50, 0.2),
(31, 10258, 5, 17.00, 65, 0.2),
(32, 10258, 32, 25.60, 6, 0.2),
(33, 10259, 21, 8.00, 10, 0.0),
(34, 10259, 37, 20.80, 1, 0.0),
(35, 10260, 41, 7.70, 16, 0.25),
(36, 10260, 57, 15.60, 50, 0.0),
(37, 10260, 62, 39.40, 15, 0.25),
(38, 10260, 70, 12.00, 21, 0.25),
(39, 10261, 21, 8.00, 20, 0.0),
(40, 10261, 35, 14.40, 20, 0.0),
(41, 10262, 5, 17.00, 12, 0.2),
(42, 10262, 7, 24.00, 15, 0.0),
(43, 10262, 56, 30.40, 2, 0.0),
(44, 10263, 16, 13.90, 60, 0.25),
(45, 10263, 24, 3.60, 28, 0.0),
(46, 10263, 30, 20.70, 60, 0.25),
(47, 10263, 74, 8.00, 36, 0.25),
(48, 10264, 2, 15.20, 35, 0.0),
(49, 10264, 41, 7.70, 25, 0.15),
(50, 10265, 17, 31.20, 30, 0.0),
(51, 10265, 70, 12.00, 20, 0.0),
(52, 10266, 12, 30.40, 12, 0.05),
(53, 10267, 40, 14.70, 50, 0.0),
(54, 10267, 59, 44.00, 70, 0.15),
(55, 10267, 76, 14.40, 15, 0.15),
(56, 10268, 29, 99.00, 10, 0.0),
(57, 10268, 72, 27.80, 4, 0.0),
(58, 10269, 33, 2.00, 60, 0.05),
(59, 10269, 72, 27.80, 20, 0.05),
(60, 10270, 36, 15.20, 30, 0.0),
(61, 10270, 43, 36.80, 25, 0.0),
(62, 10271, 33, 2.00, 24, 0.0),
(63, 10272, 20, 64.80, 6, 0.0),
(64, 10272, 31, 10.00, 40, 0.0),
(65, 10272, 72, 27.80, 24, 0.0),
(66, 10273, 10, 24.80, 24, 0.05),
(67, 10273, 31, 10.00, 15, 0.05),
(68, 10273, 33, 2.00, 20, 0.0),
(69, 10273, 40, 14.70, 60, 0.05),
(70, 10273, 76, 14.40, 33, 0.05),
(71, 10274, 71, 17.20, 20, 0.0),
(72, 10274, 72, 27.80, 7, 0.0),
(73, 10275, 24, 3.60, 12, 0.05),
(74, 10275, 59, 44.00, 6, 0.05),
(75, 10276, 10, 24.80, 15, 0.0),
(76, 10276, 13, 4.80, 10, 0.0),
(77, 10277, 28, 36.40, 20, 0.0),
(78, 10277, 62, 39.40, 12, 0.0),
(79, 10278, 44, 15.50, 16, 0.0),
(80, 10278, 59, 44.00, 15, 0.0),
(81, 10278, 63, 35.10, 8, 0.0),
(82, 10278, 73, 12.00, 25, 0.0),
(83, 10279, 17, 31.20, 15, 0.25),
(84, 10280, 24, 3.60, 12, 0.0),
(85, 10280, 55, 19.20, 20, 0.0),
(86, 10280, 75, 6.20, 30, 0.0),
(87, 10281, 19, 7.30, 1, 0.0),
(88, 10281, 24, 3.60, 6, 0.0),
(89, 10281, 35, 14.40, 4, 0.0),
(90, 10282, 30, 20.70, 6, 0.0),
(91, 10282, 57, 15.60, 2, 0.0),
(92, 10283, 15, 12.40, 20, 0.0),
(93, 10283, 19, 7.30, 18, 0.0),
(94, 10283, 60, 27.20, 35, 0.0),
(95, 10283, 72, 27.80, 3, 0.0),
(96, 10284, 27, 35.10, 15, 0.25),
(97, 10284, 44, 15.50, 21, 0.0),
(98, 10284, 60, 27.20, 20, 0.25),
(99, 10284, 67, 11.20, 5, 0.25),
(100, 10285, 1, 14.40, 45, 0.2),
(101, 10285, 40, 14.70, 40, 0.2),
(102, 10285, 53, 26.20, 36, 0.2),
(103, 10286, 35, 14.40, 100, 0.0),
(104, 10286, 62, 39.40, 40, 0.0),
(105, 10287, 16, 13.90, 40, 0.15),
(106, 10287, 34, 11.20, 20, 0.0),
(107, 10287, 46, 9.60, 15, 0.15),
(108, 10288, 54, 5.90, 10, 0.1),
(109, 10288, 68, 10.00, 3, 0.1),
(110, 10289, 3, 8.00, 30, 0.0),
(111, 10289, 64, 26.60, 9, 0.0),
(112, 10290, 5, 17.00, 20, 0.0),
(113, 10290, 29, 99.00, 15, 0.0),
(114, 10290, 49, 16.00, 15, 0.0),
(115, 10290, 77, 10.40, 10, 0.0),
(116, 10291, 13, 4.80, 20, 0.1),
(117, 10291, 44, 15.50, 24, 0.1),
(118, 10291, 51, 42.40, 2, 0.1),
(119, 10292, 20, 64.80, 20, 0.0),
(120, 10293, 18, 50.00, 12, 0.0),
(121, 10293, 24, 3.60, 10, 0.0),
(122, 10293, 63, 35.10, 5, 0.0);
INSERT INTO PUBLIC.ORDER_DETAILS(ID, ORDER_ID, PRODUCT_ID, UNIT_PRICE, QUANTITY, DISCOUNT) VALUES
(123, 10293, 75, 6.20, 6, 0.0),
(124, 10294, 1, 14.40, 18, 0.0),
(125, 10294, 17, 31.20, 15, 0.0),
(126, 10294, 43, 36.80, 15, 0.0),
(127, 10294, 60, 27.20, 21, 0.0),
(128, 10294, 75, 6.20, 6, 0.0),
(129, 10295, 56, 30.40, 4, 0.0),
(130, 10296, 11, 16.80, 12, 0.0),
(131, 10296, 16, 13.90, 30, 0.0),
(132, 10296, 69, 28.80, 15, 0.0),
(133, 10297, 39, 14.40, 60, 0.0),
(134, 10297, 72, 27.80, 20, 0.0),
(135, 10298, 2, 15.20, 40, 0.0),
(136, 10298, 36, 15.20, 40, 0.25),
(137, 10298, 59, 44.00, 30, 0.25),
(138, 10298, 62, 39.40, 15, 0.0),
(139, 10299, 19, 7.30, 15, 0.0),
(140, 10299, 70, 12.00, 20, 0.0),
(141, 10300, 66, 13.60, 30, 0.0),
(142, 10300, 68, 10.00, 20, 0.0),
(143, 10301, 40, 14.70, 10, 0.0),
(144, 10301, 56, 30.40, 20, 0.0),
(145, 10302, 17, 31.20, 40, 0.0),
(146, 10302, 28, 36.40, 28, 0.0),
(147, 10302, 43, 36.80, 12, 0.0),
(148, 10303, 40, 14.70, 40, 0.1),
(149, 10303, 65, 16.80, 30, 0.1),
(150, 10303, 68, 10.00, 15, 0.1),
(151, 10304, 49, 16.00, 30, 0.0),
(152, 10304, 59, 44.00, 10, 0.0),
(153, 10304, 71, 17.20, 2, 0.0),
(154, 10305, 18, 50.00, 25, 0.1),
(155, 10305, 29, 99.00, 25, 0.1),
(156, 10305, 39, 14.40, 30, 0.1),
(157, 10306, 30, 20.70, 10, 0.0),
(158, 10306, 53, 26.20, 10, 0.0),
(159, 10306, 54, 5.90, 5, 0.0),
(160, 10307, 62, 39.40, 10, 0.0),
(161, 10307, 68, 10.00, 3, 0.0),
(162, 10308, 69, 28.80, 1, 0.0),
(163, 10308, 70, 12.00, 5, 0.0),
(164, 10309, 4, 17.60, 20, 0.0),
(165, 10309, 6, 20.00, 30, 0.0),
(166, 10309, 42, 11.20, 2, 0.0),
(167, 10309, 43, 36.80, 20, 0.0),
(168, 10309, 71, 17.20, 3, 0.0),
(169, 10310, 16, 13.90, 10, 0.0),
(170, 10310, 62, 39.40, 5, 0.0),
(171, 10311, 42, 11.20, 6, 0.0),
(172, 10311, 69, 28.80, 7, 0.0),
(173, 10312, 28, 36.40, 4, 0.0),
(174, 10312, 43, 36.80, 24, 0.0),
(175, 10312, 53, 26.20, 20, 0.0),
(176, 10312, 75, 6.20, 10, 0.0),
(177, 10313, 36, 15.20, 12, 0.0),
(178, 10314, 32, 25.60, 40, 0.1),
(179, 10314, 58, 10.60, 30, 0.1),
(180, 10314, 62, 39.40, 25, 0.1),
(181, 10315, 34, 11.20, 14, 0.0),
(182, 10315, 70, 12.00, 30, 0.0),
(183, 10316, 41, 7.70, 10, 0.0),
(184, 10316, 62, 39.40, 70, 0.0),
(185, 10317, 1, 14.40, 20, 0.0),
(186, 10318, 41, 7.70, 20, 0.0),
(187, 10318, 76, 14.40, 6, 0.0),
(188, 10319, 17, 31.20, 8, 0.0),
(189, 10319, 28, 36.40, 14, 0.0),
(190, 10319, 76, 14.40, 30, 0.0),
(191, 10320, 71, 17.20, 30, 0.0),
(192, 10321, 35, 14.40, 10, 0.0),
(193, 10322, 52, 5.60, 20, 0.0),
(194, 10323, 15, 12.40, 5, 0.0),
(195, 10323, 25, 11.20, 4, 0.0),
(196, 10323, 39, 14.40, 4, 0.0),
(197, 10324, 16, 13.90, 21, 0.15),
(198, 10324, 35, 14.40, 70, 0.15),
(199, 10324, 46, 9.60, 30, 0.0),
(200, 10324, 59, 44.00, 40, 0.15),
(201, 10324, 63, 35.10, 80, 0.15),
(202, 10325, 6, 20.00, 6, 0.0),
(203, 10325, 13, 4.80, 12, 0.0),
(204, 10325, 14, 18.60, 9, 0.0),
(205, 10325, 31, 10.00, 4, 0.0),
(206, 10325, 72, 27.80, 40, 0.0),
(207, 10326, 4, 17.60, 24, 0.0),
(208, 10326, 57, 15.60, 16, 0.0),
(209, 10326, 75, 6.20, 50, 0.0),
(210, 10327, 2, 15.20, 25, 0.2),
(211, 10327, 11, 16.80, 50, 0.2),
(212, 10327, 30, 20.70, 35, 0.2),
(213, 10327, 58, 10.60, 30, 0.2),
(214, 10328, 59, 44.00, 9, 0.0),
(215, 10328, 65, 16.80, 40, 0.0),
(216, 10328, 68, 10.00, 10, 0.0),
(217, 10329, 19, 7.30, 10, 0.05),
(218, 10329, 30, 20.70, 8, 0.05),
(219, 10329, 38, 210.80, 20, 0.05),
(220, 10329, 56, 30.40, 12, 0.05),
(221, 10330, 26, 24.90, 50, 0.15),
(222, 10330, 72, 27.80, 25, 0.15),
(223, 10331, 54, 5.90, 15, 0.0),
(224, 10332, 18, 50.00, 40, 0.2),
(225, 10332, 42, 11.20, 10, 0.2),
(226, 10332, 47, 7.60, 16, 0.2),
(227, 10333, 14, 18.60, 10, 0.0),
(228, 10333, 21, 8.00, 10, 0.1),
(229, 10333, 71, 17.20, 40, 0.1),
(230, 10334, 52, 5.60, 8, 0.0),
(231, 10334, 68, 10.00, 10, 0.0),
(232, 10335, 2, 15.20, 7, 0.2),
(233, 10335, 31, 10.00, 25, 0.2),
(234, 10335, 32, 25.60, 6, 0.2),
(235, 10335, 51, 42.40, 48, 0.2),
(236, 10336, 4, 17.60, 18, 0.1),
(237, 10337, 23, 7.20, 40, 0.0),
(238, 10337, 26, 24.90, 24, 0.0),
(239, 10337, 36, 15.20, 20, 0.0),
(240, 10337, 37, 20.80, 28, 0.0),
(241, 10337, 72, 27.80, 25, 0.0);
INSERT INTO PUBLIC.ORDER_DETAILS(ID, ORDER_ID, PRODUCT_ID, UNIT_PRICE, QUANTITY, DISCOUNT) VALUES
(242, 10338, 17, 31.20, 20, 0.0),
(243, 10338, 30, 20.70, 15, 0.0),
(244, 10339, 4, 17.60, 10, 0.0),
(245, 10339, 17, 31.20, 70, 0.05),
(246, 10339, 62, 39.40, 28, 0.0),
(247, 10340, 18, 50.00, 20, 0.05),
(248, 10340, 41, 7.70, 12, 0.05),
(249, 10340, 43, 36.80, 40, 0.05),
(250, 10341, 33, 2.00, 8, 0.0),
(251, 10341, 59, 44.00, 9, 0.15),
(252, 10342, 2, 15.20, 24, 0.2),
(253, 10342, 31, 10.00, 56, 0.2),
(254, 10342, 36, 15.20, 40, 0.2),
(255, 10342, 55, 19.20, 40, 0.2),
(256, 10343, 64, 26.60, 50, 0.0),
(257, 10343, 68, 10.00, 4, 0.05),
(258, 10343, 76, 14.40, 15, 0.0),
(259, 10344, 4, 17.60, 35, 0.0),
(260, 10344, 8, 32.00, 70, 0.25),
(261, 10345, 8, 32.00, 70, 0.0),
(262, 10345, 19, 7.30, 80, 0.0),
(263, 10345, 42, 11.20, 9, 0.0),
(264, 10346, 17, 31.20, 36, 0.1),
(265, 10346, 56, 30.40, 20, 0.0),
(266, 10347, 25, 11.20, 10, 0.0),
(267, 10347, 39, 14.40, 50, 0.15),
(268, 10347, 40, 14.70, 4, 0.0),
(269, 10347, 75, 6.20, 6, 0.15),
(270, 10348, 1, 14.40, 15, 0.15),
(271, 10348, 23, 7.20, 25, 0.0),
(272, 10349, 54, 5.90, 24, 0.0),
(273, 10350, 50, 13.00, 15, 0.1),
(274, 10350, 69, 28.80, 18, 0.1),
(275, 10351, 38, 210.80, 20, 0.05),
(276, 10351, 41, 7.70, 13, 0.0),
(277, 10351, 44, 15.50, 77, 0.05),
(278, 10351, 65, 16.80, 10, 0.05),
(279, 10352, 24, 3.60, 10, 0.0),
(280, 10352, 54, 5.90, 20, 0.15),
(281, 10353, 11, 16.80, 12, 0.2),
(282, 10353, 38, 210.80, 50, 0.2),
(283, 10354, 1, 14.40, 12, 0.0),
(284, 10354, 29, 99.00, 4, 0.0),
(285, 10355, 24, 3.60, 25, 0.0),
(286, 10355, 57, 15.60, 25, 0.0),
(287, 10356, 31, 10.00, 30, 0.0),
(288, 10356, 55, 19.20, 12, 0.0),
(289, 10356, 69, 28.80, 20, 0.0),
(290, 10357, 10, 24.80, 30, 0.2),
(291, 10357, 26, 24.90, 16, 0.0),
(292, 10357, 60, 27.20, 8, 0.2),
(293, 10358, 24, 3.60, 10, 0.05),
(294, 10358, 34, 11.20, 10, 0.05),
(295, 10358, 36, 15.20, 20, 0.05),
(296, 10359, 16, 13.90, 56, 0.05),
(297, 10359, 31, 10.00, 70, 0.05),
(298, 10359, 60, 27.20, 80, 0.05),
(299, 10360, 28, 36.40, 30, 0.0),
(300, 10360, 29, 99.00, 35, 0.0),
(301, 10360, 38, 210.80, 10, 0.0),
(302, 10360, 49, 16.00, 35, 0.0),
(303, 10360, 54, 5.90, 28, 0.0),
(304, 10361, 39, 14.40, 54, 0.1),
(305, 10361, 60, 27.20, 55, 0.1),
(306, 10362, 25, 11.20, 50, 0.0),
(307, 10362, 51, 42.40, 20, 0.0),
(308, 10362, 54, 5.90, 24, 0.0),
(309, 10363, 31, 10.00, 20, 0.0),
(310, 10363, 75, 6.20, 12, 0.0),
(311, 10363, 76, 14.40, 12, 0.0),
(312, 10364, 69, 28.80, 30, 0.0),
(313, 10364, 71, 17.20, 5, 0.0),
(314, 10365, 11, 16.80, 24, 0.0),
(315, 10366, 65, 16.80, 5, 0.0),
(316, 10366, 77, 10.40, 5, 0.0),
(317, 10367, 34, 11.20, 36, 0.0),
(318, 10367, 54, 5.90, 18, 0.0),
(319, 10367, 65, 16.80, 15, 0.0),
(320, 10367, 77, 10.40, 7, 0.0),
(321, 10368, 21, 8.00, 5, 0.1),
(322, 10368, 28, 36.40, 13, 0.1),
(323, 10368, 57, 15.60, 25, 0.0),
(324, 10368, 64, 26.60, 35, 0.1),
(325, 10369, 29, 99.00, 20, 0.0),
(326, 10369, 56, 30.40, 18, 0.25),
(327, 10370, 1, 14.40, 15, 0.15),
(328, 10370, 64, 26.60, 30, 0.0),
(329, 10370, 74, 8.00, 20, 0.15),
(330, 10371, 36, 15.20, 6, 0.2),
(331, 10372, 20, 64.80, 12, 0.25),
(332, 10372, 38, 210.80, 40, 0.25),
(333, 10372, 60, 27.20, 70, 0.25),
(334, 10372, 72, 27.80, 42, 0.25),
(335, 10373, 58, 10.60, 80, 0.2),
(336, 10373, 71, 17.20, 50, 0.2),
(337, 10374, 31, 10.00, 30, 0.0),
(338, 10374, 58, 10.60, 15, 0.0),
(339, 10375, 14, 18.60, 15, 0.0),
(340, 10375, 54, 5.90, 10, 0.0),
(341, 10376, 31, 10.00, 42, 0.05),
(342, 10377, 28, 36.40, 20, 0.15),
(343, 10377, 39, 14.40, 20, 0.15),
(344, 10378, 71, 17.20, 6, 0.0),
(345, 10379, 41, 7.70, 8, 0.1),
(346, 10379, 63, 35.10, 16, 0.1),
(347, 10379, 65, 16.80, 20, 0.1),
(348, 10380, 30, 20.70, 18, 0.1),
(349, 10380, 53, 26.20, 20, 0.1),
(350, 10380, 60, 27.20, 6, 0.1),
(351, 10380, 70, 12.00, 30, 0.0),
(352, 10381, 74, 8.00, 14, 0.0),
(353, 10382, 5, 17.00, 32, 0.0),
(354, 10382, 18, 50.00, 9, 0.0),
(355, 10382, 29, 99.00, 14, 0.0),
(356, 10382, 33, 2.00, 60, 0.0),
(357, 10382, 74, 8.00, 50, 0.0),
(358, 10383, 13, 4.80, 20, 0.0),
(359, 10383, 50, 13.00, 15, 0.0),
(360, 10383, 56, 30.40, 20, 0.0);
INSERT INTO PUBLIC.ORDER_DETAILS(ID, ORDER_ID, PRODUCT_ID, UNIT_PRICE, QUANTITY, DISCOUNT) VALUES
(361, 10384, 20, 64.80, 28, 0.0),
(362, 10384, 60, 27.20, 15, 0.0),
(363, 10385, 7, 24.00, 10, 0.2),
(364, 10385, 60, 27.20, 20, 0.2),
(365, 10385, 68, 10.00, 8, 0.2),
(366, 10386, 24, 3.60, 15, 0.0),
(367, 10386, 34, 11.20, 10, 0.0),
(368, 10387, 24, 3.60, 15, 0.0),
(369, 10387, 28, 36.40, 6, 0.0),
(370, 10387, 59, 44.00, 12, 0.0),
(371, 10387, 71, 17.20, 15, 0.0),
(372, 10388, 45, 7.60, 15, 0.2),
(373, 10388, 52, 5.60, 20, 0.2),
(374, 10388, 53, 26.20, 40, 0.0),
(375, 10389, 10, 24.80, 16, 0.0),
(376, 10389, 55, 19.20, 15, 0.0),
(377, 10389, 62, 39.40, 20, 0.0),
(378, 10389, 70, 12.00, 30, 0.0),
(379, 10390, 31, 10.00, 60, 0.1),
(380, 10390, 35, 14.40, 40, 0.1),
(381, 10390, 46, 9.60, 45, 0.0),
(382, 10390, 72, 27.80, 24, 0.1),
(383, 10391, 13, 4.80, 18, 0.0),
(384, 10392, 69, 28.80, 50, 0.0),
(385, 10393, 2, 15.20, 25, 0.25),
(386, 10393, 14, 18.60, 42, 0.25),
(387, 10393, 25, 11.20, 7, 0.25),
(388, 10393, 26, 24.90, 70, 0.25),
(389, 10393, 31, 10.00, 32, 0.0),
(390, 10394, 13, 4.80, 10, 0.0),
(391, 10394, 62, 39.40, 10, 0.0),
(392, 10395, 46, 9.60, 28, 0.1),
(393, 10395, 53, 26.20, 70, 0.1),
(394, 10395, 69, 28.80, 8, 0.0),
(395, 10396, 23, 7.20, 40, 0.0),
(396, 10396, 71, 17.20, 60, 0.0),
(397, 10396, 72, 27.80, 21, 0.0),
(398, 10397, 21, 8.00, 10, 0.15),
(399, 10397, 51, 42.40, 18, 0.15),
(400, 10398, 35, 14.40, 30, 0.0),
(401, 10398, 55, 19.20, 120, 0.1),
(402, 10399, 68, 10.00, 60, 0.0),
(403, 10399, 71, 17.20, 30, 0.0),
(404, 10399, 76, 14.40, 35, 0.0),
(405, 10399, 77, 10.40, 14, 0.0),
(406, 10400, 29, 99.00, 21, 0.0),
(407, 10400, 35, 14.40, 35, 0.0),
(408, 10400, 49, 16.00, 30, 0.0),
(409, 10401, 30, 20.70, 18, 0.0),
(410, 10401, 56, 30.40, 70, 0.0),
(411, 10401, 65, 16.80, 20, 0.0),
(412, 10401, 71, 17.20, 60, 0.0),
(413, 10402, 23, 7.20, 60, 0.0),
(414, 10402, 63, 35.10, 65, 0.0),
(415, 10403, 16, 13.90, 21, 0.15),
(416, 10403, 48, 10.20, 70, 0.15),
(417, 10404, 26, 24.90, 30, 0.05),
(418, 10404, 42, 11.20, 40, 0.05),
(419, 10404, 49, 16.00, 30, 0.05),
(420, 10405, 3, 8.00, 50, 0.0),
(421, 10406, 1, 14.40, 10, 0.0),
(422, 10406, 21, 8.00, 30, 0.1),
(423, 10406, 28, 36.40, 42, 0.1),
(424, 10406, 36, 15.20, 5, 0.1),
(425, 10406, 40, 14.70, 2, 0.1),
(426, 10407, 11, 16.80, 30, 0.0),
(427, 10407, 69, 28.80, 15, 0.0),
(428, 10407, 71, 17.20, 15, 0.0),
(429, 10408, 37, 20.80, 10, 0.0),
(430, 10408, 54, 5.90, 6, 0.0),
(431, 10408, 62, 39.40, 35, 0.0),
(432, 10409, 14, 18.60, 12, 0.0),
(433, 10409, 21, 8.00, 12, 0.0),
(434, 10410, 33, 2.00, 49, 0.0),
(435, 10410, 59, 44.00, 16, 0.0),
(436, 10411, 41, 7.70, 25, 0.2),
(437, 10411, 44, 15.50, 40, 0.2),
(438, 10411, 59, 44.00, 9, 0.2),
(439, 10412, 14, 18.60, 20, 0.1),
(440, 10413, 1, 14.40, 24, 0.0),
(441, 10413, 62, 39.40, 40, 0.0),
(442, 10413, 76, 14.40, 14, 0.0),
(443, 10414, 19, 7.30, 18, 0.05),
(444, 10414, 33, 2.00, 50, 0.0),
(445, 10415, 17, 31.20, 2, 0.0),
(446, 10415, 33, 2.00, 20, 0.0),
(447, 10416, 19, 7.30, 20, 0.0),
(448, 10416, 53, 26.20, 10, 0.0),
(449, 10416, 57, 15.60, 20, 0.0),
(450, 10417, 38, 210.80, 50, 0.0),
(451, 10417, 46, 9.60, 2, 0.25),
(452, 10417, 68, 10.00, 36, 0.25),
(453, 10417, 77, 10.40, 35, 0.0),
(454, 10418, 2, 15.20, 60, 0.0),
(455, 10418, 47, 7.60, 55, 0.0),
(456, 10418, 61, 22.80, 16, 0.0),
(457, 10418, 74, 8.00, 15, 0.0),
(458, 10419, 60, 27.20, 60, 0.05),
(459, 10419, 69, 28.80, 20, 0.05),
(460, 10420, 9, 77.60, 20, 0.1),
(461, 10420, 13, 4.80, 2, 0.1),
(462, 10420, 70, 12.00, 8, 0.1),
(463, 10420, 73, 12.00, 20, 0.1),
(464, 10421, 19, 7.30, 4, 0.15),
(465, 10421, 26, 24.90, 30, 0.0),
(466, 10421, 53, 26.20, 15, 0.15),
(467, 10421, 77, 10.40, 10, 0.15),
(468, 10422, 26, 24.90, 2, 0.0),
(469, 10423, 31, 10.00, 14, 0.0),
(470, 10423, 59, 44.00, 20, 0.0),
(471, 10424, 35, 14.40, 60, 0.2),
(472, 10424, 38, 210.80, 49, 0.2),
(473, 10424, 68, 10.00, 30, 0.2),
(474, 10425, 55, 19.20, 10, 0.25),
(475, 10425, 76, 14.40, 20, 0.25),
(476, 10426, 56, 30.40, 5, 0.0),
(477, 10426, 64, 26.60, 7, 0.0),
(478, 10427, 14, 18.60, 35, 0.0),
(479, 10428, 46, 9.60, 20, 0.0);
INSERT INTO PUBLIC.ORDER_DETAILS(ID, ORDER_ID, PRODUCT_ID, UNIT_PRICE, QUANTITY, DISCOUNT) VALUES
(480, 10429, 50, 13.00, 40, 0.0),
(481, 10429, 63, 35.10, 35, 0.25),
(482, 10430, 17, 31.20, 45, 0.2),
(483, 10430, 21, 8.00, 50, 0.0),
(484, 10430, 56, 30.40, 30, 0.0),
(485, 10430, 59, 44.00, 70, 0.2),
(486, 10431, 17, 31.20, 50, 0.25),
(487, 10431, 40, 14.70, 50, 0.25),
(488, 10431, 47, 7.60, 30, 0.25),
(489, 10432, 26, 24.90, 10, 0.0),
(490, 10432, 54, 5.90, 40, 0.0),
(491, 10433, 56, 30.40, 28, 0.0),
(492, 10434, 11, 16.80, 6, 0.0),
(493, 10434, 76, 14.40, 18, 0.15),
(494, 10435, 2, 15.20, 10, 0.0),
(495, 10435, 22, 16.80, 12, 0.0),
(496, 10435, 72, 27.80, 10, 0.0),
(497, 10436, 46, 9.60, 5, 0.0),
(498, 10436, 56, 30.40, 40, 0.1),
(499, 10436, 64, 26.60, 30, 0.1),
(500, 10436, 75, 6.20, 24, 0.1),
(501, 10437, 53, 26.20, 15, 0.0),
(502, 10438, 19, 7.30, 15, 0.2),
(503, 10438, 34, 11.20, 20, 0.2),
(504, 10438, 57, 15.60, 15, 0.2),
(505, 10439, 12, 30.40, 15, 0.0),
(506, 10439, 16, 13.90, 16, 0.0),
(507, 10439, 64, 26.60, 6, 0.0),
(508, 10439, 74, 8.00, 30, 0.0),
(509, 10440, 2, 15.20, 45, 0.15),
(510, 10440, 16, 13.90, 49, 0.15),
(511, 10440, 29, 99.00, 24, 0.15),
(512, 10440, 61, 22.80, 90, 0.15),
(513, 10441, 27, 35.10, 50, 0.0),
(514, 10442, 11, 16.80, 30, 0.0),
(515, 10442, 54, 5.90, 80, 0.0),
(516, 10442, 66, 13.60, 60, 0.0),
(517, 10443, 11, 16.80, 6, 0.2),
(518, 10443, 28, 36.40, 12, 0.0),
(519, 10444, 17, 31.20, 10, 0.0),
(520, 10444, 26, 24.90, 15, 0.0),
(521, 10444, 35, 14.40, 8, 0.0),
(522, 10444, 41, 7.70, 30, 0.0),
(523, 10445, 39, 14.40, 6, 0.0),
(524, 10445, 54, 5.90, 15, 0.0),
(525, 10446, 19, 7.30, 12, 0.1),
(526, 10446, 24, 3.60, 20, 0.1),
(527, 10446, 31, 10.00, 3, 0.1),
(528, 10446, 52, 5.60, 15, 0.1),
(529, 10447, 19, 7.30, 40, 0.0),
(530, 10447, 65, 16.80, 35, 0.0),
(531, 10447, 71, 17.20, 2, 0.0),
(532, 10448, 26, 24.90, 6, 0.0),
(533, 10448, 40, 14.70, 20, 0.0),
(534, 10449, 10, 24.80, 14, 0.0),
(535, 10449, 52, 5.60, 20, 0.0),
(536, 10449, 62, 39.40, 35, 0.0),
(537, 10450, 10, 24.80, 20, 0.2),
(538, 10450, 54, 5.90, 6, 0.2),
(539, 10451, 55, 19.20, 120, 0.1),
(540, 10451, 64, 26.60, 35, 0.1),
(541, 10451, 65, 16.80, 28, 0.1),
(542, 10451, 77, 10.40, 55, 0.1),
(543, 10452, 28, 36.40, 15, 0.0),
(544, 10452, 44, 15.50, 100, 0.05),
(545, 10453, 48, 10.20, 15, 0.1),
(546, 10453, 70, 12.00, 25, 0.1),
(547, 10454, 16, 13.90, 20, 0.2),
(548, 10454, 33, 2.00, 20, 0.2),
(549, 10454, 46, 9.60, 10, 0.2),
(550, 10455, 39, 14.40, 20, 0.0),
(551, 10455, 53, 26.20, 50, 0.0),
(552, 10455, 61, 22.80, 25, 0.0),
(553, 10455, 71, 17.20, 30, 0.0),
(554, 10456, 21, 8.00, 40, 0.15),
(555, 10456, 49, 16.00, 21, 0.15),
(556, 10457, 59, 44.00, 36, 0.0),
(557, 10458, 26, 24.90, 30, 0.0),
(558, 10458, 28, 36.40, 30, 0.0),
(559, 10458, 43, 36.80, 20, 0.0),
(560, 10458, 56, 30.40, 15, 0.0),
(561, 10458, 71, 17.20, 50, 0.0),
(562, 10459, 7, 24.00, 16, 0.05),
(563, 10459, 46, 9.60, 20, 0.05),
(564, 10459, 72, 27.80, 40, 0.0),
(565, 10460, 68, 10.00, 21, 0.25),
(566, 10460, 75, 6.20, 4, 0.25),
(567, 10461, 21, 8.00, 40, 0.25),
(568, 10461, 30, 20.70, 28, 0.25),
(569, 10461, 55, 19.20, 60, 0.25),
(570, 10462, 13, 4.80, 1, 0.0),
(571, 10462, 23, 7.20, 21, 0.0),
(572, 10463, 19, 7.30, 21, 0.0),
(573, 10463, 42, 11.20, 50, 0.0),
(574, 10464, 4, 17.60, 16, 0.2),
(575, 10464, 43, 36.80, 3, 0.0),
(576, 10464, 56, 30.40, 30, 0.2),
(577, 10464, 60, 27.20, 20, 0.0),
(578, 10465, 24, 3.60, 25, 0.0),
(579, 10465, 29, 99.00, 18, 0.1),
(580, 10465, 40, 14.70, 20, 0.0),
(581, 10465, 45, 7.60, 30, 0.1),
(582, 10465, 50, 13.00, 25, 0.0),
(583, 10466, 11, 16.80, 10, 0.0),
(584, 10466, 46, 9.60, 5, 0.0),
(585, 10467, 24, 3.60, 28, 0.0),
(586, 10467, 25, 11.20, 12, 0.0),
(587, 10468, 30, 20.70, 8, 0.0),
(588, 10468, 43, 36.80, 15, 0.0),
(589, 10469, 2, 15.20, 40, 0.15),
(590, 10469, 16, 13.90, 35, 0.15),
(591, 10469, 44, 15.50, 2, 0.15),
(592, 10470, 18, 50.00, 30, 0.0),
(593, 10470, 23, 7.20, 15, 0.0),
(594, 10470, 64, 26.60, 8, 0.0),
(595, 10471, 7, 24.00, 30, 0.0),
(596, 10471, 56, 30.40, 20, 0.0),
(597, 10472, 24, 3.60, 80, 0.05),
(598, 10472, 51, 42.40, 18, 0.0);
INSERT INTO PUBLIC.ORDER_DETAILS(ID, ORDER_ID, PRODUCT_ID, UNIT_PRICE, QUANTITY, DISCOUNT) VALUES
(599, 10473, 33, 2.00, 12, 0.0),
(600, 10473, 71, 17.20, 12, 0.0),
(601, 10474, 14, 18.60, 12, 0.0),
(602, 10474, 28, 36.40, 18, 0.0),
(603, 10474, 40, 14.70, 21, 0.0),
(604, 10474, 75, 6.20, 10, 0.0),
(605, 10475, 31, 10.00, 35, 0.15),
(606, 10475, 66, 13.60, 60, 0.15),
(607, 10475, 76, 14.40, 42, 0.15),
(608, 10476, 55, 19.20, 2, 0.05),
(609, 10476, 70, 12.00, 12, 0.0),
(610, 10477, 1, 14.40, 15, 0.0),
(611, 10477, 21, 8.00, 21, 0.25),
(612, 10477, 39, 14.40, 20, 0.25),
(613, 10478, 10, 24.80, 20, 0.05),
(614, 10479, 38, 210.80, 30, 0.0),
(615, 10479, 53, 26.20, 28, 0.0),
(616, 10479, 59, 44.00, 60, 0.0),
(617, 10479, 64, 26.60, 30, 0.0),
(618, 10480, 47, 7.60, 30, 0.0),
(619, 10480, 59, 44.00, 12, 0.0),
(620, 10481, 49, 16.00, 24, 0.0),
(621, 10481, 60, 27.20, 40, 0.0),
(622, 10482, 40, 14.70, 10, 0.0),
(623, 10483, 34, 11.20, 35, 0.05),
(624, 10483, 77, 10.40, 30, 0.05),
(625, 10484, 21, 8.00, 14, 0.0),
(626, 10484, 40, 14.70, 10, 0.0),
(627, 10484, 51, 42.40, 3, 0.0),
(628, 10485, 2, 15.20, 20, 0.1),
(629, 10485, 3, 8.00, 20, 0.1),
(630, 10485, 55, 19.20, 30, 0.1),
(631, 10485, 70, 12.00, 60, 0.1),
(632, 10486, 11, 16.80, 5, 0.0),
(633, 10486, 51, 42.40, 25, 0.0),
(634, 10486, 74, 8.00, 16, 0.0),
(635, 10487, 19, 7.30, 5, 0.0),
(636, 10487, 26, 24.90, 30, 0.0),
(637, 10487, 54, 5.90, 24, 0.25),
(638, 10488, 59, 44.00, 30, 0.0),
(639, 10488, 73, 12.00, 20, 0.2),
(640, 10489, 11, 16.80, 15, 0.25),
(641, 10489, 16, 13.90, 18, 0.0),
(642, 10490, 59, 44.00, 60, 0.0),
(643, 10490, 68, 10.00, 30, 0.0),
(644, 10490, 75, 6.20, 36, 0.0),
(645, 10491, 44, 15.50, 15, 0.15),
(646, 10491, 77, 10.40, 7, 0.15),
(647, 10492, 25, 11.20, 60, 0.05),
(648, 10492, 42, 11.20, 20, 0.05),
(649, 10493, 65, 16.80, 15, 0.1),
(650, 10493, 66, 13.60, 10, 0.1),
(651, 10493, 69, 28.80, 10, 0.1),
(652, 10494, 56, 30.40, 30, 0.0),
(653, 10495, 23, 7.20, 10, 0.0),
(654, 10495, 41, 7.70, 20, 0.0),
(655, 10495, 77, 10.40, 5, 0.0),
(656, 10496, 31, 10.00, 20, 0.05),
(657, 10497, 56, 30.40, 14, 0.0),
(658, 10497, 72, 27.80, 25, 0.0),
(659, 10497, 77, 10.40, 25, 0.0),
(660, 10498, 24, 4.50, 14, 0.0),
(661, 10498, 40, 18.40, 5, 0.0),
(662, 10498, 42, 14.00, 30, 0.0),
(663, 10499, 28, 45.60, 20, 0.0),
(664, 10499, 49, 20.00, 25, 0.0),
(665, 10500, 15, 15.50, 12, 0.05),
(666, 10500, 28, 45.60, 8, 0.05),
(667, 10501, 54, 7.45, 20, 0.0),
(668, 10502, 45, 9.50, 21, 0.0),
(669, 10502, 53, 32.80, 6, 0.0),
(670, 10502, 67, 14.00, 30, 0.0),
(671, 10503, 14, 23.25, 70, 0.0),
(672, 10503, 65, 21.05, 20, 0.0),
(673, 10504, 2, 19.00, 12, 0.0),
(674, 10504, 21, 10.00, 12, 0.0),
(675, 10504, 53, 32.80, 10, 0.0),
(676, 10504, 61, 28.50, 25, 0.0),
(677, 10505, 62, 49.30, 3, 0.0),
(678, 10506, 25, 14.00, 18, 0.1),
(679, 10506, 70, 15.00, 14, 0.1),
(680, 10507, 43, 46.00, 15, 0.15),
(681, 10507, 48, 12.75, 15, 0.15),
(682, 10508, 13, 6.00, 10, 0.0),
(683, 10508, 39, 18.00, 10, 0.0),
(684, 10509, 28, 45.60, 3, 0.0),
(685, 10510, 29, 123.79, 36, 0.0),
(686, 10510, 75, 7.75, 36, 0.1),
(687, 10511, 4, 22.00, 50, 0.15),
(688, 10511, 7, 30.00, 50, 0.15),
(689, 10511, 8, 40.00, 10, 0.15),
(690, 10512, 24, 4.50, 10, 0.15),
(691, 10512, 46, 12.00, 9, 0.15),
(692, 10512, 47, 9.50, 6, 0.15),
(693, 10512, 60, 34.00, 12, 0.15),
(694, 10513, 21, 10.00, 40, 0.2),
(695, 10513, 32, 32.00, 50, 0.2),
(696, 10513, 61, 28.50, 15, 0.2),
(697, 10514, 20, 81.00, 39, 0.0),
(698, 10514, 28, 45.60, 35, 0.0),
(699, 10514, 56, 38.00, 70, 0.0),
(700, 10514, 65, 21.05, 39, 0.0),
(701, 10514, 75, 7.75, 50, 0.0),
(702, 10515, 9, 97.00, 16, 0.15),
(703, 10515, 16, 17.45, 50, 0.0),
(704, 10515, 27, 43.90, 120, 0.0),
(705, 10515, 33, 2.50, 16, 0.15),
(706, 10515, 60, 34.00, 84, 0.15),
(707, 10516, 18, 62.50, 25, 0.1),
(708, 10516, 41, 9.65, 80, 0.1),
(709, 10516, 42, 14.00, 20, 0.0),
(710, 10517, 52, 7.00, 6, 0.0),
(711, 10517, 59, 55.00, 4, 0.0),
(712, 10517, 70, 15.00, 6, 0.0),
(713, 10518, 24, 4.50, 5, 0.0),
(714, 10518, 38, 263.50, 15, 0.0),
(715, 10518, 44, 19.45, 9, 0.0),
(716, 10519, 10, 31.00, 16, 0.05),
(717, 10519, 56, 38.00, 40, 0.0);
INSERT INTO PUBLIC.ORDER_DETAILS(ID, ORDER_ID, PRODUCT_ID, UNIT_PRICE, QUANTITY, DISCOUNT) VALUES
(718, 10519, 60, 34.00, 10, 0.05),
(719, 10520, 24, 4.50, 8, 0.0),
(720, 10520, 53, 32.80, 5, 0.0),
(721, 10521, 35, 18.00, 3, 0.0),
(722, 10521, 41, 9.65, 10, 0.0),
(723, 10521, 68, 12.50, 6, 0.0),
(724, 10522, 1, 18.00, 40, 0.2),
(725, 10522, 8, 40.00, 24, 0.0),
(726, 10522, 30, 25.89, 20, 0.2),
(727, 10522, 40, 18.40, 25, 0.2),
(728, 10523, 17, 39.00, 25, 0.1),
(729, 10523, 20, 81.00, 15, 0.1),
(730, 10523, 37, 26.00, 18, 0.1),
(731, 10523, 41, 9.65, 6, 0.1),
(732, 10524, 10, 31.00, 2, 0.0),
(733, 10524, 30, 25.89, 10, 0.0),
(734, 10524, 43, 46.00, 60, 0.0),
(735, 10524, 54, 7.45, 15, 0.0),
(736, 10525, 36, 19.00, 30, 0.0),
(737, 10525, 40, 18.40, 15, 0.1),
(738, 10526, 1, 18.00, 8, 0.15),
(739, 10526, 13, 6.00, 10, 0.0),
(740, 10526, 56, 38.00, 30, 0.15),
(741, 10527, 4, 22.00, 50, 0.1),
(742, 10527, 36, 19.00, 30, 0.1),
(743, 10528, 11, 21.00, 3, 0.0),
(744, 10528, 33, 2.50, 8, 0.2),
(745, 10528, 72, 34.80, 9, 0.0),
(746, 10529, 55, 24.00, 14, 0.0),
(747, 10529, 68, 12.50, 20, 0.0),
(748, 10529, 69, 36.00, 10, 0.0),
(749, 10530, 17, 39.00, 40, 0.0),
(750, 10530, 43, 46.00, 25, 0.0),
(751, 10530, 61, 28.50, 20, 0.0),
(752, 10530, 76, 18.00, 50, 0.0),
(753, 10531, 59, 55.00, 2, 0.0),
(754, 10532, 30, 25.89, 15, 0.0),
(755, 10532, 66, 17.00, 24, 0.0),
(756, 10533, 4, 22.00, 50, 0.05),
(757, 10533, 72, 34.80, 24, 0.0),
(758, 10533, 73, 15.00, 24, 0.05),
(759, 10534, 30, 25.89, 10, 0.0),
(760, 10534, 40, 18.40, 10, 0.2),
(761, 10534, 54, 7.45, 10, 0.2),
(762, 10535, 11, 21.00, 50, 0.1),
(763, 10535, 40, 18.40, 10, 0.1),
(764, 10535, 57, 19.50, 5, 0.1),
(765, 10535, 59, 55.00, 15, 0.1),
(766, 10536, 12, 38.00, 15, 0.25),
(767, 10536, 31, 12.50, 20, 0.0),
(768, 10536, 33, 2.50, 30, 0.0),
(769, 10536, 60, 34.00, 35, 0.25),
(770, 10537, 31, 12.50, 30, 0.0),
(771, 10537, 51, 53.00, 6, 0.0),
(772, 10537, 58, 13.25, 20, 0.0),
(773, 10537, 72, 34.80, 21, 0.0),
(774, 10537, 73, 15.00, 9, 0.0),
(775, 10538, 70, 15.00, 7, 0.0),
(776, 10538, 72, 34.80, 1, 0.0),
(777, 10539, 13, 6.00, 8, 0.0),
(778, 10539, 21, 10.00, 15, 0.0),
(779, 10539, 33, 2.50, 15, 0.0),
(780, 10539, 49, 20.00, 6, 0.0),
(781, 10540, 3, 10.00, 60, 0.0),
(782, 10540, 26, 31.23, 40, 0.0),
(783, 10540, 38, 263.50, 30, 0.0),
(784, 10540, 68, 12.50, 35, 0.0),
(785, 10541, 24, 4.50, 35, 0.1),
(786, 10541, 38, 263.50, 4, 0.1),
(787, 10541, 65, 21.05, 36, 0.1),
(788, 10541, 71, 21.50, 9, 0.1),
(789, 10542, 11, 21.00, 15, 0.05),
(790, 10542, 54, 7.45, 24, 0.05),
(791, 10543, 12, 38.00, 30, 0.15),
(792, 10543, 23, 9.00, 70, 0.15),
(793, 10544, 28, 45.60, 7, 0.0),
(794, 10544, 67, 14.00, 7, 0.0),
(795, 10545, 11, 21.00, 10, 0.0),
(796, 10546, 7, 30.00, 10, 0.0),
(797, 10546, 35, 18.00, 30, 0.0),
(798, 10546, 62, 49.30, 40, 0.0),
(799, 10547, 32, 32.00, 24, 0.15),
(800, 10547, 36, 19.00, 60, 0.0),
(801, 10548, 34, 14.00, 10, 0.25),
(802, 10548, 41, 9.65, 14, 0.0),
(803, 10549, 31, 12.50, 55, 0.15),
(804, 10549, 45, 9.50, 100, 0.15),
(805, 10549, 51, 53.00, 48, 0.15),
(806, 10550, 17, 39.00, 8, 0.1),
(807, 10550, 19, 9.20, 10, 0.0),
(808, 10550, 21, 10.00, 6, 0.1),
(809, 10550, 61, 28.50, 10, 0.1),
(810, 10551, 16, 17.45, 40, 0.15),
(811, 10551, 35, 18.00, 20, 0.15),
(812, 10551, 44, 19.45, 40, 0.0),
(813, 10552, 69, 36.00, 18, 0.0),
(814, 10552, 75, 7.75, 30, 0.0),
(815, 10553, 11, 21.00, 15, 0.0),
(816, 10553, 16, 17.45, 14, 0.0),
(817, 10553, 22, 21.00, 24, 0.0),
(818, 10553, 31, 12.50, 30, 0.0),
(819, 10553, 35, 18.00, 6, 0.0),
(820, 10554, 16, 17.45, 30, 0.05),
(821, 10554, 23, 9.00, 20, 0.05),
(822, 10554, 62, 49.30, 20, 0.05),
(823, 10554, 77, 13.00, 10, 0.05),
(824, 10555, 14, 23.25, 30, 0.2),
(825, 10555, 19, 9.20, 35, 0.2),
(826, 10555, 24, 4.50, 18, 0.2),
(827, 10555, 51, 53.00, 20, 0.2),
(828, 10555, 56, 38.00, 40, 0.2),
(829, 10556, 72, 34.80, 24, 0.0),
(830, 10557, 64, 33.25, 30, 0.0),
(831, 10557, 75, 7.75, 20, 0.0),
(832, 10558, 47, 9.50, 25, 0.0),
(833, 10558, 51, 53.00, 20, 0.0),
(834, 10558, 52, 7.00, 30, 0.0),
(835, 10558, 53, 32.80, 18, 0.0),
(836, 10558, 73, 15.00, 3, 0.0);
INSERT INTO PUBLIC.ORDER_DETAILS(ID, ORDER_ID, PRODUCT_ID, UNIT_PRICE, QUANTITY, DISCOUNT) VALUES
(837, 10559, 41, 9.65, 12, 0.05),
(838, 10559, 55, 24.00, 18, 0.05),
(839, 10560, 30, 25.89, 20, 0.0),
(840, 10560, 62, 49.30, 15, 0.25),
(841, 10561, 44, 19.45, 10, 0.0),
(842, 10561, 51, 53.00, 50, 0.0),
(843, 10562, 33, 2.50, 20, 0.1),
(844, 10562, 62, 49.30, 10, 0.1),
(845, 10563, 36, 19.00, 25, 0.0),
(846, 10563, 52, 7.00, 70, 0.0),
(847, 10564, 17, 39.00, 16, 0.05),
(848, 10564, 31, 12.50, 6, 0.05),
(849, 10564, 55, 24.00, 25, 0.05),
(850, 10565, 24, 4.50, 25, 0.1),
(851, 10565, 64, 33.25, 18, 0.1),
(852, 10566, 11, 21.00, 35, 0.15),
(853, 10566, 18, 62.50, 18, 0.15),
(854, 10566, 76, 18.00, 10, 0.0),
(855, 10567, 31, 12.50, 60, 0.2),
(856, 10567, 51, 53.00, 3, 0.0),
(857, 10567, 59, 55.00, 40, 0.2),
(858, 10568, 10, 31.00, 5, 0.0),
(859, 10569, 31, 12.50, 35, 0.2),
(860, 10569, 76, 18.00, 30, 0.0),
(861, 10570, 11, 21.00, 15, 0.05),
(862, 10570, 56, 38.00, 60, 0.05),
(863, 10571, 14, 23.25, 11, 0.15),
(864, 10571, 42, 14.00, 28, 0.15),
(865, 10572, 16, 17.45, 12, 0.1),
(866, 10572, 32, 32.00, 10, 0.1),
(867, 10572, 40, 18.40, 50, 0.0),
(868, 10572, 75, 7.75, 15, 0.1),
(869, 10573, 17, 39.00, 18, 0.0),
(870, 10573, 34, 14.00, 40, 0.0),
(871, 10573, 53, 32.80, 25, 0.0),
(872, 10574, 33, 2.50, 14, 0.0),
(873, 10574, 40, 18.40, 2, 0.0),
(874, 10574, 62, 49.30, 10, 0.0),
(875, 10574, 64, 33.25, 6, 0.0),
(876, 10575, 59, 55.00, 12, 0.0),
(877, 10575, 63, 43.90, 6, 0.0),
(878, 10575, 72, 34.80, 30, 0.0),
(879, 10575, 76, 18.00, 10, 0.0),
(880, 10576, 1, 18.00, 10, 0.0),
(881, 10576, 31, 12.50, 20, 0.0),
(882, 10576, 44, 19.45, 21, 0.0),
(883, 10577, 39, 18.00, 10, 0.0),
(884, 10577, 75, 7.75, 20, 0.0),
(885, 10577, 77, 13.00, 18, 0.0),
(886, 10578, 35, 18.00, 20, 0.0),
(887, 10578, 57, 19.50, 6, 0.0),
(888, 10579, 15, 15.50, 10, 0.0),
(889, 10579, 75, 7.75, 21, 0.0),
(890, 10580, 14, 23.25, 15, 0.05),
(891, 10580, 41, 9.65, 9, 0.05),
(892, 10580, 65, 21.05, 30, 0.05),
(893, 10581, 75, 7.75, 50, 0.2),
(894, 10582, 57, 19.50, 4, 0.0),
(895, 10582, 76, 18.00, 14, 0.0),
(896, 10583, 29, 123.79, 10, 0.0),
(897, 10583, 60, 34.00, 24, 0.15),
(898, 10583, 69, 36.00, 10, 0.15),
(899, 10584, 31, 12.50, 50, 0.05),
(900, 10585, 47, 9.50, 15, 0.0),
(901, 10586, 52, 7.00, 4, 0.15),
(902, 10587, 26, 31.23, 6, 0.0),
(903, 10587, 35, 18.00, 20, 0.0),
(904, 10587, 77, 13.00, 20, 0.0),
(905, 10588, 18, 62.50, 40, 0.2),
(906, 10588, 42, 14.00, 100, 0.2),
(907, 10589, 35, 18.00, 4, 0.0),
(908, 10590, 1, 18.00, 20, 0.0),
(909, 10590, 77, 13.00, 60, 0.05),
(910, 10591, 3, 10.00, 14, 0.0),
(911, 10591, 7, 30.00, 10, 0.0),
(912, 10591, 54, 7.45, 50, 0.0),
(913, 10592, 15, 15.50, 25, 0.05),
(914, 10592, 26, 31.23, 5, 0.05),
(915, 10593, 20, 81.00, 21, 0.2),
(916, 10593, 69, 36.00, 20, 0.2),
(917, 10593, 76, 18.00, 4, 0.2),
(918, 10594, 52, 7.00, 24, 0.0),
(919, 10594, 58, 13.25, 30, 0.0),
(920, 10595, 35, 18.00, 30, 0.25),
(921, 10595, 61, 28.50, 120, 0.25),
(922, 10595, 69, 36.00, 65, 0.25),
(923, 10596, 56, 38.00, 5, 0.2),
(924, 10596, 63, 43.90, 24, 0.2),
(925, 10596, 75, 7.75, 30, 0.2),
(926, 10597, 24, 4.50, 35, 0.2),
(927, 10597, 57, 19.50, 20, 0.0),
(928, 10597, 65, 21.05, 12, 0.2),
(929, 10598, 27, 43.90, 50, 0.0),
(930, 10598, 71, 21.50, 9, 0.0),
(931, 10599, 62, 49.30, 10, 0.0),
(932, 10600, 54, 7.45, 4, 0.0),
(933, 10600, 73, 15.00, 30, 0.0),
(934, 10601, 13, 6.00, 60, 0.0),
(935, 10601, 59, 55.00, 35, 0.0),
(936, 10602, 77, 13.00, 5, 0.25),
(937, 10603, 22, 21.00, 48, 0.0),
(938, 10603, 49, 20.00, 25, 0.05),
(939, 10604, 48, 12.75, 6, 0.1),
(940, 10604, 76, 18.00, 10, 0.1),
(941, 10605, 16, 17.45, 30, 0.05),
(942, 10605, 59, 55.00, 20, 0.05),
(943, 10605, 60, 34.00, 70, 0.05),
(944, 10605, 71, 21.50, 15, 0.05),
(945, 10606, 4, 22.00, 20, 0.2),
(946, 10606, 55, 24.00, 20, 0.2),
(947, 10606, 62, 49.30, 10, 0.2),
(948, 10607, 7, 30.00, 45, 0.0),
(949, 10607, 17, 39.00, 100, 0.0),
(950, 10607, 33, 2.50, 14, 0.0),
(951, 10607, 40, 18.40, 42, 0.0),
(952, 10607, 72, 34.80, 12, 0.0),
(953, 10608, 56, 38.00, 28, 0.0),
(954, 10609, 1, 18.00, 3, 0.0);
INSERT INTO PUBLIC.ORDER_DETAILS(ID, ORDER_ID, PRODUCT_ID, UNIT_PRICE, QUANTITY, DISCOUNT) VALUES
(955, 10609, 10, 31.00, 10, 0.0),
(956, 10609, 21, 10.00, 6, 0.0),
(957, 10610, 36, 19.00, 21, 0.25),
(958, 10611, 1, 18.00, 6, 0.0),
(959, 10611, 2, 19.00, 10, 0.0),
(960, 10611, 60, 34.00, 15, 0.0),
(961, 10612, 10, 31.00, 70, 0.0),
(962, 10612, 36, 19.00, 55, 0.0),
(963, 10612, 49, 20.00, 18, 0.0),
(964, 10612, 60, 34.00, 40, 0.0),
(965, 10612, 76, 18.00, 80, 0.0),
(966, 10613, 13, 6.00, 8, 0.1),
(967, 10613, 75, 7.75, 40, 0.0),
(968, 10614, 11, 21.00, 14, 0.0),
(969, 10614, 21, 10.00, 8, 0.0),
(970, 10614, 39, 18.00, 5, 0.0),
(971, 10615, 55, 24.00, 5, 0.0),
(972, 10616, 38, 263.50, 15, 0.05),
(973, 10616, 56, 38.00, 14, 0.0),
(974, 10616, 70, 15.00, 15, 0.05),
(975, 10616, 71, 21.50, 15, 0.05),
(976, 10617, 59, 55.00, 30, 0.15),
(977, 10618, 6, 25.00, 70, 0.0),
(978, 10618, 56, 38.00, 20, 0.0),
(979, 10618, 68, 12.50, 15, 0.0),
(980, 10619, 21, 10.00, 42, 0.0),
(981, 10619, 22, 21.00, 40, 0.0),
(982, 10620, 24, 4.50, 5, 0.0),
(983, 10620, 52, 7.00, 5, 0.0),
(984, 10621, 19, 9.20, 5, 0.0),
(985, 10621, 23, 9.00, 10, 0.0),
(986, 10621, 70, 15.00, 20, 0.0),
(987, 10621, 71, 21.50, 15, 0.0),
(988, 10622, 2, 19.00, 20, 0.0),
(989, 10622, 68, 12.50, 18, 0.2),
(990, 10623, 14, 23.25, 21, 0.0),
(991, 10623, 19, 9.20, 15, 0.1),
(992, 10623, 21, 10.00, 25, 0.1),
(993, 10623, 24, 4.50, 3, 0.0),
(994, 10623, 35, 18.00, 30, 0.1),
(995, 10624, 28, 45.60, 10, 0.0),
(996, 10624, 29, 123.79, 6, 0.0),
(997, 10624, 44, 19.45, 10, 0.0),
(998, 10625, 14, 23.25, 3, 0.0),
(999, 10625, 42, 14.00, 5, 0.0),
(1000, 10625, 60, 34.00, 10, 0.0),
(1001, 10626, 53, 32.80, 12, 0.0),
(1002, 10626, 60, 34.00, 20, 0.0),
(1003, 10626, 71, 21.50, 20, 0.0),
(1004, 10627, 62, 49.30, 15, 0.0),
(1005, 10627, 73, 15.00, 35, 0.15),
(1006, 10628, 1, 18.00, 25, 0.0),
(1007, 10629, 29, 123.79, 20, 0.0),
(1008, 10629, 64, 33.25, 9, 0.0),
(1009, 10630, 55, 24.00, 12, 0.05),
(1010, 10630, 76, 18.00, 35, 0.0),
(1011, 10631, 75, 7.75, 8, 0.1),
(1012, 10632, 2, 19.00, 30, 0.05),
(1013, 10632, 33, 2.50, 20, 0.05),
(1014, 10633, 12, 38.00, 36, 0.15),
(1015, 10633, 13, 6.00, 13, 0.15),
(1016, 10633, 26, 31.23, 35, 0.15),
(1017, 10633, 62, 49.30, 80, 0.15),
(1018, 10634, 7, 30.00, 35, 0.0),
(1019, 10634, 18, 62.50, 50, 0.0),
(1020, 10634, 51, 53.00, 15, 0.0),
(1021, 10634, 75, 7.75, 2, 0.0),
(1022, 10635, 4, 22.00, 10, 0.1),
(1023, 10635, 5, 21.35, 15, 0.1),
(1024, 10635, 22, 21.00, 40, 0.0),
(1025, 10636, 4, 22.00, 25, 0.0),
(1026, 10636, 58, 13.25, 6, 0.0),
(1027, 10637, 11, 21.00, 10, 0.0),
(1028, 10637, 50, 16.25, 25, 0.05),
(1029, 10637, 56, 38.00, 60, 0.05),
(1030, 10638, 45, 9.50, 20, 0.0),
(1031, 10638, 65, 21.05, 21, 0.0),
(1032, 10638, 72, 34.80, 60, 0.0),
(1033, 10639, 18, 62.50, 8, 0.0),
(1034, 10640, 69, 36.00, 20, 0.25),
(1035, 10640, 70, 15.00, 15, 0.25),
(1036, 10641, 2, 19.00, 50, 0.0),
(1037, 10641, 40, 18.40, 60, 0.0),
(1038, 10642, 21, 10.00, 30, 0.2),
(1039, 10642, 61, 28.50, 20, 0.2),
(1040, 10643, 28, 45.60, 15, 0.25),
(1041, 10643, 39, 18.00, 21, 0.25),
(1042, 10643, 46, 12.00, 2, 0.25),
(1043, 10644, 18, 62.50, 4, 0.1),
(1044, 10644, 43, 46.00, 20, 0.0),
(1045, 10644, 46, 12.00, 21, 0.1),
(1046, 10645, 18, 62.50, 20, 0.0),
(1047, 10645, 36, 19.00, 15, 0.0),
(1048, 10646, 1, 18.00, 15, 0.25),
(1049, 10646, 10, 31.00, 18, 0.25),
(1050, 10646, 71, 21.50, 30, 0.25),
(1051, 10646, 77, 13.00, 35, 0.25),
(1052, 10647, 19, 9.20, 30, 0.0),
(1053, 10647, 39, 18.00, 20, 0.0),
(1054, 10648, 22, 21.00, 15, 0.0),
(1055, 10648, 24, 4.50, 15, 0.15),
(1056, 10649, 28, 45.60, 20, 0.0),
(1057, 10649, 72, 34.80, 15, 0.0),
(1058, 10650, 30, 25.89, 30, 0.0),
(1059, 10650, 53, 32.80, 25, 0.05),
(1060, 10650, 54, 7.45, 30, 0.0),
(1061, 10651, 19, 9.20, 12, 0.25),
(1062, 10651, 22, 21.00, 20, 0.25),
(1063, 10652, 30, 25.89, 2, 0.25),
(1064, 10652, 42, 14.00, 20, 0.0),
(1065, 10653, 16, 17.45, 30, 0.1),
(1066, 10653, 60, 34.00, 20, 0.1),
(1067, 10654, 4, 22.00, 12, 0.1),
(1068, 10654, 39, 18.00, 20, 0.1),
(1069, 10654, 54, 7.45, 6, 0.1),
(1070, 10655, 41, 9.65, 20, 0.2),
(1071, 10656, 14, 23.25, 3, 0.1);
INSERT INTO PUBLIC.ORDER_DETAILS(ID, ORDER_ID, PRODUCT_ID, UNIT_PRICE, QUANTITY, DISCOUNT) VALUES
(1072, 10656, 44, 19.45, 28, 0.1),
(1073, 10656, 47, 9.50, 6, 0.1),
(1074, 10657, 15, 15.50, 50, 0.0),
(1075, 10657, 41, 9.65, 24, 0.0),
(1076, 10657, 46, 12.00, 45, 0.0),
(1077, 10657, 47, 9.50, 10, 0.0),
(1078, 10657, 56, 38.00, 45, 0.0),
(1079, 10657, 60, 34.00, 30, 0.0),
(1080, 10658, 21, 10.00, 60, 0.0),
(1081, 10658, 40, 18.40, 70, 0.05),
(1082, 10658, 60, 34.00, 55, 0.05),
(1083, 10658, 77, 13.00, 70, 0.05),
(1084, 10659, 31, 12.50, 20, 0.05),
(1085, 10659, 40, 18.40, 24, 0.05),
(1086, 10659, 70, 15.00, 40, 0.05),
(1087, 10660, 20, 81.00, 21, 0.0),
(1088, 10661, 39, 18.00, 3, 0.2),
(1089, 10661, 58, 13.25, 49, 0.2),
(1090, 10662, 68, 12.50, 10, 0.0),
(1091, 10663, 40, 18.40, 30, 0.05),
(1092, 10663, 42, 14.00, 30, 0.05),
(1093, 10663, 51, 53.00, 20, 0.05),
(1094, 10664, 10, 31.00, 24, 0.15),
(1095, 10664, 56, 38.00, 12, 0.15),
(1096, 10664, 65, 21.05, 15, 0.15),
(1097, 10665, 51, 53.00, 20, 0.0),
(1098, 10665, 59, 55.00, 1, 0.0),
(1099, 10665, 76, 18.00, 10, 0.0),
(1100, 10666, 29, 123.79, 36, 0.0),
(1101, 10666, 65, 21.05, 10, 0.0),
(1102, 10667, 69, 36.00, 45, 0.2),
(1103, 10667, 71, 21.50, 14, 0.2),
(1104, 10668, 31, 12.50, 8, 0.1),
(1105, 10668, 55, 24.00, 4, 0.1),
(1106, 10668, 64, 33.25, 15, 0.1),
(1107, 10669, 36, 19.00, 30, 0.0),
(1108, 10670, 23, 9.00, 32, 0.0),
(1109, 10670, 46, 12.00, 60, 0.0),
(1110, 10670, 67, 14.00, 25, 0.0),
(1111, 10670, 73, 15.00, 50, 0.0),
(1112, 10670, 75, 7.75, 25, 0.0),
(1113, 10671, 16, 17.45, 10, 0.0),
(1114, 10671, 62, 49.30, 10, 0.0),
(1115, 10671, 65, 21.05, 12, 0.0),
(1116, 10672, 38, 263.50, 15, 0.1),
(1117, 10672, 71, 21.50, 12, 0.0),
(1118, 10673, 16, 17.45, 3, 0.0),
(1119, 10673, 42, 14.00, 6, 0.0),
(1120, 10673, 43, 46.00, 6, 0.0),
(1121, 10674, 23, 9.00, 5, 0.0),
(1122, 10675, 14, 23.25, 30, 0.0),
(1123, 10675, 53, 32.80, 10, 0.0),
(1124, 10675, 58, 13.25, 30, 0.0),
(1125, 10676, 10, 31.00, 2, 0.0),
(1126, 10676, 19, 9.20, 7, 0.0),
(1127, 10676, 44, 19.45, 21, 0.0),
(1128, 10677, 26, 31.23, 30, 0.15),
(1129, 10677, 33, 2.50, 8, 0.15),
(1130, 10678, 12, 38.00, 100, 0.0),
(1131, 10678, 33, 2.50, 30, 0.0),
(1132, 10678, 41, 9.65, 120, 0.0),
(1133, 10678, 54, 7.45, 30, 0.0),
(1134, 10679, 59, 55.00, 12, 0.0),
(1135, 10680, 16, 17.45, 50, 0.25),
(1136, 10680, 31, 12.50, 20, 0.25),
(1137, 10680, 42, 14.00, 40, 0.25),
(1138, 10681, 19, 9.20, 30, 0.1),
(1139, 10681, 21, 10.00, 12, 0.1),
(1140, 10681, 64, 33.25, 28, 0.0),
(1141, 10682, 33, 2.50, 30, 0.0),
(1142, 10682, 66, 17.00, 4, 0.0),
(1143, 10682, 75, 7.75, 30, 0.0),
(1144, 10683, 52, 7.00, 9, 0.0),
(1145, 10684, 40, 18.40, 20, 0.0),
(1146, 10684, 47, 9.50, 40, 0.0),
(1147, 10684, 60, 34.00, 30, 0.0),
(1148, 10685, 10, 31.00, 20, 0.0),
(1149, 10685, 41, 9.65, 4, 0.0),
(1150, 10685, 47, 9.50, 15, 0.0),
(1151, 10686, 17, 39.00, 30, 0.2),
(1152, 10686, 26, 31.23, 15, 0.0),
(1153, 10687, 9, 97.00, 50, 0.25),
(1154, 10687, 29, 123.79, 10, 0.0),
(1155, 10687, 36, 19.00, 6, 0.25),
(1156, 10688, 10, 31.00, 18, 0.1),
(1157, 10688, 28, 45.60, 60, 0.1),
(1158, 10688, 34, 14.00, 14, 0.0),
(1159, 10689, 1, 18.00, 35, 0.25),
(1160, 10690, 56, 38.00, 20, 0.25),
(1161, 10690, 77, 13.00, 30, 0.25),
(1162, 10691, 1, 18.00, 30, 0.0),
(1163, 10691, 29, 123.79, 40, 0.0),
(1164, 10691, 43, 46.00, 40, 0.0),
(1165, 10691, 44, 19.45, 24, 0.0),
(1166, 10691, 62, 49.30, 48, 0.0),
(1167, 10692, 63, 43.90, 20, 0.0),
(1168, 10693, 9, 97.00, 6, 0.0),
(1169, 10693, 54, 7.45, 60, 0.15),
(1170, 10693, 69, 36.00, 30, 0.15),
(1171, 10693, 73, 15.00, 15, 0.15),
(1172, 10694, 7, 30.00, 90, 0.0),
(1173, 10694, 59, 55.00, 25, 0.0),
(1174, 10694, 70, 15.00, 50, 0.0),
(1175, 10695, 8, 40.00, 10, 0.0),
(1176, 10695, 12, 38.00, 4, 0.0),
(1177, 10695, 24, 4.50, 20, 0.0),
(1178, 10696, 17, 39.00, 20, 0.0),
(1179, 10696, 46, 12.00, 18, 0.0),
(1180, 10697, 19, 9.20, 7, 0.25),
(1181, 10697, 35, 18.00, 9, 0.25),
(1182, 10697, 58, 13.25, 30, 0.25),
(1183, 10697, 70, 15.00, 30, 0.25),
(1184, 10698, 11, 21.00, 15, 0.0),
(1185, 10698, 17, 39.00, 8, 0.05),
(1186, 10698, 29, 123.79, 12, 0.05);
INSERT INTO PUBLIC.ORDER_DETAILS(ID, ORDER_ID, PRODUCT_ID, UNIT_PRICE, QUANTITY, DISCOUNT) VALUES
(1187, 10698, 65, 21.05, 65, 0.05),
(1188, 10698, 70, 15.00, 8, 0.05),
(1189, 10699, 47, 9.50, 12, 0.0),
(1190, 10700, 1, 18.00, 5, 0.2),
(1191, 10700, 34, 14.00, 12, 0.2),
(1192, 10700, 68, 12.50, 40, 0.2),
(1193, 10700, 71, 21.50, 60, 0.2),
(1194, 10701, 59, 55.00, 42, 0.15),
(1195, 10701, 71, 21.50, 20, 0.15),
(1196, 10701, 76, 18.00, 35, 0.15),
(1197, 10702, 3, 10.00, 6, 0.0),
(1198, 10702, 76, 18.00, 15, 0.0),
(1199, 10703, 2, 19.00, 5, 0.0),
(1200, 10703, 59, 55.00, 35, 0.0),
(1201, 10703, 73, 15.00, 35, 0.0),
(1202, 10704, 4, 22.00, 6, 0.0),
(1203, 10704, 24, 4.50, 35, 0.0),
(1204, 10704, 48, 12.75, 24, 0.0),
(1205, 10705, 31, 12.50, 20, 0.0),
(1206, 10705, 32, 32.00, 4, 0.0),
(1207, 10706, 16, 17.45, 20, 0.0),
(1208, 10706, 43, 46.00, 24, 0.0),
(1209, 10706, 59, 55.00, 8, 0.0),
(1210, 10707, 55, 24.00, 21, 0.0),
(1211, 10707, 57, 19.50, 40, 0.0),
(1212, 10707, 70, 15.00, 28, 0.15),
(1213, 10708, 5, 21.35, 4, 0.0),
(1214, 10708, 36, 19.00, 5, 0.0),
(1215, 10709, 8, 40.00, 40, 0.0),
(1216, 10709, 51, 53.00, 28, 0.0),
(1217, 10709, 60, 34.00, 10, 0.0),
(1218, 10710, 19, 9.20, 5, 0.0),
(1219, 10710, 47, 9.50, 5, 0.0),
(1220, 10711, 19, 9.20, 12, 0.0),
(1221, 10711, 41, 9.65, 42, 0.0),
(1222, 10711, 53, 32.80, 120, 0.0),
(1223, 10712, 53, 32.80, 3, 0.05),
(1224, 10712, 56, 38.00, 30, 0.0),
(1225, 10713, 10, 31.00, 18, 0.0),
(1226, 10713, 26, 31.23, 30, 0.0),
(1227, 10713, 45, 9.50, 110, 0.0),
(1228, 10713, 46, 12.00, 24, 0.0),
(1229, 10714, 2, 19.00, 30, 0.25),
(1230, 10714, 17, 39.00, 27, 0.25),
(1231, 10714, 47, 9.50, 50, 0.25),
(1232, 10714, 56, 38.00, 18, 0.25),
(1233, 10714, 58, 13.25, 12, 0.25),
(1234, 10715, 10, 31.00, 21, 0.0),
(1235, 10715, 71, 21.50, 30, 0.0),
(1236, 10716, 21, 10.00, 5, 0.0),
(1237, 10716, 51, 53.00, 7, 0.0),
(1238, 10716, 61, 28.50, 10, 0.0),
(1239, 10717, 21, 10.00, 32, 0.05),
(1240, 10717, 54, 7.45, 15, 0.0),
(1241, 10717, 69, 36.00, 25, 0.05),
(1242, 10718, 12, 38.00, 36, 0.0),
(1243, 10718, 16, 17.45, 20, 0.0),
(1244, 10718, 36, 19.00, 40, 0.0),
(1245, 10718, 62, 49.30, 20, 0.0),
(1246, 10719, 18, 62.50, 12, 0.25),
(1247, 10719, 30, 25.89, 3, 0.25),
(1248, 10719, 54, 7.45, 40, 0.25),
(1249, 10720, 35, 18.00, 21, 0.0),
(1250, 10720, 71, 21.50, 8, 0.0),
(1251, 10721, 44, 19.45, 50, 0.05),
(1252, 10722, 2, 19.00, 3, 0.0),
(1253, 10722, 31, 12.50, 50, 0.0),
(1254, 10722, 68, 12.50, 45, 0.0),
(1255, 10722, 75, 7.75, 42, 0.0),
(1256, 10723, 26, 31.23, 15, 0.0),
(1257, 10724, 10, 31.00, 16, 0.0),
(1258, 10724, 61, 28.50, 5, 0.0),
(1259, 10725, 41, 9.65, 12, 0.0),
(1260, 10725, 52, 7.00, 4, 0.0),
(1261, 10725, 55, 24.00, 6, 0.0),
(1262, 10726, 4, 22.00, 25, 0.0),
(1263, 10726, 11, 21.00, 5, 0.0),
(1264, 10727, 17, 39.00, 20, 0.05),
(1265, 10727, 56, 38.00, 10, 0.05),
(1266, 10727, 59, 55.00, 10, 0.05),
(1267, 10728, 30, 25.89, 15, 0.0),
(1268, 10728, 40, 18.40, 6, 0.0),
(1269, 10728, 55, 24.00, 12, 0.0),
(1270, 10728, 60, 34.00, 15, 0.0),
(1271, 10729, 1, 18.00, 50, 0.0),
(1272, 10729, 21, 10.00, 30, 0.0),
(1273, 10729, 50, 16.25, 40, 0.0),
(1274, 10730, 16, 17.45, 15, 0.05),
(1275, 10730, 31, 12.50, 3, 0.05),
(1276, 10730, 65, 21.05, 10, 0.05),
(1277, 10731, 21, 10.00, 40, 0.05),
(1278, 10731, 51, 53.00, 30, 0.05),
(1279, 10732, 76, 18.00, 20, 0.0),
(1280, 10733, 14, 23.25, 16, 0.0),
(1281, 10733, 28, 45.60, 20, 0.0),
(1282, 10733, 52, 7.00, 25, 0.0),
(1283, 10734, 6, 25.00, 30, 0.0),
(1284, 10734, 30, 25.89, 15, 0.0),
(1285, 10734, 76, 18.00, 20, 0.0),
(1286, 10735, 61, 28.50, 20, 0.1),
(1287, 10735, 77, 13.00, 2, 0.1),
(1288, 10736, 65, 21.05, 40, 0.0),
(1289, 10736, 75, 7.75, 20, 0.0),
(1290, 10737, 13, 6.00, 4, 0.0),
(1291, 10737, 41, 9.65, 12, 0.0),
(1292, 10738, 16, 17.45, 3, 0.0),
(1293, 10739, 36, 19.00, 6, 0.0),
(1294, 10739, 52, 7.00, 18, 0.0),
(1295, 10740, 28, 45.60, 5, 0.2),
(1296, 10740, 35, 18.00, 35, 0.2),
(1297, 10740, 45, 9.50, 40, 0.2),
(1298, 10740, 56, 38.00, 14, 0.2),
(1299, 10741, 2, 19.00, 15, 0.2),
(1300, 10742, 3, 10.00, 20, 0.0),
(1301, 10742, 60, 34.00, 50, 0.0),
(1302, 10742, 72, 34.80, 35, 0.0);
INSERT INTO PUBLIC.ORDER_DETAILS(ID, ORDER_ID, PRODUCT_ID, UNIT_PRICE, QUANTITY, DISCOUNT) VALUES
(1303, 10743, 46, 12.00, 28, 0.05),
(1304, 10744, 40, 18.40, 50, 0.2),
(1305, 10745, 18, 62.50, 24, 0.0),
(1306, 10745, 44, 19.45, 16, 0.0),
(1307, 10745, 59, 55.00, 45, 0.0),
(1308, 10745, 72, 34.80, 7, 0.0),
(1309, 10746, 13, 6.00, 6, 0.0),
(1310, 10746, 42, 14.00, 28, 0.0),
(1311, 10746, 62, 49.30, 9, 0.0),
(1312, 10746, 69, 36.00, 40, 0.0),
(1313, 10747, 31, 12.50, 8, 0.0),
(1314, 10747, 41, 9.65, 35, 0.0),
(1315, 10747, 63, 43.90, 9, 0.0),
(1316, 10747, 69, 36.00, 30, 0.0),
(1317, 10748, 23, 9.00, 44, 0.0),
(1318, 10748, 40, 18.40, 40, 0.0),
(1319, 10748, 56, 38.00, 28, 0.0),
(1320, 10749, 56, 38.00, 15, 0.0),
(1321, 10749, 59, 55.00, 6, 0.0),
(1322, 10749, 76, 18.00, 10, 0.0),
(1323, 10750, 14, 23.25, 5, 0.15),
(1324, 10750, 45, 9.50, 40, 0.15),
(1325, 10750, 59, 55.00, 25, 0.15),
(1326, 10751, 26, 31.23, 12, 0.1),
(1327, 10751, 30, 25.89, 30, 0.0),
(1328, 10751, 50, 16.25, 20, 0.1),
(1329, 10751, 73, 15.00, 15, 0.0),
(1330, 10752, 1, 18.00, 8, 0.0),
(1331, 10752, 69, 36.00, 3, 0.0),
(1332, 10753, 45, 9.50, 4, 0.0),
(1333, 10753, 74, 10.00, 5, 0.0),
(1334, 10754, 40, 18.40, 3, 0.0),
(1335, 10755, 47, 9.50, 30, 0.25),
(1336, 10755, 56, 38.00, 30, 0.25),
(1337, 10755, 57, 19.50, 14, 0.25),
(1338, 10755, 69, 36.00, 25, 0.25),
(1339, 10756, 18, 62.50, 21, 0.2),
(1340, 10756, 36, 19.00, 20, 0.2),
(1341, 10756, 68, 12.50, 6, 0.2),
(1342, 10756, 69, 36.00, 20, 0.2),
(1343, 10757, 34, 14.00, 30, 0.0),
(1344, 10757, 59, 55.00, 7, 0.0),
(1345, 10757, 62, 49.30, 30, 0.0),
(1346, 10757, 64, 33.25, 24, 0.0),
(1347, 10758, 26, 31.23, 20, 0.0),
(1348, 10758, 52, 7.00, 60, 0.0),
(1349, 10758, 70, 15.00, 40, 0.0),
(1350, 10759, 32, 32.00, 10, 0.0),
(1351, 10760, 25, 14.00, 12, 0.25),
(1352, 10760, 27, 43.90, 40, 0.0),
(1353, 10760, 43, 46.00, 30, 0.25),
(1354, 10761, 25, 14.00, 35, 0.25),
(1355, 10761, 75, 7.75, 18, 0.0),
(1356, 10762, 39, 18.00, 16, 0.0),
(1357, 10762, 47, 9.50, 30, 0.0),
(1358, 10762, 51, 53.00, 28, 0.0),
(1359, 10762, 56, 38.00, 60, 0.0),
(1360, 10763, 21, 10.00, 40, 0.0),
(1361, 10763, 22, 21.00, 6, 0.0),
(1362, 10763, 24, 4.50, 20, 0.0),
(1363, 10764, 3, 10.00, 20, 0.1),
(1364, 10764, 39, 18.00, 130, 0.1),
(1365, 10765, 65, 21.05, 80, 0.1),
(1366, 10766, 2, 19.00, 40, 0.0),
(1367, 10766, 7, 30.00, 35, 0.0),
(1368, 10766, 68, 12.50, 40, 0.0),
(1369, 10767, 42, 14.00, 2, 0.0),
(1370, 10768, 22, 21.00, 4, 0.0),
(1371, 10768, 31, 12.50, 50, 0.0),
(1372, 10768, 60, 34.00, 15, 0.0),
(1373, 10768, 71, 21.50, 12, 0.0),
(1374, 10769, 41, 9.65, 30, 0.05),
(1375, 10769, 52, 7.00, 15, 0.05),
(1376, 10769, 61, 28.50, 20, 0.0),
(1377, 10769, 62, 49.30, 15, 0.0),
(1378, 10770, 11, 21.00, 15, 0.25),
(1379, 10771, 71, 21.50, 16, 0.0),
(1380, 10772, 29, 123.79, 18, 0.0),
(1381, 10772, 59, 55.00, 25, 0.0),
(1382, 10773, 17, 39.00, 33, 0.0),
(1383, 10773, 31, 12.50, 70, 0.2),
(1384, 10773, 75, 7.75, 7, 0.2),
(1385, 10774, 31, 12.50, 2, 0.25),
(1386, 10774, 66, 17.00, 50, 0.0),
(1387, 10775, 10, 31.00, 6, 0.0),
(1388, 10775, 67, 14.00, 3, 0.0),
(1389, 10776, 31, 12.50, 16, 0.05),
(1390, 10776, 42, 14.00, 12, 0.05),
(1391, 10776, 45, 9.50, 27, 0.05),
(1392, 10776, 51, 53.00, 120, 0.05),
(1393, 10777, 42, 14.00, 20, 0.2),
(1394, 10778, 41, 9.65, 10, 0.0),
(1395, 10779, 16, 17.45, 20, 0.0),
(1396, 10779, 62, 49.30, 20, 0.0),
(1397, 10780, 70, 15.00, 35, 0.0),
(1398, 10780, 77, 13.00, 15, 0.0),
(1399, 10781, 54, 7.45, 3, 0.2),
(1400, 10781, 56, 38.00, 20, 0.2),
(1401, 10781, 74, 10.00, 35, 0.0),
(1402, 10782, 31, 12.50, 1, 0.0),
(1403, 10783, 31, 12.50, 10, 0.0),
(1404, 10783, 38, 263.50, 5, 0.0),
(1405, 10784, 36, 19.00, 30, 0.0),
(1406, 10784, 39, 18.00, 2, 0.15),
(1407, 10784, 72, 34.80, 30, 0.15),
(1408, 10785, 10, 31.00, 10, 0.0),
(1409, 10785, 75, 7.75, 10, 0.0),
(1410, 10786, 8, 40.00, 30, 0.2),
(1411, 10786, 30, 25.89, 15, 0.2),
(1412, 10786, 75, 7.75, 42, 0.2),
(1413, 10787, 2, 19.00, 15, 0.05),
(1414, 10787, 29, 123.79, 20, 0.05),
(1415, 10788, 19, 9.20, 50, 0.05),
(1416, 10788, 75, 7.75, 40, 0.05),
(1417, 10789, 18, 62.50, 30, 0.0);
INSERT INTO PUBLIC.ORDER_DETAILS(ID, ORDER_ID, PRODUCT_ID, UNIT_PRICE, QUANTITY, DISCOUNT) VALUES
(1418, 10789, 35, 18.00, 15, 0.0),
(1419, 10789, 63, 43.90, 30, 0.0),
(1420, 10789, 68, 12.50, 18, 0.0),
(1421, 10790, 7, 30.00, 3, 0.15),
(1422, 10790, 56, 38.00, 20, 0.15),
(1423, 10791, 29, 123.79, 14, 0.05),
(1424, 10791, 41, 9.65, 20, 0.05),
(1425, 10792, 2, 19.00, 10, 0.0),
(1426, 10792, 54, 7.45, 3, 0.0),
(1427, 10792, 68, 12.50, 15, 0.0),
(1428, 10793, 41, 9.65, 14, 0.0),
(1429, 10793, 52, 7.00, 8, 0.0),
(1430, 10794, 14, 23.25, 15, 0.2),
(1431, 10794, 54, 7.45, 6, 0.2),
(1432, 10795, 16, 17.45, 65, 0.0),
(1433, 10795, 17, 39.00, 35, 0.25),
(1434, 10796, 26, 31.23, 21, 0.2),
(1435, 10796, 44, 19.45, 10, 0.0),
(1436, 10796, 64, 33.25, 35, 0.2),
(1437, 10796, 69, 36.00, 24, 0.2),
(1438, 10797, 11, 21.00, 20, 0.0),
(1439, 10798, 62, 49.30, 2, 0.0),
(1440, 10798, 72, 34.80, 10, 0.0),
(1441, 10799, 13, 6.00, 20, 0.15),
(1442, 10799, 24, 4.50, 20, 0.15),
(1443, 10799, 59, 55.00, 25, 0.0),
(1444, 10800, 11, 21.00, 50, 0.1),
(1445, 10800, 51, 53.00, 10, 0.1),
(1446, 10800, 54, 7.45, 7, 0.1),
(1447, 10801, 17, 39.00, 40, 0.25),
(1448, 10801, 29, 123.79, 20, 0.25),
(1449, 10802, 30, 25.89, 25, 0.25),
(1450, 10802, 51, 53.00, 30, 0.25),
(1451, 10802, 55, 24.00, 60, 0.25),
(1452, 10802, 62, 49.30, 5, 0.25),
(1453, 10803, 19, 9.20, 24, 0.05),
(1454, 10803, 25, 14.00, 15, 0.05),
(1455, 10803, 59, 55.00, 15, 0.05),
(1456, 10804, 10, 31.00, 36, 0.0),
(1457, 10804, 28, 45.60, 24, 0.0),
(1458, 10804, 49, 20.00, 4, 0.15),
(1459, 10805, 34, 14.00, 10, 0.0),
(1460, 10805, 38, 263.50, 10, 0.0),
(1461, 10806, 2, 19.00, 20, 0.25),
(1462, 10806, 65, 21.05, 2, 0.0),
(1463, 10806, 74, 10.00, 15, 0.25),
(1464, 10807, 40, 18.40, 1, 0.0),
(1465, 10808, 56, 38.00, 20, 0.15),
(1466, 10808, 76, 18.00, 50, 0.15),
(1467, 10809, 52, 7.00, 20, 0.0),
(1468, 10810, 13, 6.00, 7, 0.0),
(1469, 10810, 25, 14.00, 5, 0.0),
(1470, 10810, 70, 15.00, 5, 0.0),
(1471, 10811, 19, 9.20, 15, 0.0),
(1472, 10811, 23, 9.00, 18, 0.0),
(1473, 10811, 40, 18.40, 30, 0.0),
(1474, 10812, 31, 12.50, 16, 0.1),
(1475, 10812, 72, 34.80, 40, 0.1),
(1476, 10812, 77, 13.00, 20, 0.0),
(1477, 10813, 2, 19.00, 12, 0.2),
(1478, 10813, 46, 12.00, 35, 0.0),
(1479, 10814, 41, 9.65, 20, 0.0),
(1480, 10814, 43, 46.00, 20, 0.15),
(1481, 10814, 48, 12.75, 8, 0.15),
(1482, 10814, 61, 28.50, 30, 0.15),
(1483, 10815, 33, 2.50, 16, 0.0),
(1484, 10816, 38, 263.50, 30, 0.05),
(1485, 10816, 62, 49.30, 20, 0.05),
(1486, 10817, 26, 31.23, 40, 0.15),
(1487, 10817, 38, 263.50, 30, 0.0),
(1488, 10817, 40, 18.40, 60, 0.15),
(1489, 10817, 62, 49.30, 25, 0.15),
(1490, 10818, 32, 32.00, 20, 0.0),
(1491, 10818, 41, 9.65, 20, 0.0),
(1492, 10819, 43, 46.00, 7, 0.0),
(1493, 10819, 75, 7.75, 20, 0.0),
(1494, 10820, 56, 38.00, 30, 0.0),
(1495, 10821, 35, 18.00, 20, 0.0),
(1496, 10821, 51, 53.00, 6, 0.0),
(1497, 10822, 62, 49.30, 3, 0.0),
(1498, 10822, 70, 15.00, 6, 0.0),
(1499, 10823, 11, 21.00, 20, 0.1),
(1500, 10823, 57, 19.50, 15, 0.0),
(1501, 10823, 59, 55.00, 40, 0.1),
(1502, 10823, 77, 13.00, 15, 0.1),
(1503, 10824, 41, 9.65, 12, 0.0),
(1504, 10824, 70, 15.00, 9, 0.0),
(1505, 10825, 26, 31.23, 12, 0.0),
(1506, 10825, 53, 32.80, 20, 0.0),
(1507, 10826, 31, 12.50, 35, 0.0),
(1508, 10826, 57, 19.50, 15, 0.0),
(1509, 10827, 10, 31.00, 15, 0.0),
(1510, 10827, 39, 18.00, 21, 0.0),
(1511, 10828, 20, 81.00, 5, 0.0),
(1512, 10828, 38, 263.50, 2, 0.0),
(1513, 10829, 2, 19.00, 10, 0.0),
(1514, 10829, 8, 40.00, 20, 0.0),
(1515, 10829, 13, 6.00, 10, 0.0),
(1516, 10829, 60, 34.00, 21, 0.0),
(1517, 10830, 6, 25.00, 6, 0.0),
(1518, 10830, 39, 18.00, 28, 0.0),
(1519, 10830, 60, 34.00, 30, 0.0),
(1520, 10830, 68, 12.50, 24, 0.0),
(1521, 10831, 19, 9.20, 2, 0.0),
(1522, 10831, 35, 18.00, 8, 0.0),
(1523, 10831, 38, 263.50, 8, 0.0),
(1524, 10831, 43, 46.00, 9, 0.0),
(1525, 10832, 13, 6.00, 3, 0.2),
(1526, 10832, 25, 14.00, 10, 0.2),
(1527, 10832, 44, 19.45, 16, 0.2),
(1528, 10832, 64, 33.25, 3, 0.0),
(1529, 10833, 7, 30.00, 20, 0.1),
(1530, 10833, 31, 12.50, 9, 0.1),
(1531, 10833, 53, 32.80, 9, 0.1),
(1532, 10834, 29, 123.79, 8, 0.05);
INSERT INTO PUBLIC.ORDER_DETAILS(ID, ORDER_ID, PRODUCT_ID, UNIT_PRICE, QUANTITY, DISCOUNT) VALUES
(1533, 10834, 30, 25.89, 20, 0.05),
(1534, 10835, 59, 55.00, 15, 0.0),
(1535, 10835, 77, 13.00, 2, 0.2),
(1536, 10836, 22, 21.00, 52, 0.0),
(1537, 10836, 35, 18.00, 6, 0.0),
(1538, 10836, 57, 19.50, 24, 0.0),
(1539, 10836, 60, 34.00, 60, 0.0),
(1540, 10836, 64, 33.25, 30, 0.0),
(1541, 10837, 13, 6.00, 6, 0.0),
(1542, 10837, 40, 18.40, 25, 0.0),
(1543, 10837, 47, 9.50, 40, 0.25),
(1544, 10837, 76, 18.00, 21, 0.25),
(1545, 10838, 1, 18.00, 4, 0.25),
(1546, 10838, 18, 62.50, 25, 0.25),
(1547, 10838, 36, 19.00, 50, 0.25),
(1548, 10839, 58, 13.25, 30, 0.1),
(1549, 10839, 72, 34.80, 15, 0.1),
(1550, 10840, 25, 14.00, 6, 0.2),
(1551, 10840, 39, 18.00, 10, 0.2),
(1552, 10841, 10, 31.00, 16, 0.0),
(1553, 10841, 56, 38.00, 30, 0.0),
(1554, 10841, 59, 55.00, 50, 0.0),
(1555, 10841, 77, 13.00, 15, 0.0),
(1556, 10842, 11, 21.00, 15, 0.0),
(1557, 10842, 43, 46.00, 5, 0.0),
(1558, 10842, 68, 12.50, 20, 0.0),
(1559, 10842, 70, 15.00, 12, 0.0),
(1560, 10843, 51, 53.00, 4, 0.25),
(1561, 10844, 22, 21.00, 35, 0.0),
(1562, 10845, 23, 9.00, 70, 0.1),
(1563, 10845, 35, 18.00, 25, 0.1),
(1564, 10845, 42, 14.00, 42, 0.1),
(1565, 10845, 58, 13.25, 60, 0.1),
(1566, 10845, 64, 33.25, 48, 0.0),
(1567, 10846, 4, 22.00, 21, 0.0),
(1568, 10846, 70, 15.00, 30, 0.0),
(1569, 10846, 74, 10.00, 20, 0.0),
(1570, 10847, 1, 18.00, 80, 0.2),
(1571, 10847, 19, 9.20, 12, 0.2),
(1572, 10847, 37, 26.00, 60, 0.2),
(1573, 10847, 45, 9.50, 36, 0.2),
(1574, 10847, 60, 34.00, 45, 0.2),
(1575, 10847, 71, 21.50, 55, 0.2),
(1576, 10848, 5, 21.35, 30, 0.0),
(1577, 10848, 9, 97.00, 3, 0.0),
(1578, 10849, 3, 10.00, 49, 0.0),
(1579, 10849, 26, 31.23, 18, 0.15),
(1580, 10850, 25, 14.00, 20, 0.15),
(1581, 10850, 33, 2.50, 4, 0.15),
(1582, 10850, 70, 15.00, 30, 0.15),
(1583, 10851, 2, 19.00, 5, 0.05),
(1584, 10851, 25, 14.00, 10, 0.05),
(1585, 10851, 57, 19.50, 10, 0.05),
(1586, 10851, 59, 55.00, 42, 0.05),
(1587, 10852, 2, 19.00, 15, 0.0),
(1588, 10852, 17, 39.00, 6, 0.0),
(1589, 10852, 62, 49.30, 50, 0.0),
(1590, 10853, 18, 62.50, 10, 0.0),
(1591, 10854, 10, 31.00, 100, 0.15),
(1592, 10854, 13, 6.00, 65, 0.15),
(1593, 10855, 16, 17.45, 50, 0.0),
(1594, 10855, 31, 12.50, 14, 0.0),
(1595, 10855, 56, 38.00, 24, 0.0),
(1596, 10855, 65, 21.05, 15, 0.15),
(1597, 10856, 2, 19.00, 20, 0.0),
(1598, 10856, 42, 14.00, 20, 0.0),
(1599, 10857, 3, 10.00, 30, 0.0),
(1600, 10857, 26, 31.23, 35, 0.25),
(1601, 10857, 29, 123.79, 10, 0.25),
(1602, 10858, 7, 30.00, 5, 0.0),
(1603, 10858, 27, 43.90, 10, 0.0),
(1604, 10858, 70, 15.00, 4, 0.0),
(1605, 10859, 24, 4.50, 40, 0.25),
(1606, 10859, 54, 7.45, 35, 0.25),
(1607, 10859, 64, 33.25, 30, 0.25),
(1608, 10860, 51, 53.00, 3, 0.0),
(1609, 10860, 76, 18.00, 20, 0.0),
(1610, 10861, 17, 39.00, 42, 0.0),
(1611, 10861, 18, 62.50, 20, 0.0),
(1612, 10861, 21, 10.00, 40, 0.0),
(1613, 10861, 33, 2.50, 35, 0.0),
(1614, 10861, 62, 49.30, 3, 0.0),
(1615, 10862, 11, 21.00, 25, 0.0),
(1616, 10862, 52, 7.00, 8, 0.0),
(1617, 10863, 1, 18.00, 20, 0.15),
(1618, 10863, 58, 13.25, 12, 0.15),
(1619, 10864, 35, 18.00, 4, 0.0),
(1620, 10864, 67, 14.00, 15, 0.0),
(1621, 10865, 38, 263.50, 60, 0.05),
(1622, 10865, 39, 18.00, 80, 0.05),
(1623, 10866, 2, 19.00, 21, 0.25),
(1624, 10866, 24, 4.50, 6, 0.25),
(1625, 10866, 30, 25.89, 40, 0.25),
(1626, 10867, 53, 32.80, 3, 0.0),
(1627, 10868, 26, 31.23, 20, 0.0),
(1628, 10868, 35, 18.00, 30, 0.0),
(1629, 10868, 49, 20.00, 42, 0.1),
(1630, 10869, 1, 18.00, 40, 0.0),
(1631, 10869, 11, 21.00, 10, 0.0),
(1632, 10869, 23, 9.00, 50, 0.0),
(1633, 10869, 68, 12.50, 20, 0.0),
(1634, 10870, 35, 18.00, 3, 0.0),
(1635, 10870, 51, 53.00, 2, 0.0),
(1636, 10871, 6, 25.00, 50, 0.05),
(1637, 10871, 16, 17.45, 12, 0.05),
(1638, 10871, 17, 39.00, 16, 0.05),
(1639, 10872, 55, 24.00, 10, 0.05),
(1640, 10872, 62, 49.30, 20, 0.05),
(1641, 10872, 64, 33.25, 15, 0.05),
(1642, 10872, 65, 21.05, 21, 0.05),
(1643, 10873, 21, 10.00, 20, 0.0),
(1644, 10873, 28, 45.60, 3, 0.0),
(1645, 10874, 10, 31.00, 10, 0.0),
(1646, 10875, 19, 9.20, 25, 0.0),
(1647, 10875, 47, 9.50, 21, 0.1);
INSERT INTO PUBLIC.ORDER_DETAILS(ID, ORDER_ID, PRODUCT_ID, UNIT_PRICE, QUANTITY, DISCOUNT) VALUES
(1648, 10875, 49, 20.00, 15, 0.0),
(1649, 10876, 46, 12.00, 21, 0.0),
(1650, 10876, 64, 33.25, 20, 0.0),
(1651, 10877, 16, 17.45, 30, 0.25),
(1652, 10877, 18, 62.50, 25, 0.0),
(1653, 10878, 20, 81.00, 20, 0.05),
(1654, 10879, 40, 18.40, 12, 0.0),
(1655, 10879, 65, 21.05, 10, 0.0),
(1656, 10879, 76, 18.00, 10, 0.0),
(1657, 10880, 23, 9.00, 30, 0.2),
(1658, 10880, 61, 28.50, 30, 0.2),
(1659, 10880, 70, 15.00, 50, 0.2),
(1660, 10881, 73, 15.00, 10, 0.0),
(1661, 10882, 42, 14.00, 25, 0.0),
(1662, 10882, 49, 20.00, 20, 0.15),
(1663, 10882, 54, 7.45, 32, 0.15),
(1664, 10883, 24, 4.50, 8, 0.0),
(1665, 10884, 21, 10.00, 40, 0.05),
(1666, 10884, 56, 38.00, 21, 0.05),
(1667, 10884, 65, 21.05, 12, 0.05),
(1668, 10885, 2, 19.00, 20, 0.0),
(1669, 10885, 24, 4.50, 12, 0.0),
(1670, 10885, 70, 15.00, 30, 0.0),
(1671, 10885, 77, 13.00, 25, 0.0),
(1672, 10886, 10, 31.00, 70, 0.0),
(1673, 10886, 31, 12.50, 35, 0.0),
(1674, 10886, 77, 13.00, 40, 0.0),
(1675, 10887, 25, 14.00, 5, 0.0),
(1676, 10888, 2, 19.00, 20, 0.0),
(1677, 10888, 68, 12.50, 18, 0.0),
(1678, 10889, 11, 21.00, 40, 0.0),
(1679, 10889, 38, 263.50, 40, 0.0),
(1680, 10890, 17, 39.00, 15, 0.0),
(1681, 10890, 34, 14.00, 10, 0.0),
(1682, 10890, 41, 9.65, 14, 0.0),
(1683, 10891, 30, 25.89, 15, 0.05),
(1684, 10892, 59, 55.00, 40, 0.05),
(1685, 10893, 8, 40.00, 30, 0.0),
(1686, 10893, 24, 4.50, 10, 0.0),
(1687, 10893, 29, 123.79, 24, 0.0),
(1688, 10893, 30, 25.89, 35, 0.0),
(1689, 10893, 36, 19.00, 20, 0.0),
(1690, 10894, 13, 6.00, 28, 0.05),
(1691, 10894, 69, 36.00, 50, 0.05),
(1692, 10894, 75, 7.75, 120, 0.05),
(1693, 10895, 24, 4.50, 110, 0.0),
(1694, 10895, 39, 18.00, 45, 0.0),
(1695, 10895, 40, 18.40, 91, 0.0),
(1696, 10895, 60, 34.00, 100, 0.0),
(1697, 10896, 45, 9.50, 15, 0.0),
(1698, 10896, 56, 38.00, 16, 0.0),
(1699, 10897, 29, 123.79, 80, 0.0),
(1700, 10897, 30, 25.89, 36, 0.0),
(1701, 10898, 13, 6.00, 5, 0.0),
(1702, 10899, 39, 18.00, 8, 0.15),
(1703, 10900, 70, 15.00, 3, 0.25),
(1704, 10901, 41, 9.65, 30, 0.0),
(1705, 10901, 71, 21.50, 30, 0.0),
(1706, 10902, 55, 24.00, 30, 0.15),
(1707, 10902, 62, 49.30, 6, 0.15),
(1708, 10903, 13, 6.00, 40, 0.0),
(1709, 10903, 65, 21.05, 21, 0.0),
(1710, 10903, 68, 12.50, 20, 0.0),
(1711, 10904, 58, 13.25, 15, 0.0),
(1712, 10904, 62, 49.30, 35, 0.0),
(1713, 10905, 1, 18.00, 20, 0.05),
(1714, 10906, 61, 28.50, 15, 0.0),
(1715, 10907, 75, 7.75, 14, 0.0),
(1716, 10908, 7, 30.00, 20, 0.05),
(1717, 10908, 52, 7.00, 14, 0.05),
(1718, 10909, 7, 30.00, 12, 0.0),
(1719, 10909, 16, 17.45, 15, 0.0),
(1720, 10909, 41, 9.65, 5, 0.0),
(1721, 10910, 19, 9.20, 12, 0.0),
(1722, 10910, 49, 20.00, 10, 0.0),
(1723, 10910, 61, 28.50, 5, 0.0),
(1724, 10911, 1, 18.00, 10, 0.0),
(1725, 10911, 17, 39.00, 12, 0.0),
(1726, 10911, 67, 14.00, 15, 0.0),
(1727, 10912, 11, 21.00, 40, 0.25),
(1728, 10912, 29, 123.79, 60, 0.25),
(1729, 10913, 4, 22.00, 30, 0.25),
(1730, 10913, 33, 2.50, 40, 0.25),
(1731, 10913, 58, 13.25, 15, 0.0),
(1732, 10914, 71, 21.50, 25, 0.0),
(1733, 10915, 17, 39.00, 10, 0.0),
(1734, 10915, 33, 2.50, 30, 0.0),
(1735, 10915, 54, 7.45, 10, 0.0),
(1736, 10916, 16, 17.45, 6, 0.0),
(1737, 10916, 32, 32.00, 6, 0.0),
(1738, 10916, 57, 19.50, 20, 0.0),
(1739, 10917, 30, 25.89, 1, 0.0),
(1740, 10917, 60, 34.00, 10, 0.0),
(1741, 10918, 1, 18.00, 60, 0.25),
(1742, 10918, 60, 34.00, 25, 0.25),
(1743, 10919, 16, 17.45, 24, 0.0),
(1744, 10919, 25, 14.00, 24, 0.0),
(1745, 10919, 40, 18.40, 20, 0.0),
(1746, 10920, 50, 16.25, 24, 0.0),
(1747, 10921, 35, 18.00, 10, 0.0),
(1748, 10921, 63, 43.90, 40, 0.0),
(1749, 10922, 17, 39.00, 15, 0.0),
(1750, 10922, 24, 4.50, 35, 0.0),
(1751, 10923, 42, 14.00, 10, 0.2),
(1752, 10923, 43, 46.00, 10, 0.2),
(1753, 10923, 67, 14.00, 24, 0.2),
(1754, 10924, 10, 31.00, 20, 0.1),
(1755, 10924, 28, 45.60, 30, 0.1),
(1756, 10924, 75, 7.75, 6, 0.0),
(1757, 10925, 36, 19.00, 25, 0.15),
(1758, 10925, 52, 7.00, 12, 0.15),
(1759, 10926, 11, 21.00, 2, 0.0),
(1760, 10926, 13, 6.00, 10, 0.0),
(1761, 10926, 19, 9.20, 7, 0.0),
(1762, 10926, 72, 34.80, 10, 0.0);
INSERT INTO PUBLIC.ORDER_DETAILS(ID, ORDER_ID, PRODUCT_ID, UNIT_PRICE, QUANTITY, DISCOUNT) VALUES
(1763, 10927, 20, 81.00, 5, 0.0),
(1764, 10927, 52, 7.00, 5, 0.0),
(1765, 10927, 76, 18.00, 20, 0.0),
(1766, 10928, 47, 9.50, 5, 0.0),
(1767, 10928, 76, 18.00, 5, 0.0),
(1768, 10929, 21, 10.00, 60, 0.0),
(1769, 10929, 75, 7.75, 49, 0.0),
(1770, 10929, 77, 13.00, 15, 0.0),
(1771, 10930, 21, 10.00, 36, 0.0),
(1772, 10930, 27, 43.90, 25, 0.0),
(1773, 10930, 55, 24.00, 25, 0.2),
(1774, 10930, 58, 13.25, 30, 0.2),
(1775, 10931, 13, 6.00, 42, 0.15),
(1776, 10931, 57, 19.50, 30, 0.0),
(1777, 10932, 16, 17.45, 30, 0.1),
(1778, 10932, 62, 49.30, 14, 0.1),
(1779, 10932, 72, 34.80, 16, 0.0),
(1780, 10932, 75, 7.75, 20, 0.1),
(1781, 10933, 53, 32.80, 2, 0.0),
(1782, 10933, 61, 28.50, 30, 0.0),
(1783, 10934, 6, 25.00, 20, 0.0),
(1784, 10935, 1, 18.00, 21, 0.0),
(1785, 10935, 18, 62.50, 4, 0.25),
(1786, 10935, 23, 9.00, 8, 0.25),
(1787, 10936, 36, 19.00, 30, 0.2),
(1788, 10937, 28, 45.60, 8, 0.0),
(1789, 10937, 34, 14.00, 20, 0.0),
(1790, 10938, 13, 6.00, 20, 0.25),
(1791, 10938, 43, 46.00, 24, 0.25),
(1792, 10938, 60, 34.00, 49, 0.25),
(1793, 10938, 71, 21.50, 35, 0.25),
(1794, 10939, 2, 19.00, 10, 0.15),
(1795, 10939, 67, 14.00, 40, 0.15),
(1796, 10940, 7, 30.00, 8, 0.0),
(1797, 10940, 13, 6.00, 20, 0.0),
(1798, 10941, 31, 12.50, 44, 0.25),
(1799, 10941, 62, 49.30, 30, 0.25),
(1800, 10941, 68, 12.50, 80, 0.25),
(1801, 10941, 72, 34.80, 50, 0.0),
(1802, 10942, 49, 20.00, 28, 0.0),
(1803, 10943, 13, 6.00, 15, 0.0),
(1804, 10943, 22, 21.00, 21, 0.0),
(1805, 10943, 46, 12.00, 15, 0.0),
(1806, 10944, 11, 21.00, 5, 0.25),
(1807, 10944, 44, 19.45, 18, 0.25),
(1808, 10944, 56, 38.00, 18, 0.0),
(1809, 10945, 13, 6.00, 20, 0.0),
(1810, 10945, 31, 12.50, 10, 0.0),
(1811, 10946, 10, 31.00, 25, 0.0),
(1812, 10946, 24, 4.50, 25, 0.0),
(1813, 10946, 77, 13.00, 40, 0.0),
(1814, 10947, 59, 55.00, 4, 0.0),
(1815, 10948, 50, 16.25, 9, 0.0),
(1816, 10948, 51, 53.00, 40, 0.0),
(1817, 10948, 55, 24.00, 4, 0.0),
(1818, 10949, 6, 25.00, 12, 0.0),
(1819, 10949, 10, 31.00, 30, 0.0),
(1820, 10949, 17, 39.00, 6, 0.0),
(1821, 10949, 62, 49.30, 60, 0.0),
(1822, 10950, 4, 22.00, 5, 0.0),
(1823, 10951, 33, 2.50, 15, 0.05),
(1824, 10951, 41, 9.65, 6, 0.05),
(1825, 10951, 75, 7.75, 50, 0.05),
(1826, 10952, 6, 25.00, 16, 0.05),
(1827, 10952, 28, 45.60, 2, 0.0),
(1828, 10953, 20, 81.00, 50, 0.05),
(1829, 10953, 31, 12.50, 50, 0.05),
(1830, 10954, 16, 17.45, 28, 0.15),
(1831, 10954, 31, 12.50, 25, 0.15),
(1832, 10954, 45, 9.50, 30, 0.0),
(1833, 10954, 60, 34.00, 24, 0.15),
(1834, 10955, 75, 7.75, 12, 0.2),
(1835, 10956, 21, 10.00, 12, 0.0),
(1836, 10956, 47, 9.50, 14, 0.0),
(1837, 10956, 51, 53.00, 8, 0.0),
(1838, 10957, 30, 25.89, 30, 0.0),
(1839, 10957, 35, 18.00, 40, 0.0),
(1840, 10957, 64, 33.25, 8, 0.0),
(1841, 10958, 5, 21.35, 20, 0.0),
(1842, 10958, 7, 30.00, 6, 0.0),
(1843, 10958, 72, 34.80, 5, 0.0),
(1844, 10959, 75, 7.75, 20, 0.15),
(1845, 10960, 24, 4.50, 10, 0.25),
(1846, 10960, 41, 9.65, 24, 0.0),
(1847, 10961, 52, 7.00, 6, 0.05),
(1848, 10961, 76, 18.00, 60, 0.0),
(1849, 10962, 7, 30.00, 45, 0.0),
(1850, 10962, 13, 6.00, 77, 0.0),
(1851, 10962, 53, 32.80, 20, 0.0),
(1852, 10962, 69, 36.00, 9, 0.0),
(1853, 10962, 76, 18.00, 44, 0.0),
(1854, 10963, 60, 34.00, 2, 0.15),
(1855, 10964, 18, 62.50, 6, 0.0),
(1856, 10964, 38, 263.50, 5, 0.0),
(1857, 10964, 69, 36.00, 10, 0.0),
(1858, 10965, 51, 53.00, 16, 0.0),
(1859, 10966, 37, 26.00, 8, 0.0),
(1860, 10966, 56, 38.00, 12, 0.15),
(1861, 10966, 62, 49.30, 12, 0.15),
(1862, 10967, 19, 9.20, 12, 0.0),
(1863, 10967, 49, 20.00, 40, 0.0),
(1864, 10968, 12, 38.00, 30, 0.0),
(1865, 10968, 24, 4.50, 30, 0.0),
(1866, 10968, 64, 33.25, 4, 0.0),
(1867, 10969, 46, 12.00, 9, 0.0),
(1868, 10970, 52, 7.00, 40, 0.2),
(1869, 10971, 29, 123.79, 14, 0.0),
(1870, 10972, 17, 39.00, 6, 0.0),
(1871, 10972, 33, 2.50, 7, 0.0),
(1872, 10973, 26, 31.23, 5, 0.0),
(1873, 10973, 41, 9.65, 6, 0.0),
(1874, 10973, 75, 7.75, 10, 0.0),
(1875, 10974, 63, 43.90, 10, 0.0),
(1876, 10975, 8, 40.00, 16, 0.0),
(1877, 10975, 75, 7.75, 10, 0.0),
(1878, 10976, 28, 45.60, 20, 0.0);
INSERT INTO PUBLIC.ORDER_DETAILS(ID, ORDER_ID, PRODUCT_ID, UNIT_PRICE, QUANTITY, DISCOUNT) VALUES
(1879, 10977, 39, 18.00, 30, 0.0),
(1880, 10977, 47, 9.50, 30, 0.0),
(1881, 10977, 51, 53.00, 10, 0.0),
(1882, 10977, 63, 43.90, 20, 0.0),
(1883, 10978, 8, 40.00, 20, 0.15),
(1884, 10978, 21, 10.00, 40, 0.15),
(1885, 10978, 40, 18.40, 10, 0.0),
(1886, 10978, 44, 19.45, 6, 0.15),
(1887, 10979, 7, 30.00, 18, 0.0),
(1888, 10979, 12, 38.00, 20, 0.0),
(1889, 10979, 24, 4.50, 80, 0.0),
(1890, 10979, 27, 43.90, 30, 0.0),
(1891, 10979, 31, 12.50, 24, 0.0),
(1892, 10979, 63, 43.90, 35, 0.0),
(1893, 10980, 75, 7.75, 40, 0.2),
(1894, 10981, 38, 263.50, 60, 0.0),
(1895, 10982, 7, 30.00, 20, 0.0),
(1896, 10982, 43, 46.00, 9, 0.0),
(1897, 10983, 13, 6.00, 84, 0.15),
(1898, 10983, 57, 19.50, 15, 0.0),
(1899, 10984, 16, 17.45, 55, 0.0),
(1900, 10984, 24, 4.50, 20, 0.0),
(1901, 10984, 36, 19.00, 40, 0.0),
(1902, 10985, 16, 17.45, 36, 0.1),
(1903, 10985, 18, 62.50, 8, 0.1),
(1904, 10985, 32, 32.00, 35, 0.1),
(1905, 10986, 11, 21.00, 30, 0.0),
(1906, 10986, 20, 81.00, 15, 0.0),
(1907, 10986, 76, 18.00, 10, 0.0),
(1908, 10986, 77, 13.00, 15, 0.0),
(1909, 10987, 7, 30.00, 60, 0.0),
(1910, 10987, 43, 46.00, 6, 0.0),
(1911, 10987, 72, 34.80, 20, 0.0),
(1912, 10988, 7, 30.00, 60, 0.0),
(1913, 10988, 62, 49.30, 40, 0.1),
(1914, 10989, 6, 25.00, 40, 0.0),
(1915, 10989, 11, 21.00, 15, 0.0),
(1916, 10989, 41, 9.65, 4, 0.0),
(1917, 10990, 21, 10.00, 65, 0.0),
(1918, 10990, 34, 14.00, 60, 0.15),
(1919, 10990, 55, 24.00, 65, 0.15),
(1920, 10990, 61, 28.50, 66, 0.15),
(1921, 10991, 2, 19.00, 50, 0.2),
(1922, 10991, 70, 15.00, 20, 0.2),
(1923, 10991, 76, 18.00, 90, 0.2),
(1924, 10992, 72, 34.80, 2, 0.0),
(1925, 10993, 29, 123.79, 50, 0.25),
(1926, 10993, 41, 9.65, 35, 0.25),
(1927, 10994, 59, 55.00, 18, 0.05),
(1928, 10995, 51, 53.00, 20, 0.0),
(1929, 10995, 60, 34.00, 4, 0.0),
(1930, 10996, 42, 14.00, 40, 0.0),
(1931, 10997, 32, 32.00, 50, 0.0),
(1932, 10997, 46, 12.00, 20, 0.25),
(1933, 10997, 52, 7.00, 20, 0.25),
(1934, 10998, 24, 4.50, 12, 0.0),
(1935, 10998, 61, 28.50, 7, 0.0),
(1936, 10998, 74, 10.00, 20, 0.0),
(1937, 10998, 75, 7.75, 30, 0.0),
(1938, 10999, 41, 9.65, 20, 0.05),
(1939, 10999, 51, 53.00, 15, 0.05),
(1940, 10999, 77, 13.00, 21, 0.05),
(1941, 11000, 4, 22.00, 25, 0.25),
(1942, 11000, 24, 4.50, 30, 0.25),
(1943, 11000, 77, 13.00, 30, 0.0),
(1944, 11001, 7, 30.00, 60, 0.0),
(1945, 11001, 22, 21.00, 25, 0.0),
(1946, 11001, 46, 12.00, 25, 0.0),
(1947, 11001, 55, 24.00, 6, 0.0),
(1948, 11002, 13, 6.00, 56, 0.0),
(1949, 11002, 35, 18.00, 15, 0.15),
(1950, 11002, 42, 14.00, 24, 0.15),
(1951, 11002, 55, 24.00, 40, 0.0),
(1952, 11003, 1, 18.00, 4, 0.0),
(1953, 11003, 40, 18.40, 10, 0.0),
(1954, 11003, 52, 7.00, 10, 0.0),
(1955, 11004, 26, 31.23, 6, 0.0),
(1956, 11004, 76, 18.00, 6, 0.0),
(1957, 11005, 1, 18.00, 2, 0.0),
(1958, 11005, 59, 55.00, 10, 0.0),
(1959, 11006, 1, 18.00, 8, 0.0),
(1960, 11006, 29, 123.79, 2, 0.25),
(1961, 11007, 8, 40.00, 30, 0.0),
(1962, 11007, 29, 123.79, 10, 0.0),
(1963, 11007, 42, 14.00, 14, 0.0),
(1964, 11008, 28, 45.60, 70, 0.05),
(1965, 11008, 34, 14.00, 90, 0.05),
(1966, 11008, 71, 21.50, 21, 0.0),
(1967, 11009, 24, 4.50, 12, 0.0),
(1968, 11009, 36, 19.00, 18, 0.25),
(1969, 11009, 60, 34.00, 9, 0.0),
(1970, 11010, 7, 30.00, 20, 0.0),
(1971, 11010, 24, 4.50, 10, 0.0),
(1972, 11011, 58, 13.25, 40, 0.05),
(1973, 11011, 71, 21.50, 20, 0.0),
(1974, 11012, 19, 9.20, 50, 0.05),
(1975, 11012, 60, 34.00, 36, 0.05),
(1976, 11012, 71, 21.50, 60, 0.05),
(1977, 11013, 23, 9.00, 10, 0.0),
(1978, 11013, 42, 14.00, 4, 0.0),
(1979, 11013, 45, 9.50, 20, 0.0),
(1980, 11013, 68, 12.50, 2, 0.0),
(1981, 11014, 41, 9.65, 28, 0.1),
(1982, 11015, 30, 25.89, 15, 0.0),
(1983, 11015, 77, 13.00, 18, 0.0),
(1984, 11016, 31, 12.50, 15, 0.0),
(1985, 11016, 36, 19.00, 16, 0.0),
(1986, 11017, 3, 10.00, 25, 0.0),
(1987, 11017, 59, 55.00, 110, 0.0),
(1988, 11017, 70, 15.00, 30, 0.0),
(1989, 11018, 12, 38.00, 20, 0.0),
(1990, 11018, 18, 62.50, 10, 0.0),
(1991, 11018, 56, 38.00, 5, 0.0),
(1992, 11019, 46, 12.00, 3, 0.0),
(1993, 11019, 49, 20.00, 2, 0.0);
INSERT INTO PUBLIC.ORDER_DETAILS(ID, ORDER_ID, PRODUCT_ID, UNIT_PRICE, QUANTITY, DISCOUNT) VALUES
(1994, 11020, 10, 31.00, 24, 0.15),
(1995, 11021, 2, 19.00, 11, 0.25),
(1996, 11021, 20, 81.00, 15, 0.0),
(1997, 11021, 26, 31.23, 63, 0.0),
(1998, 11021, 51, 53.00, 44, 0.25),
(1999, 11021, 72, 34.80, 35, 0.0),
(2000, 11022, 19, 9.20, 35, 0.0),
(2001, 11022, 69, 36.00, 30, 0.0),
(2002, 11023, 7, 30.00, 4, 0.0),
(2003, 11023, 43, 46.00, 30, 0.0),
(2004, 11024, 26, 31.23, 12, 0.0),
(2005, 11024, 33, 2.50, 30, 0.0),
(2006, 11024, 65, 21.05, 21, 0.0),
(2007, 11024, 71, 21.50, 50, 0.0),
(2008, 11025, 1, 18.00, 10, 0.1),
(2009, 11025, 13, 6.00, 20, 0.1),
(2010, 11026, 18, 62.50, 8, 0.0),
(2011, 11026, 51, 53.00, 10, 0.0),
(2012, 11027, 24, 4.50, 30, 0.25),
(2013, 11027, 62, 49.30, 21, 0.25),
(2014, 11028, 55, 24.00, 35, 0.0),
(2015, 11028, 59, 55.00, 24, 0.0),
(2016, 11029, 56, 38.00, 20, 0.0),
(2017, 11029, 63, 43.90, 12, 0.0),
(2018, 11030, 2, 19.00, 100, 0.25),
(2019, 11030, 5, 21.35, 70, 0.0),
(2020, 11030, 29, 123.79, 60, 0.25),
(2021, 11030, 59, 55.00, 100, 0.25),
(2022, 11031, 1, 18.00, 45, 0.0),
(2023, 11031, 13, 6.00, 80, 0.0),
(2024, 11031, 24, 4.50, 21, 0.0),
(2025, 11031, 64, 33.25, 20, 0.0),
(2026, 11031, 71, 21.50, 16, 0.0),
(2027, 11032, 36, 19.00, 35, 0.0),
(2028, 11032, 38, 263.50, 25, 0.0),
(2029, 11032, 59, 55.00, 30, 0.0),
(2030, 11033, 53, 32.80, 70, 0.1),
(2031, 11033, 69, 36.00, 36, 0.1),
(2032, 11034, 21, 10.00, 15, 0.1),
(2033, 11034, 44, 19.45, 12, 0.0),
(2034, 11034, 61, 28.50, 6, 0.0),
(2035, 11035, 1, 18.00, 10, 0.0),
(2036, 11035, 35, 18.00, 60, 0.0),
(2037, 11035, 42, 14.00, 30, 0.0),
(2038, 11035, 54, 7.45, 10, 0.0),
(2039, 11036, 13, 6.00, 7, 0.0),
(2040, 11036, 59, 55.00, 30, 0.0),
(2041, 11037, 70, 15.00, 4, 0.0),
(2042, 11038, 40, 18.40, 5, 0.2),
(2043, 11038, 52, 7.00, 2, 0.0),
(2044, 11038, 71, 21.50, 30, 0.0),
(2045, 11039, 28, 45.60, 20, 0.0),
(2046, 11039, 35, 18.00, 24, 0.0),
(2047, 11039, 49, 20.00, 60, 0.0),
(2048, 11039, 57, 19.50, 28, 0.0),
(2049, 11040, 21, 10.00, 20, 0.0),
(2050, 11041, 2, 19.00, 30, 0.2),
(2051, 11041, 63, 43.90, 30, 0.0),
(2052, 11042, 44, 19.45, 15, 0.0),
(2053, 11042, 61, 28.50, 4, 0.0),
(2054, 11043, 11, 21.00, 10, 0.0),
(2055, 11044, 62, 49.30, 12, 0.0),
(2056, 11045, 33, 2.50, 15, 0.0),
(2057, 11045, 51, 53.00, 24, 0.0),
(2058, 11046, 12, 38.00, 20, 0.05),
(2059, 11046, 32, 32.00, 15, 0.05),
(2060, 11046, 35, 18.00, 18, 0.05),
(2061, 11047, 1, 18.00, 25, 0.25),
(2062, 11047, 5, 21.35, 30, 0.25),
(2063, 11048, 68, 12.50, 42, 0.0),
(2064, 11049, 2, 19.00, 10, 0.2),
(2065, 11049, 12, 38.00, 4, 0.2),
(2066, 11050, 76, 18.00, 50, 0.1),
(2067, 11051, 24, 4.50, 10, 0.2),
(2068, 11052, 43, 46.00, 30, 0.2),
(2069, 11052, 61, 28.50, 10, 0.2),
(2070, 11053, 18, 62.50, 35, 0.2),
(2071, 11053, 32, 32.00, 20, 0.0),
(2072, 11053, 64, 33.25, 25, 0.2),
(2073, 11054, 33, 2.50, 10, 0.0),
(2074, 11054, 67, 14.00, 20, 0.0),
(2075, 11055, 24, 4.50, 15, 0.0),
(2076, 11055, 25, 14.00, 15, 0.0),
(2077, 11055, 51, 53.00, 20, 0.0),
(2078, 11055, 57, 19.50, 20, 0.0),
(2079, 11056, 7, 30.00, 40, 0.0),
(2080, 11056, 55, 24.00, 35, 0.0),
(2081, 11056, 60, 34.00, 50, 0.0),
(2082, 11057, 70, 15.00, 3, 0.0),
(2083, 11058, 21, 10.00, 3, 0.0),
(2084, 11058, 60, 34.00, 21, 0.0),
(2085, 11058, 61, 28.50, 4, 0.0),
(2086, 11059, 13, 6.00, 30, 0.0),
(2087, 11059, 17, 39.00, 12, 0.0),
(2088, 11059, 60, 34.00, 35, 0.0),
(2089, 11060, 60, 34.00, 4, 0.0),
(2090, 11060, 77, 13.00, 10, 0.0),
(2091, 11061, 60, 34.00, 15, 0.0),
(2092, 11062, 53, 32.80, 10, 0.2),
(2093, 11062, 70, 15.00, 12, 0.2),
(2094, 11063, 34, 14.00, 30, 0.0),
(2095, 11063, 40, 18.40, 40, 0.1),
(2096, 11063, 41, 9.65, 30, 0.1),
(2097, 11064, 17, 39.00, 77, 0.1),
(2098, 11064, 41, 9.65, 12, 0.0),
(2099, 11064, 53, 32.80, 25, 0.1),
(2100, 11064, 55, 24.00, 4, 0.1),
(2101, 11064, 68, 12.50, 55, 0.0),
(2102, 11065, 30, 25.89, 4, 0.25),
(2103, 11065, 54, 7.45, 20, 0.25),
(2104, 11066, 16, 17.45, 3, 0.0),
(2105, 11066, 19, 9.20, 42, 0.0),
(2106, 11066, 34, 14.00, 35, 0.0),
(2107, 11067, 41, 9.65, 9, 0.0),
(2108, 11068, 28, 45.60, 8, 0.15),
(2109, 11068, 43, 46.00, 36, 0.15);
INSERT INTO PUBLIC.ORDER_DETAILS(ID, ORDER_ID, PRODUCT_ID, UNIT_PRICE, QUANTITY, DISCOUNT) VALUES
(2110, 11068, 77, 13.00, 28, 0.15),
(2111, 11069, 39, 18.00, 20, 0.0),
(2112, 11070, 1, 18.00, 40, 0.15),
(2113, 11070, 2, 19.00, 20, 0.15),
(2114, 11070, 16, 17.45, 30, 0.15),
(2115, 11070, 31, 12.50, 20, 0.0),
(2116, 11071, 7, 30.00, 15, 0.05),
(2117, 11071, 13, 6.00, 10, 0.05),
(2118, 11072, 2, 19.00, 8, 0.0),
(2119, 11072, 41, 9.65, 40, 0.0),
(2120, 11072, 50, 16.25, 22, 0.0),
(2121, 11072, 64, 33.25, 130, 0.0),
(2122, 11073, 11, 21.00, 10, 0.0),
(2123, 11073, 24, 4.50, 20, 0.0),
(2124, 11074, 16, 17.45, 14, 0.05),
(2125, 11075, 2, 19.00, 10, 0.15),
(2126, 11075, 46, 12.00, 30, 0.15),
(2127, 11075, 76, 18.00, 2, 0.15),
(2128, 11076, 6, 25.00, 20, 0.25),
(2129, 11076, 14, 23.25, 20, 0.25),
(2130, 11076, 19, 9.20, 10, 0.25),
(2131, 11077, 2, 19.00, 24, 0.2),
(2132, 11077, 3, 10.00, 4, 0.0),
(2133, 11077, 4, 22.00, 1, 0.0),
(2134, 11077, 6, 25.00, 1, 0.02),
(2135, 11077, 7, 30.00, 1, 0.05),
(2136, 11077, 8, 40.00, 2, 0.1),
(2137, 11077, 10, 31.00, 1, 0.0),
(2138, 11077, 12, 38.00, 2, 0.05),
(2139, 11077, 13, 6.00, 4, 0.0),
(2140, 11077, 14, 23.25, 1, 0.03),
(2141, 11077, 16, 17.45, 2, 0.03),
(2142, 11077, 20, 81.00, 1, 0.04),
(2143, 11077, 23, 9.00, 2, 0.0),
(2144, 11077, 32, 32.00, 1, 0.0),
(2145, 11077, 39, 18.00, 2, 0.05),
(2146, 11077, 41, 9.65, 3, 0.0),
(2147, 11077, 46, 12.00, 3, 0.02),
(2148, 11077, 52, 7.00, 2, 0.0),
(2149, 11077, 55, 24.00, 2, 0.0),
(2150, 11077, 60, 34.00, 2, 0.06),
(2151, 11077, 64, 33.25, 2, 0.03),
(2152, 11077, 66, 17.00, 1, 0.0),
(2153, 11077, 73, 15.00, 2, 0.01),
(2154, 11077, 75, 7.75, 4, 0.0),
(2155, 11077, 77, 13.00, 2, 0.0);
CREATE INDEX PUBLIC.I_ORDERDETAILS_ORDERID ON PUBLIC.ORDER_DETAILS(ORDER_ID);
CREATE INDEX PUBLIC.I_ORDERDETAILS_PRODUCTID ON PUBLIC.ORDER_DETAILS(PRODUCT_ID);
CREATE CACHED TABLE PUBLIC.EXAMPLE_CATEGORIES(
    ID NUMERIC(6) NOT NULL,
    CATEGORY_ID NUMERIC(6),
    LABEL VARCHAR(50),
    IS_NEW SMALLINT DEFAULT 0 NOT NULL,
    IS_HOT SMALLINT DEFAULT 0 NOT NULL,
    SORT_FLAG INTEGER DEFAULT 0,
    ICON VARCHAR(100),
    URL VARCHAR(200),
    TAGS VARCHAR(200),
    SUMMARY VARCHAR(1000)
);
ALTER TABLE PUBLIC.EXAMPLE_CATEGORIES ADD CONSTRAINT PUBLIC.CONSTRAINT_2 PRIMARY KEY(ID);
-- 14 +/- SELECT COUNT(*) FROM PUBLIC.EXAMPLE_CATEGORIES;
INSERT INTO PUBLIC.EXAMPLE_CATEGORIES(ID, CATEGORY_ID, LABEL, IS_NEW, IS_HOT, SORT_FLAG, ICON, URL, TAGS, SUMMARY) VALUES
(86852, 40452, STRINGDECODE('\u8868\u5355'), 0, 0, 3, NULL, NULL, NULL, NULL),
(86850, 40452, STRINGDECODE('\u6811'), 0, 0, 5, NULL, NULL, NULL, NULL),
(86851, 40452, STRINGDECODE('\u62d6\u62fd'), 0, 0, 6, NULL, NULL, NULL, NULL),
(88452, 40452, STRINGDECODE('\u5176\u4ed6\u63a7\u4ef6'), 0, 0, 8, NULL, NULL, NULL, NULL),
(88450, 40452, STRINGDECODE('\u6269\u5c55'), 0, 0, 9, NULL, NULL, NULL, NULL),
(40452, NULL, STRINGDECODE('\u63a7\u4ef6'), 0, 0, 5, NULL, NULL, NULL, NULL),
(37001, NULL, STRINGDECODE('\u5176\u5b83'), 0, 0, 6, NULL, NULL, NULL, NULL),
(88455, NULL, STRINGDECODE('\u57fa\u672c\u529f\u80fd'), 0, 0, 2, NULL, NULL, NULL, NULL),
(40450, NULL, STRINGDECODE('\u5e03\u5c40'), 0, 0, 3, NULL, NULL, NULL, NULL),
(40451, NULL, STRINGDECODE('\u6570\u636e\u5904\u7406'), 0, 0, 4, NULL, NULL, NULL, NULL),
(88453, 40452, STRINGDECODE('\u57fa\u672c\u63a7\u4ef6'), 0, 0, 2, NULL, NULL, NULL, NULL),
(88451, 40452, STRINGDECODE('\u8868\u683c'), 0, 0, 4, NULL, NULL, NULL, NULL),
(88454, 40452, STRINGDECODE('\u56fe\u8868'), 0, 0, 7, NULL, NULL, NULL, NULL),
(37000, NULL, STRINGDECODE('\u5feb\u901f\u5165\u95e8'), 0, 0, 1, '>images/tutorial.gif', NULL, 'Tutorial QuickStart', STRINGDECODE('\u8fd9\u662f\u4e00\u7ec4\u6700\u57fa\u672c\u7684\u793a\u4f8b\uff0c\u8fd9\u5957\u793a\u4f8b\u5c06\u5e26\u60a8\u7531\u6d45\u5165\u6df1\u7684\u4e86\u89e3Dorado7\u7684\u57fa\u672c\u5f00\u53d1\u6280\u80fd\u3002'));
CREATE INDEX PUBLIC.I_CATEGORIES_SORT_FLAG ON PUBLIC.EXAMPLE_CATEGORIES(CATEGORY_ID, SORT_FLAG);
CREATE CACHED TABLE PUBLIC.CATEGORY_EXAMPLE_RELATIONS(
    CATEGORY_ID NUMERIC(6) NOT NULL,
    EXAMPLE_ID NUMERIC(6) NOT NULL,
    SORT_FLAG INTEGER DEFAULT 0
);
ALTER TABLE PUBLIC.CATEGORY_EXAMPLE_RELATIONS ADD CONSTRAINT PUBLIC.CONSTRAINT_D PRIMARY KEY(CATEGORY_ID, EXAMPLE_ID);
-- 85 +/- SELECT COUNT(*) FROM PUBLIC.CATEGORY_EXAMPLE_RELATIONS;
INSERT INTO PUBLIC.CATEGORY_EXAMPLE_RELATIONS(CATEGORY_ID, EXAMPLE_ID, SORT_FLAG) VALUES
(37000, 35400, 2),
(40450, 35400, 1),
(40450, 35401, 2),
(40451, 3301, 1),
(40451, 6550, 2),
(40451, 8150, 3),
(40451, 40352, 4),
(40451, 40350, 5),
(37000, 35401, 4),
(37000, 37050, 5),
(37000, 4900, 6),
(37000, 33800, 1),
(86851, 70800, 1),
(86851, 70801, 2),
(37001, 80450, 13),
(88450, 66000, 1),
(88450, 67600, 2),
(88451, 83600, 1),
(88452, 82000, 1),
(86850, 40350, 1),
(40451, 78850, 6),
(40451, 40365, 7),
(40451, 53150, 8),
(86850, 46750, 2),
(88452, 88500, 2),
(40450, 93250, 3),
(40450, 93251, 4),
(40450, 93252, 5),
(40450, 40355, 8),
(40450, 40362, 9),
(40451, 93253, 9),
(86852, 93254, 5),
(86852, 78850, 1),
(86852, 80451, 2),
(86852, 91650, 3),
(86852, 40351, 4),
(86852, 94900, 6),
(88451, 99650, 2),
(88454, 102850, 1),
(88454, 102851, 2),
(88454, 104450, 3),
(88454, 104451, 4),
(88454, 104452, 5),
(88454, 104453, 6),
(88454, 104454, 7),
(88454, 104455, 8),
(88454, 104456, 9),
(88454, 104457, 10),
(88452, 106050, 3),
(88451, 106051, 3),
(88451, 107650, 4),
(88453, 45150, 1),
(88453, 99651, 2),
(88453, 115650, 3),
(88453, 117250, 4),
(88453, 118850, 5),
(88455, 37050, 1),
(88455, 4900, 2),
(37000, 91650, 13),
(37000, 40365, 14),
(40451, 123650, 10),
(40451, 123651, 11),
(40451, 123652, 12),
(88455, 123654, 6),
(86850, 123659, 3),
(86850, 98050, 4),
(86850, 101250, 5),
(37001, 120450, 15),
(40451, 131750, 13),
(88453, 134900, 6),
(88453, 138100, 7),
(88453, 138101, 8),
(40451, 139700, 14),
(37000, 139800, 7),
(37000, 3301, 8),
(37000, 6550, 9),
(37000, 8150, 10),
(37000, 40352, 11),
(37000, 40350, 12),
(88455, 139800, 3),
(88455, 40361, 4),
(88455, 40363, 5),
(88455, 144650, 7),
(40450, 48350, 6),
(40450, 40354, 7);
CREATE INDEX PUBLIC.I_EXAMPLES_SORT_FLAG ON PUBLIC.CATEGORY_EXAMPLE_RELATIONS(CATEGORY_ID, EXAMPLE_ID, SORT_FLAG);
CREATE CACHED TABLE PUBLIC.EXAMPLE_SOURCES(
    ID NUMERIC(6) NOT NULL,
    EXAMPLE_ID NUMERIC(6),
    SORT_FLAG INTEGER DEFAULT 0,
    LABEL VARCHAR(50),
    PATH VARCHAR(200),
    SUMMARY VARCHAR(1000)
);
ALTER TABLE PUBLIC.EXAMPLE_SOURCES ADD CONSTRAINT PUBLIC.CONSTRAINT_FE PRIMARY KEY(ID);
-- 134 +/- SELECT COUNT(*) FROM PUBLIC.EXAMPLE_SOURCES;
INSERT INTO PUBLIC.EXAMPLE_SOURCES(ID, EXAMPLE_ID, SORT_FLAG, LABEL, PATH, SUMMARY) VALUES
(33850, 33800, 1, STRINGDECODE('\u89c6\u56fe\u914d\u7f6e\u6587\u4ef6'), 'source:com/bstek/dorado/sample/basic/HelloWorld.view.xml', NULL),
(37101, 37050, 2, STRINGDECODE('\u89c6\u56fe\u62e6\u622a\u5668Bean'), 'source:com/bstek/dorado/sample/basic/DynaView.java', NULL),
(37100, 37050, 1, STRINGDECODE('\u89c6\u56fe\u914d\u7f6e\u6587\u4ef6'), 'source:com/bstek/dorado/sample/basic/DynaView.view.xml', NULL),
(27400, 4900, 1, STRINGDECODE('\u89c6\u56fe\u914d\u7f6e\u6587\u4ef6'), 'source:com/bstek/dorado/sample/basic/Ajax.view.xml', NULL),
(27401, 4900, 2, STRINGDECODE('\u89c6\u56fe\u62e6\u622a\u5668'), 'source:com/bstek/dorado/sample/basic/Ajax.java', NULL),
(30601, 3301, 2, STRINGDECODE('\u89c6\u56fe\u914d\u7f6e\u6587\u4ef6'), 'source:com/bstek/dorado/sample/data/SimpleCRUD.view.xml', ''),
(30600, 3301, 3, STRINGDECODE('\u89c6\u56fe\u62e6\u622a\u5668'), 'source:com/bstek/dorado/sample/data/SimpleCRUD.java', NULL),
(38752, 6550, 1, STRINGDECODE('\u89c6\u56fe\u914d\u7f6e\u6587\u4ef6'), 'source:com/bstek/dorado/sample/data/MasterDetail.view.xml', NULL),
(38754, 8150, 1, STRINGDECODE('\u89c6\u56fe\u914d\u7f6e\u6587\u4ef6'), 'source:com/bstek/dorado/sample/data/MasterDetailLazy.view.xml', NULL),
(40400, 40350, 1, STRINGDECODE('\u89c6\u56fe\u914d\u7f6e\u6587\u4ef6'), 'source:com/bstek/dorado/sample/data/RecursiveTree.view.xml', NULL),
(41950, 40352, 1, STRINGDECODE('\u89c6\u56fe\u914d\u7f6e\u6587\u4ef6'), 'source:com/bstek/dorado/sample/data/MapValue.view.xml', NULL),
(41951, 40352, 2, STRINGDECODE('\u516c\u7528\u62e6\u622a\u5668Bean'), 'source:com/bstek/dorado/sample/interceptor/EmployeeInterceptor.java', NULL),
(41952, 40350, 2, STRINGDECODE('\u516c\u7528\u62e6\u622a\u5668Bean'), 'source:com/bstek/dorado/sample/interceptor/EmployeeInterceptor.java', NULL),
(54750, 40354, 1, STRINGDECODE('\u89c6\u56fe\u914d\u7f6e\u6587\u4ef6'), 'source:com/bstek/dorado/sample/basic/VelocityTemplate.view.xml', NULL),
(54751, 40354, 2, STRINGDECODE('\u9875\u9762\u6a21\u677f\u6587\u4ef6'), 'source:com/bstek/dorado/sample/basic/VelocityTemplate.html', NULL),
(54753, 40355, 1, STRINGDECODE('\u89c6\u56fe\u914d\u7f6e\u6587\u4ef6'), 'source:com/bstek/dorado/sample/basic/JspTemplate.view.xml', NULL),
(56350, 40365, 1, STRINGDECODE('\u89c6\u56fe\u914d\u7f6e\u6587\u4ef6'), 'source:com/bstek/dorado/sample/data/SimpleQuery1.view.xml', NULL),
(57950, 53150, 1, STRINGDECODE('\u89c6\u56fe\u914d\u7f6e\u6587\u4ef6'), 'source:com/bstek/dorado/sample/data/DynaHqlQuery.view.xml', NULL),
(62800, 40362, 2, STRINGDECODE('\u89c6\u56fe\u6a21\u677f'), 'source:com/bstek/dorado/sample/basic/TemplateView.view.xml', NULL),
(62801, 40362, 1, STRINGDECODE('\u89c6\u56fe\u914d\u7f6e\u6587\u4ef6'), 'source:com/bstek/dorado/sample/basic/TemplateTest.view.xml', NULL),
(64400, 48350, 3, STRINGDECODE('Velocity\u6a21\u677f\u62e6\u622aBean'), 'source:com/bstek/dorado/sample/basic/VelocityInterceptor.java', NULL),
(64401, 48350, 2, STRINGDECODE('\u9875\u9762\u6a21\u677f\u6587\u4ef6'), 'source:com/bstek/dorado/sample/basic/VelocityInterceptor.html', NULL),
(64402, 48350, 1, STRINGDECODE('\u89c6\u56fe\u914d\u7f6e\u6587\u4ef6'), 'source:com/bstek/dorado/sample/basic/VelocityInterceptor.view.xml', NULL),
(72400, 40365, 2, STRINGDECODE('\u516c\u7528\u62e6\u622a\u5668Bean'), 'source:com/bstek/dorado/sample/interceptor/OrderInterceptor.java', NULL),
(54752, 40355, 2, STRINGDECODE('\u9875\u9762\u6a21\u677f\u6587\u4ef6'), '/WEB-INF/jsp/JspTemplate.jsp', NULL),
(35450, 35400, 1, STRINGDECODE('\u89c6\u56fe\u914d\u7f6e\u6587\u4ef6'), 'source:com/bstek/dorado/sample/layout/DockLayout.view.xml', STRINGDECODE('\u7279\u522b\u8bf4\u660e:\n* 04\u884c: \u6b64\u5904\u5b9a\u4e49\u4e86\u4e00\u4e2a\u540d\u4e3alayoutRegion\u7684\u53c2\u6570\uff0c\u7528\u4e8e\u7b80\u5316\u540e\u976207\u884c\uff5e13\u884c\u7684\u914d\u7f6e\u3002\n* 06\u884c: \u6b64\u5904\u5b9a\u4e49\u4e86View\u7684\u5e03\u5c40\u7ba1\u7406\u5668\u4e3aDockLayout\uff0c\u540c\u65f6\u8bbe\u5b9a\u4e86\u8be5\u5e03\u5c40\u7ba1\u7406\u5668\u7684padding\u5c5e\u6027\u7684\u503c\u4e3a1\u3002\u5982\u679c\u60a8\u5e76\u4e0d\u9700\u8981\u8bbe\u5b9apadding\u5c5e\u6027\uff0c\u90a3\u4e48\u6b64\u884c\u4e2d\u6574\u4e2alayout\u7684\u5c5e\u6027\u90fd\u53ef\u4ee5\u7701\u7565\uff0c\u56e0\u6b64Dorado\u4e2d\u9ed8\u8ba4\u7684\u5e03\u5c40\u7ba1\u7406\u5668\u5c31\u662fDockLayout\u3002'));
INSERT INTO PUBLIC.EXAMPLE_SOURCES(ID, EXAMPLE_ID, SORT_FLAG, LABEL, PATH, SUMMARY) VALUES
(94850, 93253, 2, STRINGDECODE('\u89c6\u56fe\u62e6\u622a\u5668Bean'), 'source:com/bstek/dorado/sample/data/VirtualProperty.java', NULL),
(94851, 93253, 3, STRINGDECODE('\u6570\u636e\u5b9e\u4f53Bean'), 'source:com/bstek/dorado/sample/data/MockCategory.java', NULL),
(94852, 93253, 1, STRINGDECODE('\u89c6\u56fe\u914d\u7f6e\u6587\u4ef6'), 'source:com/bstek/dorado/sample/data/VirtualProperty.view.xml', NULL),
(96451, 94900, 1, STRINGDECODE('\u89c6\u56fe\u914d\u7f6e\u6587\u4ef6'), 'source:com/bstek/dorado/sample/widget/form/LinkageDropDowns2.view.xml', NULL),
(66051, 66000, 2, STRINGDECODE('\u7ec4\u88c5\u63a7\u4ef6\u5b9a\u4e49\u6587\u4ef6'), 'source:com/bstek/dorado/sample/widget/customize/AssembledComponents.view.xml', NULL),
(66050, 66000, 1, STRINGDECODE('\u89c6\u56fe\u914d\u7f6e\u6587\u4ef6'), 'source:com/bstek/dorado/sample/widget/customize/XmlAssembledComponent.view.xml', NULL),
(67650, 67600, 1, STRINGDECODE('\u89c6\u56fe\u914d\u7f6e\u6587\u4ef6'), 'source:com/bstek/dorado/sample/widget/customize/ObjectAssembledComponent.view.xml', NULL),
(35451, 35401, 1, STRINGDECODE('\u89c6\u56fe\u914d\u7f6e\u6587\u4ef6'), 'source:com/bstek/dorado/sample/layout/AnchorLayout.view.xml', NULL),
(107700, 93250, 1, STRINGDECODE('\u89c6\u56fe\u914d\u7f6e\u6587\u4ef6'), 'source:com/bstek/dorado/sample/layout/FormLayout.view.xml', NULL),
(107701, 93251, 1, STRINGDECODE('\u89c6\u56fe\u914d\u7f6e\u6587\u4ef6'), 'source:com/bstek/dorado/sample/layout/HBoxLayout.view.xml', NULL),
(107702, 93252, 1, STRINGDECODE('\u89c6\u56fe\u914d\u7f6e\u6587\u4ef6'), 'source:com/bstek/dorado/sample/layout/VBoxLayout.view.xml', NULL),
(109250, 40351, 2, STRINGDECODE('\u89c6\u56fe\u62e6\u622a\u5668Bean'), 'source:com/bstek/dorado/sample/interceptor/OrderInterceptor.java', NULL),
(109251, 78850, 2, STRINGDECODE('\u89c6\u56fe\u62e6\u622a\u5668Bean'), 'source:com/bstek/dorado/sample/data/Validators.java', NULL),
(109252, 78850, 1, STRINGDECODE('\u89c6\u56fe\u914d\u7f6e\u6587\u4ef6'), 'source:com/bstek/dorado/sample/data/Validators.view.xml', NULL),
(109254, 80451, 1, STRINGDECODE('\u89c6\u56fe\u914d\u7f6e\u6587\u4ef6'), 'source:com/bstek/dorado/sample/widge/form/EditorAndTrigger.view.xml', NULL),
(109255, 83600, 1, STRINGDECODE('\u89c6\u56fe\u914d\u7f6e\u6587\u4ef6'), 'source:com/bstek/dorado/sample/widget/grid/DataGrid.view.xml', NULL),
(109256, 99650, 1, STRINGDECODE('\u89c6\u56fe\u914d\u7f6e\u6587\u4ef6'), 'source:com/bstek/dorado/sample/widget/grid/ServerSideFilterAndSort.view.xml', NULL),
(109257, 99650, 2, STRINGDECODE('\u89c6\u56fe\u62e6\u622a\u5668Bean'), 'source:com/bstek/dorado/sample/widget/grid/ServerSideFilterAndSort.java', NULL),
(109258, 106051, 1, STRINGDECODE('\u89c6\u56fe\u914d\u7f6e\u6587\u4ef6'), 'source:com/bstek/dorado/sample/widget/grid/CustomRendering.view.xml', NULL),
(109259, 107650, 1, STRINGDECODE('\u89c6\u56fe\u914d\u7f6e\u6587\u4ef6'), 'source:com/bstek/dorado/sample/widget/grid/CustomCellEditor.view.xml', NULL),
(109260, 46750, 2, STRINGDECODE('\u516c\u7528\u62e6\u622a\u5668Bean'), 'source:com/bstek/dorado/sample/interceptor/EmployeeInterceptor.java', NULL),
(109261, 46750, 1, STRINGDECODE('\u89c6\u56fe\u914d\u7f6e\u6587\u4ef6'), 'source:com/bstek/dorado/sample/widget/tree/TreeGrid.view.xml', NULL),
(109262, 98050, 1, STRINGDECODE('\u89c6\u56fe\u914d\u7f6e\u6587\u4ef6'), 'source:com/bstek/dorado/sample/widget/tree/OperateTreeNode.view.xml', NULL),
(109263, 98050, 2, STRINGDECODE('\u516c\u7528\u62e6\u622a\u5668Bean'), 'source:com/bstek/dorado/sample/interceptor/EmployeeInterceptor.java', NULL),
(109264, 101250, 1, STRINGDECODE('\u89c6\u56fe\u914d\u7f6e\u6587\u4ef6'), 'source:com/bstek/dorado/sample/widget/tree/PrepocessTreeNode.view.xml', NULL),
(109265, 101250, 2, STRINGDECODE('\u89c6\u56fe\u62e6\u622a\u5668Bean'), 'source:com/bstek/dorado/sample/widget/tree/PrepocessTreeNode.java', NULL),
(70850, 70800, 1, STRINGDECODE('\u89c6\u56fe\u914d\u7f6e\u6587\u4ef6'), 'source:com/bstek/dorado/sample/widget/dragdrop/DragDrop1.view.xml', NULL),
(70851, 70801, 1, STRINGDECODE('\u89c6\u56fe\u914d\u7f6e\u6587\u4ef6'), 'source:com/bstek/dorado/sample/widget/dragdrop/DragDrop2.view.xml', NULL);
INSERT INTO PUBLIC.EXAMPLE_SOURCES(ID, EXAMPLE_ID, SORT_FLAG, LABEL, PATH, SUMMARY) VALUES
(109266, 102850, 1, STRINGDECODE('\u89c6\u56fe\u914d\u7f6e\u6587\u4ef6'), 'source:com/bstek/dorado/sample/widget/ofc/Line.view.xml', NULL),
(109267, 102851, 1, STRINGDECODE('\u89c6\u56fe\u914d\u7f6e\u6587\u4ef6'), 'source:com/bstek/dorado/sample/widget/ofc/Area.view.xml', NULL),
(109268, 104450, 1, STRINGDECODE('\u89c6\u56fe\u914d\u7f6e\u6587\u4ef6'), 'source:com/bstek/dorado/sample/widget/ofc/Column.view.xml', NULL),
(109269, 104451, 1, STRINGDECODE('\u89c6\u56fe\u914d\u7f6e\u6587\u4ef6'), 'source:com/bstek/dorado/sample/widget/ofc/Bar.view.xml', NULL),
(109270, 104452, 1, STRINGDECODE('\u89c6\u56fe\u914d\u7f6e\u6587\u4ef6'), 'source:com/bstek/dorado/sample/widget/ofc/Pie.view.xml', NULL),
(109271, 104453, 1, STRINGDECODE('\u89c6\u56fe\u914d\u7f6e\u6587\u4ef6'), 'source:com/bstek/dorado/sample/widget/ofc/Radar.view.xml', NULL),
(109272, 104454, 1, STRINGDECODE('\u89c6\u56fe\u914d\u7f6e\u6587\u4ef6'), 'source:com/bstek/dorado/sample/widget/ofc/DualYAxis.view.xml', NULL),
(109273, 104455, 1, STRINGDECODE('\u89c6\u56fe\u914d\u7f6e\u6587\u4ef6'), 'source:com/bstek/dorado/sample/widget/ofc/Scatter.view.xml', NULL),
(109274, 104456, 1, STRINGDECODE('\u89c6\u56fe\u914d\u7f6e\u6587\u4ef6'), 'source:com/bstek/dorado/sample/widget/ofc/Shape.view.xml', NULL),
(109275, 104457, 1, STRINGDECODE('\u89c6\u56fe\u914d\u7f6e\u6587\u4ef6'), 'source:com/bstek/dorado/sample/widget/ofc/StackedColumn.view.xml', NULL),
(110850, 82000, 1, STRINGDECODE('\u89c6\u56fe\u914d\u7f6e\u6587\u4ef6'), 'source:com/bstek/dorado/sample/widget/desktop/Desktop.view.xml', NULL),
(110851, 88500, 1, STRINGDECODE('\u89c6\u56fe\u914d\u7f6e\u6587\u4ef6'), 'source:com/bstek/dorado/sample/widget/portal/Portal.view.xml', NULL),
(110852, 106050, 1, STRINGDECODE('\u89c6\u56fe\u914d\u7f6e\u6587\u4ef6'), 'source:com/bstek/dorado/sample/widget/other/HtmlEditor.view.xml', NULL),
(110853, 80450, 1, STRINGDECODE('\u89c6\u56fe\u914d\u7f6e\u6587\u4ef6'), 'source:com/bstek/dorado/sample/other/Tags.view.xml', NULL),
(114050, 104452, 2, STRINGDECODE('\u516c\u7528\u62e6\u622a\u5668Bean'), 'source:com/bstek/dorado/sample/widget/ofc/ChartDataProvider.java', NULL),
(114051, 104453, 2, STRINGDECODE('\u516c\u7528\u62e6\u622a\u5668Bean'), 'source:com/bstek/dorado/sample/widget/ofc/ChartDataProvider.java', NULL),
(114052, 104454, 2, STRINGDECODE('\u516c\u7528\u62e6\u622a\u5668Bean'), 'source:com/bstek/dorado/sample/widget/ofc/ChartDataProvider.java', NULL),
(114053, 104455, 2, STRINGDECODE('\u516c\u7528\u62e6\u622a\u5668Bean'), 'source:com/bstek/dorado/sample/widget/ofc/ChartDataProvider.java', NULL),
(114054, 104457, 2, STRINGDECODE('\u516c\u7528\u62e6\u622a\u5668Bean'), 'source:com/bstek/dorado/sample/widget/ofc/ChartDataProvider.java', NULL),
(112451, 102850, 2, STRINGDECODE('\u516c\u7528\u62e6\u622a\u5668Bean'), 'source:com/bstek/dorado/sample/widget/ofc/ChartDataProvider.java', NULL),
(112452, 102851, 2, STRINGDECODE('\u516c\u7528\u62e6\u622a\u5668Bean'), 'source:com/bstek/dorado/sample/widget/ofc/ChartDataProvider.java', NULL),
(112450, 104450, 2, STRINGDECODE('\u516c\u7528\u62e6\u622a\u5668Bean'), 'source:com/bstek/dorado/sample/widget/ofc/ChartDataProvider.java', NULL),
(112453, 104451, 2, STRINGDECODE('\u516c\u7528\u62e6\u622a\u5668Bean'), 'source:com/bstek/dorado/sample/widget/ofc/ChartDataProvider.java', NULL),
(96450, 93254, 1, STRINGDECODE('\u89c6\u56fe\u914d\u7f6e\u6587\u4ef6'), 'source:com/bstek/dorado/sample/widget/form/LinkageDropDowns1.view.xml', NULL),
(43550, 40351, 1, STRINGDECODE('\u89c6\u56fe\u914d\u7f6e\u6587\u4ef6'), 'source:com/bstek/dorado/sample/widget/form/DataSetDropDown2.view.xml', NULL),
(91701, 91650, 1, STRINGDECODE('\u89c6\u56fe\u914d\u7f6e\u6587\u4ef6'), 'source:com/bstek/dorado/sample/widget/form/DataSetDropDown1.view.xml', NULL),
(91700, 91650, 2, STRINGDECODE('\u89c6\u56fe\u62e6\u622a\u5668Bean'), 'source:com/bstek/dorado/sample/widget/form/DataSetDropDown1.java', NULL),
(62750, 45150, 1, STRINGDECODE('\u89c6\u56fe\u914d\u7f6e\u6587\u4ef6'), 'source:com/bstek/dorado/sample/widget/base/SubViewHolder.view.xml', NULL);
INSERT INTO PUBLIC.EXAMPLE_SOURCES(ID, EXAMPLE_ID, SORT_FLAG, LABEL, PATH, SUMMARY) VALUES
(69201, 40363, 2, STRINGDECODE('\u6e90\u89c6\u56fe\u914d\u7f6e\u6587\u4ef6'), 'source:com/bstek/dorado/sample/basic/ShardComponents.view.xml', NULL),
(69202, 40363, 1, STRINGDECODE('\u89c6\u56fe\u914d\u7f6e\u6587\u4ef6'), 'source:com/bstek/dorado/sample/basic/ImportAndExportTest.view.xml', NULL),
(59551, 40361, 3, STRINGDECODE('\u89c6\u56fe\u62e6\u622a\u5668Bean'), 'source:com/bstek/dorado/sample/basic/DynaExpression.java', NULL),
(59550, 40361, 2, STRINGDECODE('\u89c6\u56fe\u914d\u7f6e\u6587\u4ef6'), 'source:com/bstek/dorado/sample/basic/DynaExpression.view.xml', NULL),
(120500, 120450, 1, STRINGDECODE('\u89c6\u56fe\u914d\u7f6e\u6587\u4ef6'), 'source:com/bstek/dorado/sample/other/chatroom/ChatRoom.view.xml', NULL),
(125250, 123654, 1, STRINGDECODE('\u89c6\u56fe\u914d\u7f6e\u6587\u4ef6'), 'source:com/bstek/dorado/sample/basic/ViewContextTest.view.xml', NULL),
(126900, 123650, 1, STRINGDECODE('\u89c6\u56fe\u914d\u7f6e\u6587\u4ef6'), 'source:com/bstek/dorado/sample/data/UseEntity.view.xml', NULL),
(128500, 123651, 1, STRINGDECODE('\u89c6\u56fe\u914d\u7f6e\u6587\u4ef6'), 'source:com/bstek/dorado/sample/data/DataPath.view.xml', NULL),
(109253, 99651, 1, STRINGDECODE('\u89c6\u56fe\u914d\u7f6e\u6587\u4ef6'), 'source:com/bstek/dorado/sample/widget/base/CardBook.view.xml', NULL),
(115700, 115650, 1, STRINGDECODE('\u89c6\u56fe\u914d\u7f6e\u6587\u4ef6'), 'source:com/bstek/dorado/sample/widget/base/TabControl.view.xml', NULL),
(117300, 117250, 1, STRINGDECODE('\u89c6\u56fe\u914d\u7f6e\u6587\u4ef6'), 'source:com/bstek/dorado/sample/widget/base/Accordion.view.xml', NULL),
(118900, 118850, 1, STRINGDECODE('\u89c6\u56fe\u914d\u7f6e\u6587\u4ef6'), 'source:com/bstek/dorado/sample/widget/base/ToolBar.view.xml', NULL),
(130100, 123652, 2, STRINGDECODE('\u89c6\u56fe\u62e6\u622a\u5668Bean'), 'source:com/bstek/dorado/sample/data/CustomUpdateItem.java', NULL),
(130101, 123652, 1, STRINGDECODE('\u89c6\u56fe\u914d\u7f6e\u6587\u4ef6'), 'source:com/bstek/dorado/sample/data/CustomUpdateItem.view.xml', NULL),
(131700, 123659, 2, STRINGDECODE('\u516c\u7528\u62e6\u622a\u5668Bean'), 'source:com/bstek/dorado/sample/interceptor/EmployeeInterceptor.java', NULL),
(131701, 123659, 1, STRINGDECODE('\u89c6\u56fe\u914d\u7f6e\u6587\u4ef6'), 'source:com/bstek/dorado/sample/widget/tree/CurrentNodeDataPath.view.xml', NULL),
(131702, 123659, 3, STRINGDECODE('\u516c\u7528\u62e6\u622a\u5668Bean'), 'source:com/bstek/dorado/sample/interceptor/OrderInterceptor.java', NULL),
(136500, 134900, 1, STRINGDECODE('\u89c6\u56fe\u914d\u7f6e\u6587\u4ef6'), 'source:com/bstek/dorado/sample/widget/base/Tip.view.xml', NULL),
(138150, 138100, 1, STRINGDECODE('\u89c6\u56fe\u914d\u7f6e\u6587\u4ef6'), 'source:com/bstek/dorado/sample/widget/base/NotifyAndTask.view.xml', NULL),
(138151, 138101, 1, STRINGDECODE('\u89c6\u56fe\u914d\u7f6e\u6587\u4ef6'), 'source:com/bstek/dorado/sample/widget/base/MessageBox.view.xml', NULL),
(133301, 131750, 1, STRINGDECODE('\u89c6\u56fe\u914d\u7f6e\u6587\u4ef6'), 'source:com/bstek/dorado/sample/data/DynaPrivateDataType.view.xml', NULL),
(133300, 131750, 2, STRINGDECODE('\u89c6\u56fe\u62e6\u622a\u5668Bean'), 'source:com/bstek/dorado/sample/data/DynaPrivateDataType.java', NULL),
(139750, 139700, 1, STRINGDECODE('\u89c6\u56fe\u914d\u7f6e\u6587\u4ef6'), 'source:com/bstek/dorado/sample/data/DynaGlobalDataType.view.xml', NULL),
(139751, 139700, 2, STRINGDECODE('\u542f\u52a8\u76d1\u542c\u5668Bean'), 'source:com/bstek/dorado/sample/data/DynaGlobalDataTypeStartupListener.java', NULL),
(139850, 139800, 0, STRINGDECODE('\u89c6\u56fe\u914d\u7f6e\u6587\u4ef6'), 'source:com/bstek/dorado/sample/basic/Controller.view.xml', NULL),
(126850, 123654, 3, STRINGDECODE('\u89c6\u56fe\u62e6\u622a\u5668Bean'), 'source:com/bstek/dorado/sample/basic/ViewContextTest.java', NULL),
(141400, 123654, 2, STRINGDECODE('JavaScript\u63a7\u5236\u5668'), 'source:com/bstek/dorado/sample/basic/ViewContextTest.js', NULL),
(141450, 123651, 2, STRINGDECODE('JavaScript\u63a7\u5236\u5668'), 'source:com/bstek/dorado/sample/data/DataPath.js', NULL);
INSERT INTO PUBLIC.EXAMPLE_SOURCES(ID, EXAMPLE_ID, SORT_FLAG, LABEL, PATH, SUMMARY) VALUES
(141451, 123650, 2, STRINGDECODE('JavaScript\u63a7\u5236\u5668'), 'source:com/bstek/dorado/sample/data/DataPath.js', NULL),
(141452, 138100, 2, STRINGDECODE('JavaScript\u63a7\u5236\u5668'), 'source:com/bstek/dorado/sample/widget/base/NotifyAndTask.js', NULL),
(141453, 115650, 2, STRINGDECODE('JavaScript\u63a7\u5236\u5668'), 'source:com/bstek/dorado/sample/widget/base/TabControl.js', NULL),
(141454, 70801, 2, STRINGDECODE('JavaScript\u63a7\u5236\u5668'), 'source:com/bstek/dorado/sample/widget/dragdrop/DragDrop2.js', NULL),
(141455, 106051, 2, STRINGDECODE('JavaScript\u63a7\u5236\u5668'), 'source:com/bstek/dorado/sample/widget/grid/CustomRendering.js', NULL),
(141456, 107650, 2, STRINGDECODE('JavaScript\u63a7\u5236\u5668'), 'source:com/bstek/dorado/sample/widget/grid/CustomRendering.js', NULL),
(141457, 120450, 2, STRINGDECODE('JavaScript\u63a7\u5236\u5668'), 'source:com/bstek/dorado/sample/other/chatroom/ChatRoom.js', NULL),
(122051, 120450, 4, STRINGDECODE('\u89c6\u56feCSS\u6587\u4ef6'), 'source:com/bstek/dorado/sample/other/chatroom/ChatRoom.css', NULL),
(122050, 120450, 3, STRINGDECODE('\u89c6\u56fe\u62e6\u622a\u5668Bean'), 'source:com/bstek/dorado/sample/other/chatroom/ChatRoom.java', NULL),
(139851, 139800, 0, STRINGDECODE('JavaScript\u63a7\u5236\u5668'), 'source:com/bstek/dorado/sample/basic/Controller.js', NULL),
(69200, 67600, 3, STRINGDECODE('\u7ec4\u88c5\u63a7\u4ef6\u5b9e\u73b0\u7c7b'), 'source:com/bstek/dorado/sample/widget/customize/QuickForm.java', NULL),
(143051, 6550, 2, STRINGDECODE('\u6570\u636e\u6a21\u578b\u914d\u7f6e\u6587\u4ef6'), 'source:models/Demo.model.xml', NULL),
(38750, 6550, 3, STRINGDECODE('\u516c\u7528\u62e6\u622a\u5668Bean'), 'source:com/bstek/dorado/sample/interceptor/CategoryInterceptor.java', NULL),
(38751, 6550, 4, STRINGDECODE('\u516c\u7528\u62e6\u622a\u5668Bean'), 'source:com/bstek/dorado/sample/interceptor/ProductInterceptor.java', NULL),
(143052, 8150, 2, STRINGDECODE('\u6570\u636e\u6a21\u578b\u914d\u7f6e\u6587\u4ef6'), 'source:com/bstek/dorado/sample/data/MasterDetail.view.xml', NULL),
(38755, 8150, 3, STRINGDECODE('\u516c\u7528\u62e6\u622a\u5668Bean'), 'source:com/bstek/dorado/sample/interceptor/CategoryInterceptor.java', NULL),
(38753, 8150, 4, STRINGDECODE('\u516c\u7528\u62e6\u622a\u5668Bean'), 'source:com/bstek/dorado/sample/interceptor/ProductInterceptor.java', NULL),
(144700, 144650, 1, STRINGDECODE('\u89c6\u56fe\u914d\u7f6e\u6587\u4ef6'), 'source:com/bstek/dorado/sample/basic/TestI18n.view.xml', NULL),
(147850, 144650, 2, STRINGDECODE('\u89c6\u56fe\u62e6\u622a\u5668Bean'), 'source:com/bstek/dorado/sample/basic/TestI18n.java', NULL),
(149451, 144650, 6, STRINGDECODE('\u5168\u5c40\u56fd\u9645\u5316\u8d44\u6e90\u6587\u4ef6'), '/WEB-INF/dorado-home/resources/common.zh_CN.properties', NULL),
(149450, 144650, 7, STRINGDECODE('\u5168\u5c40\u56fd\u9645\u5316\u8d44\u6e90\u6587\u4ef6'), '/WEB-INF/dorado-home/resources/common.en_US.properties', NULL),
(146250, 144650, 5, STRINGDECODE('\u79c1\u6709\u56fd\u9645\u5316\u8d44\u6e90\u6587\u4ef6'), 'source:com/bstek/dorado/sample/basic/TestI18n.en_US.properties', NULL),
(144701, 144650, 4, STRINGDECODE('\u79c1\u6709\u56fd\u9645\u5316\u8d44\u6e90\u6587\u4ef6'), 'source:com/bstek/dorado/sample/basic/TestI18n.zh_CN.properties', NULL),
(149452, 144650, 3, STRINGDECODE('\u81ea\u5b9a\u4e49\u8bed\u79cd\u9009\u62e9\u5668'), 'source:com/bstek/dorado/sample/basic/LocaleResolver.java', NULL);
CREATE CACHED TABLE PUBLIC.EXAMPLES(
    ID NUMERIC(6) NOT NULL,
    LABEL VARCHAR(100),
    SORT_FLAG INTEGER DEFAULT 0,
    IS_NEW SMALLINT DEFAULT 0 NOT NULL,
    IS_HOT SMALLINT DEFAULT 0 NOT NULL,
    AUTHOR VARCHAR(50),
    CREATE_DATE DATE,
    LAST_MODIFY DATE,
    ICON VARCHAR(100),
    URL VARCHAR(200),
    IS_EMBEDDED SMALLINT DEFAULT 0 NOT NULL,
    EMBED_WIDTH INTEGER DEFAULT 0,
    EMBED_HEIGHT INTEGER DEFAULT 0,
    TAGS VARCHAR(200),
    SUMMARY VARCHAR(1000)
);
ALTER TABLE PUBLIC.EXAMPLES ADD CONSTRAINT PUBLIC.CONSTRAINT_A2 PRIMARY KEY(ID);
-- 71 +/- SELECT COUNT(*) FROM PUBLIC.EXAMPLES;
INSERT INTO PUBLIC.EXAMPLES(ID, LABEL, SORT_FLAG, IS_NEW, IS_HOT, AUTHOR, CREATE_DATE, LAST_MODIFY, ICON, URL, IS_EMBEDDED, EMBED_WIDTH, EMBED_HEIGHT, TAGS, SUMMARY) VALUES
(40355, STRINGDECODE('JSP\u9875\u9762\u6a21\u677f'), 0, 0, 0, 'benny.bao@bstek.com', DATE '2011-02-13', DATE '2011-02-13', '', 'com.bstek.dorado.sample.basic.JspTemplate.d', 0, 0, 0, 'PageTemplate JSP renderTo renderOn', STRINGDECODE('\u672c\u4f8b\u5c55\u793a\u4e86\u5982\u4f55\u901a\u8fc7JSP\u6765\u5b9a\u5236\u9875\u9762\u5e03\u5c40\u3002\n\n=== \u5b66\u4e60\u91cd\u70b9 ===\n* \u4e86\u89e3\u89c6\u56fe\u914d\u7f6e\u6587\u4ef6\u4e0e\u6a21\u677fJSP\u4e4b\u95f4\u7684\u5173\u7cfb\uff0c\u5982\u4f55\u901a\u8fc7\u89c6\u56fe\u914d\u7f6e\u6587\u4ef6\u4e2d\u7684pageUri\u5c5e\u6027\u6307\u5b9a\u6a21\u677fJSP\u3002\n* \u4e86\u89e3HTML\u5360\u4f4d\u5bf9\u8c61\u7684\u4e0e\u89c6\u56fe\u63a7\u4ef6\u4e2d\u7684\u6620\u5c04\u5173\u7cfb\uff08\u540cVelocity\u9875\u9762\u6a21\u677f\u793a\u4f8b\uff09\u3002\n* \u7406\u89e3\u793a\u4f8b\u4e2d\u5c55\u793a3\u79cd\u5360\u4f4d\u5bf9\u8c61\u7684\u66ff\u6362\u6a21\u5f0f\uff0c\u5373renderTo\u6a21\u5f0f\u3001renderOn\u6a21\u5f0f\u3001renderOn\u5bb9\u5668\u6a21\u5f0f\uff08\u540cVelocity\u9875\u9762\u6a21\u677f\u793a\u4f8b\uff09\u3002\n\n[[\u8be6\u7ec6\u793a\u4f8b\u8bf4\u660e|http://wiki.bsdn.org/x/PAkX]]')),
(80451, STRINGDECODE('\u7f16\u8f91\u6846\u548c\u4e0b\u62c9\u6846'), 0, 0, 0, 'benny.bao@bstek.com', DATE '2011-06-27', DATE '2011-06-27', '', 'com.bstek.dorado.sample.widget.form.EditorAndTrigger.d', 0, 0, 0, 'editor trigger dropdown', STRINGDECODE('\u672c\u793a\u4f8b\u6f14\u793a\u4e86Dorado7\u4e2d\u63d0\u4f9b\u7684\u5404\u79cd\u7f16\u8f91\u6846\u548c\u89e6\u53d1\u6309\u94ae\u3002\n\n\u89e6\u53d1\u6309\u94ae\uff08Trigger\uff09\u662fDorado7\u4e2d\u63d0\u4f9b\u7684\u4e00\u79cd\u5168\u65b0\u7684\u63a7\u4ef6\uff0c\u7528\u4e8e\u8ddf\u7f16\u8f91\u6846\u8fdb\u884c\u7ed1\u5b9a\u901a\u5e38\u8868\u73b0\u4e3a\u9644\u7740\u5728\u7f16\u8f91\u6846\u53f3\u4fa7\u7684\u4e00\u4e2a\u5c0f\u6309\u94ae\u3002\n* \u6bcf\u4e2a\u7f16\u8f91\u6846\u53ef\u4ee5\u7ed1\u5b9a\u4e00\u5230\u591a\u4e2a\u89e6\u53d1\u6309\u94ae\u3002\n* \u4e0b\u62c9\u6846\u5c5e\u4e8e\u4e00\u79cd\u7279\u6b8a\u7684\u89e6\u53d1\u6309\u94ae\u3002\n\n=== \u5b66\u4e60\u91cd\u70b9 ===\n* \u5982\u4f55\u4e3a\u4e00\u4e2a\u7f16\u8f91\u6846\u7ed1\u5b9a\u591a\u4e2a\u89e6\u53d1\u6309\u94ae\uff0c\u5982\u4f55\u81ea\u5b9a\u4e49\u89e6\u53d1\u6309\u94ae\u7684\u52a8\u4f5c\u548c\u56fe\u6807\u3002\n* \u5982\u4f55\u4f7f\u7528\u81ea\u5b9a\u4e49\u4e0b\u62c9\u6846\u3002\n* \u5982\u4f55\u4f7f\u7528\u7cfb\u7edf\u9ed8\u8ba4\u63d0\u4f9b\u7684\u89e6\u53d1\u6309\u94ae\u6216\u4e0b\u62c9\u6846\uff0c\u4f8b\u5982defaultDateDropDown\uff0cautoMappingDropDown1\u7b49\u3002\n\n[[\u8be6\u7ec6\u793a\u4f8b\u8bf4\u660e|http://wiki.bsdn.org/x/JQE4]]')),
(82000, STRINGDECODE('\u684c\u9762'), 0, 0, 0, 'frank.zhang@bstek.com', DATE '2011-07-08', DATE '2011-07-08', NULL, 'com.bstek.dorado.sample.widget.desktop.Desktop.d', 0, 0, 0, 'desktop', STRINGDECODE('\u672c\u4f8b\u6f14\u793aDesktop\u63a7\u4ef6\u7684\u57fa\u672c\u529f\u80fd\u548c\u4f7f\u7528\u65b9\u6cd5\u3002')),
(78850, STRINGDECODE('\u6570\u636e\u6821\u9a8c\u5668'), 0, 0, 0, 'benny.bao@bstek.com', DATE '2011-06-04', DATE '2011-06-04', NULL, 'com.bstek.dorado.sample.data.Validators.d', 0, 0, 0, NULL, STRINGDECODE('\u672c\u793a\u4f8b\u6f14\u793a\u4e86\u6570\u636e\u6821\u9a8c\u5668\u9002\u5408\u5982\u4f55\u5728\u8868\u5355\u548c\u8868\u683c\u7684\u8f93\u5165\u8fc7\u7a0b\u4e2d\u53d1\u6325\u4f5c\u7528\u7684\uff0cDorado7\u91c7\u7528\u7684\u5168\u65b0\u9519\u8bef\u63d0\u793a\u65b9\u5f0f\u4f7f\u5f97\u7528\u6237\u7684\u8f93\u5165\u8fc7\u7a0b\u80fd\u591f\u66f4\u52a0\u6d41\u7545\uff0c\u6574\u4e2a\u8f93\u5165\u754c\u9762\u4e5f\u56e0\u6b64\u53d8\u5f97\u66f4\u52a0\u53cb\u597d\u3002\n\n=== \u5b66\u4e60\u91cd\u70b9 ===\n* \u6570\u636e\u6821\u9a8c\u5668\u652f\u6301\u8fd4\u56de\u5404\u79cd\u7ea7\u522b\u7684\u6821\u9a8c\u4fe1\u606f\uff0c\u5305\u62ec\u201c\u9519\u8bef\u201d\u3001\u201c\u8b66\u544a\u201d\u7b49\u7b49\uff0c\u4e86\u89e3\u5982\u4f55\u4f7f\u7528\u8fd9\u4e9b\u4fe1\u606f\u7ea7\u522b\u4ee5\u53ca\u5404\u79cd\u7ea7\u522b\u7684\u4fe1\u606f\u4f1a\u5e26\u6765\u600e\u6837\u7684\u4e0d\u540c\u3002\n* \u4e86\u89e3\u600e\u6837\u4f7f\u7528\u5f02\u6b65\u7684Ajax\u6821\u9a8c\u5668\uff0c\u5982\u4f55\u5728Server\u7aef\u4e3aAjax\u6821\u9a8c\u5668\u7f16\u5199\u6821\u9a8c\u903b\u8f91\u3002\n* \u4e86\u89e3\u600e\u6837\u4f7f\u7528\u81ea\u5b9a\u4e49\u6570\u636e\u6821\u9a8c\u5668\u3002'));
INSERT INTO PUBLIC.EXAMPLES(ID, LABEL, SORT_FLAG, IS_NEW, IS_HOT, AUTHOR, CREATE_DATE, LAST_MODIFY, ICON, URL, IS_EMBEDDED, EMBED_WIDTH, EMBED_HEIGHT, TAGS, SUMMARY) VALUES
(99650, STRINGDECODE('Server\u7aef\u6570\u636e\u8fc7\u6ee4\u548c\u6392\u5e8f'), 0, 0, 0, 'benny.bao@bstek.com', DATE '2012-04-06', DATE '2012-04-06', NULL, 'com.bstek.dorado.sample.widget.grid.ServerSideFilterAndSort.d', 0, 0, 0, NULL, STRINGDECODE('\u672c\u793a\u4f8b\u6f14\u793a\u4e86\u5982\u4f55\u4f7f\u7528DataGrid\u7684\u670d\u52a1\u7aef\u6570\u636e\u8fc7\u6ee4\u548c\u6392\u5e8f\u529f\u80fd\u3002\n\n=== \u5b66\u4e60\u91cd\u70b9 ===\n* \u5982\u4f55\u5728\u670d\u52a1\u7aef\u7684\u65b9\u6cd5\u4e2d\u83b7\u53d6\u5ba2\u6237\u7aef\u63d0\u4ea4\u4e0a\u6765\u7684\u8fc7\u6ee4\u6761\u4ef6\u548c\u6392\u5e8f\u6761\u4ef6\u3002')),
(106051, STRINGDECODE('\u81ea\u5b9a\u4e49\u6e32\u67d3\u7684\u8868\u683c'), 0, 0, 0, 'benny.bao@bstek.com', DATE '2012-04-09', DATE '2012-04-09', NULL, 'com.bstek.dorado.sample.widget.grid.CustomRendering.d', 0, 0, 0, NULL, STRINGDECODE('\u672c\u4f8b\u6f14\u793a\u4e86\u5982\u4f55\u81ea\u5b9a\u4e49\u8868\u683c\u7684\u6e32\u67d3\u65b9\u5f0f\u3002\n\n=== \u5b66\u4e60\u91cd\u70b9 ===\n* \u5982\u4f55\u4f7f\u7528onRenderCell\u3001onRenderRow\u7b49\u4e8b\u4ef6\u3002\n* \u5982\u4f55\u6269\u5c55\u81ea\u5df1\u7684CellRenderer\u7c7b\u3002')),
(107650, STRINGDECODE('\u81ea\u5b9a\u4e49\u5355\u5143\u683c\u7f16\u8f91\u5668'), 0, 0, 0, 'benny.bao@bstek.com', DATE '2012-04-10', DATE '2012-04-10', NULL, 'com.bstek.dorado.sample.widget.grid.CustomCellEditor.d', 0, 0, 0, NULL, STRINGDECODE('\u672c\u4f8b\u6f14\u793a\u4e86\u5982\u4f55\u901a\u8fc7\u4ee3\u7801\u81ea\u5b9a\u4e49\u8868\u683c\u5355\u5143\u683c\u7684\u7f16\u8f91\u65b9\u5f0f\u3002\n\n=== \u5b66\u4e60\u91cd\u70b9 ===\n* \u5982\u4f55\u4f7f\u7528onGetCellEditor\u4e8b\u4ef6\u81ea\u5b9a\u4e49\u5355\u5143\u683c\u7684\u7f16\u8f91\u65b9\u5f0f\u3002\n* \u5982\u4f55\u6269\u5c55ControlCellRenderer\u62bd\u8c61\u7c7b\uff0c\u5e76\u5229\u7528\u5176\u5c06\u7f16\u8f91\u5668\u76f4\u63a5\u6e32\u67d3\u5230\u8868\u683c\u5355\u5143\u683c\u4e2d\u3002')),
(88500, STRINGDECODE('\u95e8\u6237'), 0, 0, 0, 'frank.zhang@bstek.com', DATE '2012-03-28', DATE '2012-03-28', NULL, 'com.bstek.dorado.sample.widget.portal.Portal.d', 0, 0, 0, NULL, STRINGDECODE('\u672c\u4f8b\u6f14\u793aPortal\u63a7\u4ef6\u7684\u57fa\u672c\u529f\u80fd\u548c\u4f7f\u7528\u65b9\u6cd5\u3002')),
(93253, STRINGDECODE('\u865a\u62df\u5c5e\u6027'), 0, 0, 0, 'benny.bao@bstek.com', DATE '2012-03-30', DATE '2012-03-30', NULL, 'com.bstek.dorado.sample.data.VirtualProperty.d', 0, 0, 0, NULL, STRINGDECODE('\u865a\u62df\u5c5e\u6027\u662f\u6307\u5229\u7528Dorado7\u63d0\u4f9b\u7684\u52a8\u6001\u4ee3\u7406\u6280\u672f\u4e3aJava Bean\u6dfb\u52a0\u539f\u672c\u5e76\u4e0d\u652f\u6301\u7684\u5c5e\u6027\uff0c\u4ee5\u4fbf\u4e8e\u6ee1\u8db3\u5ba2\u6237\u7aef\u754c\u9762\u903b\u8f91\u7684\u9700\u8981\u3002\n\n=== \u5b66\u4e60\u8981\u70b9 ===\n* \u5982\u4f55\u58f0\u660e\u4e00\u4e2a\u865a\u62df\u5c5e\u6027\u3002\n* \u5982\u4f55\u5c06\u666e\u901a\u7684JavaBean\u8f6c\u6362\u6210Dorado\u7684\u6570\u636e\u5b9e\u4f53\u3002\n* \u5982\u4f55\u5728Java\u4ee3\u7801\u4e2d\u8bfb\u5199\u865a\u62df\u5c5e\u6027\u3002\n\n=== \u7b80\u8981\u8bf4\u660e ===\n\u58f0\u660e\u4e00\u4e2a\u865a\u62df\u5c5e\u6027\u7684\u65b9\u6cd5\u662f\u76f4\u63a5\u5728DataType\u4e2d\u6dfb\u52a0\u5c5e\u6027\u58f0\u660e\uff0c\u5373\u53ef\u4ee5\u662f\u7b80\u5355\u7684PropertyDef\uff0c\u4e5f\u53ef\u4ee5\u662fReference\u3002\u5982\u679c\u8be5DataType\u5bf9\u5e94\u7684JavaBean\u4e2d\u4e0d\u5b58\u5728\u8fd9\u6837\u4e00\u4e2a\u771f\u5b9e\u7684\u5c5e\u6027\uff0c\u90a3\u4e48\u5c31\u76f8\u5f53\u4e8e\u6211\u4eec\u5df2\u7ecf\u4e3a\u8be5JavaBean\u6dfb\u52a0\u4e86\u4e00\u4e2a\u865a\u62df\u5c5e\u6027\u3002\n\n\u865a\u62df\u5c5e\u6027\u9ed8\u8ba4\u662f\u6ca1\u6709\u503c\u7684\uff0c\u6240\u4ee5\u5728\u5b9e\u9645\u7684\u5e94\u7528\u573a\u666f\u4e2d\u6211\u4eec\u5e38\u5e38\u9700\u8981\u5728DataProvider\u4e2d\u521d\u59cb\u5316\u865a\u62df\u5c5e\u6027\u7684\u503c\u3002\u53ef\u662fJavaBean\u4e2d\u5e76\u4e0d\u5b58\u5728\u53ef\u7528\u4e8e\u8bfb\u5199\u865a\u62df\u5c5e\u6027\u7684Getter\u548cSetter\u65b9\u6cd5\uff0c\u5982\u4f55\u624d\u80fd\u8bfb\u5199\u865a\u62df\u5c5e\u6027\u5462\uff1f\u7b54\u6848\u662f\u901a\u8fc7Dorado\u63d0\u4f9b\u7684EntityUtils\u5de5\u5177\u7c7b\u3002\n\n\u666e\u901a\u7684JavaBean\u662f\u65e0\u6cd5\u652f\u6301\u865a\u62df\u5c5e\u6027\u7684\uff0c\u53ea\u6709\u90a3\u4e9b\u88abDorado\u52a8\u6001\u4ee3\u7406\u8fc7\u7684JavaBean\uff08\u4ea6\u5373Dorado\u6570\u636e\u5b9e\u4f53\uff09\u624d\u53ef\u4ee5\u3002\u8981\u5c06\u666e\u901a\u7684JavaBean\u8f6c\u6362\u6210\u6570\u636e\u5b9e\u4f53\uff0c\u53ef\u4ee5\u901a\u8fc7EntityUtils\u7684toEntity()\u65b9\u6cd5\u3002toEntity()\u65e2\u652f\u6301\u8f6c\u6362\u5355\u4e2a\u7684JavaBean\u4e5f\u652f\u6301\u6279\u91cf\u7684\u8f6c\u6362JavaBean\u7684\u96c6\u5408\u3002\n\n\u8f6c\u6362\u5b8c\u6210\u4e4b\u540e\u5c31\u53ef\u4ee5\u901a\u8fc7EntityUtils.getValue()\u548cEntityUtils.setValue()\u6765\u8bfb\u5199\u6570\u636e\u5b9e\u4f53\u4e2d\u7684\u865a\u62df\u5c5e\u6027\u4e86\u3002'));
INSERT INTO PUBLIC.EXAMPLES(ID, LABEL, SORT_FLAG, IS_NEW, IS_HOT, AUTHOR, CREATE_DATE, LAST_MODIFY, ICON, URL, IS_EMBEDDED, EMBED_WIDTH, EMBED_HEIGHT, TAGS, SUMMARY) VALUES
(123650, STRINGDECODE('\u64cd\u4f5c\u6570\u636e'), 0, 0, 0, 'benny.bao@bstek.com', DATE '2012-04-15', DATE '2012-04-15', NULL, 'com.bstek.dorado.sample.data.UseEntity.d', 0, 0, 0, NULL, STRINGDECODE('\u672c\u793a\u4f8b\u6f14\u793a\u4e86\u4e00\u4e9b\u5e38\u7528\u7684\u6570\u636e\u5b9e\u4f53\u76f8\u5173\u7684API\u7684\u4f7f\u7528\u65b9\u6cd5\u3002')),
(123651, STRINGDECODE('\u6570\u636e\u8def\u5f84\uff08DataPath\uff09'), 0, 0, 0, 'benny.bao@bstek.com', DATE '2012-04-15', DATE '2012-04-15', NULL, 'com.bstek.dorado.sample.data.DataPath.d', 0, 0, 0, NULL, STRINGDECODE('\u672c\u793a\u4f8b\u7528\u4e8e\u5c55\u793a\u6570\u636e\u8def\u5f84\u7684\u4f7f\u7528\u65b9\u6cd5\u3002\n\n\u6700\u5e38\u89c1\u7684\u4f7f\u7528\u6570\u636e\u8def\u5f84\u7684\u573a\u666f\uff0c\u9664\u5b9a\u4e49\u6570\u636e\u63a7\u4ef6\u7684\u7ed1\u5b9a\u5173\u7cfb\u4e4b\u5916\uff0c\u5c31\u662fDataSet\u7684getData()\u548cqueryData()\u8fd9\u4e24\u4e2a\u65b9\u6cd5\u3002\u5728\u4f7f\u7528\u65f6\u6211\u4eec\u9700\u8981\u5173\u6ce8\u8fd9\u4e24\u4e2a\u65b9\u6cd5\u4e4b\u95f4\u7684\u5dee\u522b\u3002\n\ngetData()\u901a\u5e38\u662f\u4ee5\u64cd\u4f5c\u6570\u636e\u4e3a\u76ee\u7684\u7684\uff0c\u800cqueryData()\u901a\u5e38\u662f\u4ee5\u67e5\u8be2\u6570\u636e\u4e3a\u76ee\u7684\u3002getData()\u5185\u90e8\u5728\u6267\u884cDataPath\u65f6\u9ed8\u8ba4\u4f1a\u542f\u7528dorado.DataPath.evaluate()\u65b9\u6cd5\u7684firstResultOnly\u548cacceptAggregation\u8fd9\u4e24\u4e2a\u9009\u9879\uff0c\u800cqueryData()\u5219\u4e0d\u542f\u7528\u8fd9\u4e24\u4e2a\u9009\u9879\u3002\u8fd9\u4e24\u4e2a\u9009\u9879\u7684\u542f\u7528\u4e0e\u5426\u4f1a\u5728\u8fd0\u884c\u65f6\u5e26\u6765\u4e0b\u9762\u7684\u4e00\u4e9b\u5dee\u522b\uff1a\n* \u5982\u679cdataPath\u7684\u6267\u884c\u7ed3\u679c\u6307\u5411\u4e00\u4e2aEntityList\uff0cgetData\u4f1a\u76f4\u63a5\u8fd4\u56de\u8fd9\u4e2aEntityList\uff0c\u800cqueryData\u4f1a\u628a\u5176\u4e2d\u7684\u6bcf\u4e00\u4e2aEntity\u653e\u5230Array\u4e2d\u8fd4\u56de\u3002\n* \u5982\u679cdataPath\u7684\u6267\u884c\u7ed3\u679c\u6307\u5411\u591a\u4e2a\u7ed3\u679c\uff0c\u4f8b\u5982\u6307\u5411\u591a\u4e2aEntity\uff0cgetData\u53ea\u4f1a\u8fd4\u56de\u5176\u4e2d\u7684\u7b2c\u4e00\u4e2a\uff0c\u800cqueryData\u4f1a\u628a\u6bcf\u4e00\u4e2aEntity\u653e\u5230Array\u4e2d\u8fd4\u56de\u3002\n* \u5bf9\u4e8e\u67d0\u4e9b\u7279\u6b8a\u7684DataPath\uff0c\u5982#categories.#examples\uff0c\u4ece\u5b57\u9762\u4e0a\u5c31\u80fd\u5224\u65ad\u51fa\u6765\u6700\u591a\u53ea\u4f1a\u6709\u4e00\u4e2aEntity\u4f1a\u8fd4\u56de\u7684\uff0cqueryData\u5c31\u4e0d\u8fd4\u56de\u6570\u7ec4\u4e86\uff0c\u800c\u662f\u76f4\u63a5\u8fd4\u56de\u627e\u5230\u7684Entity\u3002')),
(139700, STRINGDECODE('\u52a8\u6001\u5168\u5c40DataType'), 0, 0, 0, 'benny.bao@bstek.com', DATE '2012-05-01', DATE '2012-05-01', NULL, 'com.bstek.dorado.sample.data.DynaGlobalDataType.d', 0, 0, 0, NULL, STRINGDECODE('\u672c\u4f8b\u6f14\u793a\u4e86\u5982\u4f55\u901a\u8fc7Java\u4ee3\u7801\u52a8\u6001\u7684\u521b\u5efa\u5168\u5c40DataType\u3002\n\n\u5728\u201c\u52a8\u6001\u79c1\u6709DataType\u201d\u7684\u793a\u4f8b\u4e2d\u6211\u4eec\u5df2\u7ecf\u4ecb\u7ecd\u4e86\u5982\u4f55\u548bView\u4e2d\u6839\u636e\u6570\u636e\u5b57\u5178\u52a8\u6001\u7684\u521b\u5efa\u6216\u6539\u53d8DataType\uff0c\u4f46\u662f\u7531\u4e8e\u8fd9\u6837\u7684\u64cd\u4f5c\u5728\u6bcf\u4e00\u4e2a\u9875\u9762\u521d\u59cb\u5316\u7684\u8fc7\u7a0b\u4e2d\u90fd\u4f1a\u6267\u884c\u4e00\u6b21\uff0c\u6240\u4ee5\u6548\u7387\u5e76\u4e0d\u4f1a\u592a\u597d\u3002\n\n\u672c\u4f8b\u7684\u505a\u6cd5\u662f\u5728Dorado7\u542f\u52a8\u4e4b\u540e\uff0c\u81ea\u52a8\u7684\u6839\u636e\u6570\u636e\u5b57\u5178\u7684\u5185\u5bb9\u521b\u5efa\u4e00\u7cfb\u5217\u5168\u5c40\u7684DataType\u3002\u8fd9\u4e9b\u52a8\u6001\u521b\u5efa\u7684DataType\u65e2\u53ef\u4ee5\u7ee7\u627f\u81eaXML\u5b9a\u4e49\u7684DataType\uff0c\u4e5f\u53ef\u4ee5\u88abXML\u4e2d\u7684\u5b9a\u4e49\u7684DataType\u7ee7\u627f\u3002\u901a\u8fc7\u8fd9\u79cd\u65b9\u5f0f\u53ef\u4ee5\u4f7f\u6570\u636e\u5b57\u5178\u4e0eDataType\u7684\u7ed3\u5408\u53d8\u7684\u66f4\u52a0\u81ea\u7136\u3002'));
INSERT INTO PUBLIC.EXAMPLES(ID, LABEL, SORT_FLAG, IS_NEW, IS_HOT, AUTHOR, CREATE_DATE, LAST_MODIFY, ICON, URL, IS_EMBEDDED, EMBED_WIDTH, EMBED_HEIGHT, TAGS, SUMMARY) VALUES
(6550, STRINGDECODE('\u4e3b\u4ece\u8868\u89c6\u56fe'), 0, 0, 0, 'benny.bao@bstek.com', DATE '2010-12-28', DATE '2010-12-28', NULL, 'com.bstek.dorado.sample.data.MasterDetail.d', 0, 0, 0, 'MasterDetail DataPath', STRINGDECODE('\u8fd9\u662f\u4e00\u4e2a\u6d4f\u89c8\u5206\u7c7b/\u4ea7\u54c1\u7684\u9875\u9762\uff0c\u5728\u672c\u793a\u4f8b\u4e2dDorado7\u7684\u7acb\u4f53\u6570\u636e\u6a21\u578b\u5f97\u5230\u4e86\u521d\u6b65\u7684\u5c55\u73b0\u673a\u4f1a\u3002\u6211\u4eec\u901a\u8fc7\u4e00\u4e2aDataSet\u7ba1\u7406\u4e86\u5206\u7c7b\u548c\u4ea7\u54c1\u8fd9\u4e24\u79cd\u4fe1\u606f\uff0c\u4ed6\u4eec\u4e4b\u95f4\u5f62\u6210\u7684\u4e00\u9897\u4e24\u5c42\u7684\u6811\u72b6\u7ed3\u6784\u5173\u7cfb\u3002\n\n=== \u5b66\u4e60\u91cd\u70b9 ===\n* \u5982\u4f55\u901a\u8fc7DataType\u4ee5\u53caPropertyDef\u5b9a\u4e49\u6570\u636e\u5b9e\u4f53\u4e4b\u95f4\u7684\u5173\u7cfb\u3002\n* \u5982\u4f55\u5229\u7528DataPath\u8ba9\u6570\u636e\u63a7\u4ef6\u4e0e\u6570\u636e\u6811\u4e2d\u7684\u67d0\u4e00\u5c42\u7ea7\u8fdb\u884c\u7ed1\u5b9a\u3002')),
(8150, STRINGDECODE('\u4e3b\u4ece\u8868\u89c6\u56fe\uff08\u61d2\u88c5\u8f7d\uff09'), 0, 0, 0, 'benny.bao@bstek.com', DATE '2010-12-29', DATE '2010-12-29', NULL, 'com.bstek.dorado.sample.data.MasterDetailLazy.d', 0, 0, 0, 'MasterDetail Reference DataPath', STRINGDECODE('\u6b64\u793a\u4f8b\u7684\u5916\u89c2\u540c\"\u4e3b\u4ece\u8868\u89c6\u56fe\"\u793a\u4f8b\u5b8c\u5168\u76f8\u540c\uff0c\u552f\u4e00\u7684\u533a\u522b\u5728\u672c\u793a\u4f8b\u4e2d\u7684\u4ea7\u54c1\u4fe1\u606f\u662f\u61d2\u88c5\u8f7d\u7684\u3002\u5373\u6839\u636e\u7528\u6237\u5f53\u524d\u7684\u9009\u62e9\u7684\u5206\u7c7b\uff0c\u5b9e\u65f6\u7684\u5229\u7528Ajax\u4ece\u540e\u53f0\u88c5\u8f7d\u76f8\u5e94\u7684\u4ea7\u54c1\u5217\u8868\u3002\n\n\u800c\u4e4b\u524d\u7684\"\u4e3b\u4ece\u8868\u89c6\u56fe\"\u793a\u4f8b\u5219\u4e0d\u5177\u5907\u6b64\u61d2\u88c5\u8f7d\u7279\u6027\uff0c\u5728\u90a3\u4e2a\u793a\u4f8b\u4e2d\u6240\u6709\u7684\u5206\u7c7b\u4ee5\u53ca\u5206\u7c7b\u4e2d\u4ea7\u54c1\u7684\u4fe1\u606f\u90fd\u662f\u4e00\u6b21\u6027\u7684\u88ab\u88c5\u8f7d\u5230\u524d\u53f0\u7684\u3002\u663e\u7136\uff0c\u5728\u90a3\u79cd\u4f7f\u7528\u65b9\u5f0f\u4e2d\u5f53\u6570\u636e\u91cf\u53d8\u5f97\u66f4\u5927\u65f6\uff0c\u5bf9\u4e8e\u7f51\u7edc\u4f20\u8f93\u4ee5\u53ca\u524d\u7aef\u7684\u5c55\u73b0\u6027\u80fd\u90fd\u662f\u975e\u5e38\u4e0d\u5229\u7684\u3002\n\n=== \u5b66\u4e60\u91cd\u70b9 ===\n* \u5982\u4f55\u901a\u8fc7DataType\u4e2d\u7684Reference\u5c5e\u6027\u5b9a\u4e49\u6570\u636e\u5b9e\u4f53\u4e4b\u95f4\u7684\u5173\u7cfb\u3002')),
(33800, 'Hello World', 0, 0, 0, 'benny.bao@bstek.com', DATE '2011-02-09', DATE '2011-02-09', NULL, 'com.bstek.dorado.sample.basic.HelloWorld.d', 1, 500, 300, 'HelloWorld', STRINGDECODE('=== \u5b66\u4e60\u91cd\u70b9 ===\n* \u521d\u6b65\u4e86\u89e3\u89c6\u56fe\u914d\u7f6e\u6587\u4ef6\u7684\u7ed3\u6784\u3002\n* URI\u4e0e\u89c6\u56fe\u914d\u7f6e\u6587\u4ef6\u4e4b\u95f4\u7684\u6620\u5c04\u5173\u7cfb\u3002\n\n=== \u7b80\u8981\u8bf4\u660e ===\nHelloWorld.view.xml\u6587\u4ef6\u7684\u8d44\u6e90\u8def\u5f84\u4e3acom/bstek/dorado/sample/tutorial/HelloWorld.view.xml\u3002\u76f8\u5e94\u7684\uff0c\u6211\u8bbf\u95ee\u8be5\u89c6\u56fe\u65f6\u4f7f\u7528\u7684URI\u662f/com.bstek.dorado.sample.tutorial.HelloWorld.d\u3002\u76f8\u4fe1\u60a8\u4e0d\u96be\u627e\u51fa\u4e24\u8005\u4e4b\u95f4\u7684\u6620\u5c04\u89c4\u5f8b\uff0c\u8fd9\u91cc\u6709\u4e24\u70b9\u503c\u5f97\u6ce8\u610f\uff1a\n* \u89c6\u56fe\u914d\u7f6e\u6587\u4ef6\u548c\u8bbf\u95eeURI\u4e4b\u95f4\u7684\u6620\u5c04\u5173\u7cfb\u5e76\u4e0d\u4ec5\u9650\u4e8e\u6b64\u4e00\u79cd\uff0c\u4e8b\u5b9e\u4e0a\u60a8\u53ef\u4ee5\u5229\u7528Dorado\u7684\u914d\u7f6e\u6587\u4ef6\u975e\u5e38\u7075\u6d3b\u7684\u5b9a\u4e49\u5b83\u4eec\u4e4b\u95f4\u7684\u6620\u5c04\u65b9\u5f0f\u3002\n* \u5982\u679c\u60a8\u6709\u5174\u8da3\uff0c\u4e5f\u53ef\u4ee5\u5c1d\u8bd5\u4ee5/com/bstek.dorado.sample.tutorial.HelloWorld.d\u3001/com/bstek.dorado.sample/tutorial.HelloWorld.d\u7b49\u5f62\u5f0f\u7684URI\u6765\u8bbf\u95ee\u540c\u4e00\u4e2a\u89c6\u56fe\u3002\u8fd9\u8868\u793a\u60a8\u53ef\u4ee5\u81ea\u884c\u786e\u5b9aHelloWorld\u9875\u9762\u7684\u6839\u8def\u5f84\u3002\u901a\u5e38\uff0c\u6211\u4eec\u5efa\u8bae\u60a8\u4fdd\u6301\u6240\u6709\u9875\u9762\u7684\u8def\u5f84\u4f4d\u4e8e\u5e94\u7528\u7684\u6839\u8def\u5f84\u4e2d\uff0c\u8fd9\u5c06\u5728\u9875\u9762\u9700\u8981\u5f15\u5165CSS\u3001\u56fe\u7247\u7b49\u5916\u90e8\u8d44\u6e90\u65f6\u7ed9\u60a8\u5e26\u6765N\u591a\u7684\u4fbf\u5229\u3002\n\n[[\u8be6\u7ec6\u793a\u4f8b\u8bf4\u660e|http://wiki.bsdn.org/x/6wkX]]'));
INSERT INTO PUBLIC.EXAMPLES(ID, LABEL, SORT_FLAG, IS_NEW, IS_HOT, AUTHOR, CREATE_DATE, LAST_MODIFY, ICON, URL, IS_EMBEDDED, EMBED_WIDTH, EMBED_HEIGHT, TAGS, SUMMARY) VALUES
(35400, STRINGDECODE('\u505c\u9760\u5f0f\u5e03\u5c40\uff08DockLayout\uff09'), 0, 0, 0, 'benny.bao@bstek.com', DATE '2011-02-09', DATE '2011-02-09', NULL, 'com.bstek.dorado.sample.layout.DockLayout.d', 1, 500, 300, 'Layout DockLayout', STRINGDECODE('\u7531\u4e8e\u5927\u90e8\u5206\u60c5\u51b5\u4e0b\u4e0d\u518d\u4f7f\u7528JSP\u7b49\u57fa\u4e8eHTML\u7684\u9875\u9762\u8bbe\u8ba1\u65b9\u5f0f\uff0c\u56e0\u6b64\u9700\u8981\u501f\u52a9Dorado\u63d0\u4f9b\u7684\u5bb9\u5668\u548c\u5e03\u5c40\u7ba1\u7406\u5668\u6765\u5b8c\u6210\u9875\u9762\u5e03\u5c40\u3002\u6240\u6709\u7684\u5bb9\u5668\u578b\u63a7\u4ef6\u90fd\u652f\u6301\u901a\u8fc7\u5e03\u5c40\u7ba1\u7406\u5668\u6765\u5c55\u73b0\u5176\u4e2d\u7684\u5b50\u63a7\u4ef6\u3002\n\n=== \u5b66\u4e60\u91cd\u70b9 ===\n* \u638c\u63e1\u505c\u9760\u5f0f\u5e03\u5c40\u7684\u57fa\u672c\u6982\u5ff5\uff0c\u53735\u79cd\u5e03\u5c40\u7a7a\u95f4\u7684\u5177\u4f53\u542b\u4e49\u3002\n* \u4e86\u89e3\u5982\u4f55\u5b9a\u4e49\u5e03\u5c40\u7ba1\u7406\u5668\u548c\u5e03\u5c40\u6761\u4ef6\u3002\n\n=== \u7b80\u8981\u8bf4\u660e ===\nDorado7\u63d0\u4f9b\u7684\u5f88\u591a\u79cd\u5e03\u5c40\u7ba1\u7406\u5668\uff0c\u8fd9\u91cc\u4ecb\u7ecd\u7684\u505c\u9760\u5f0f\u5e03\u5c40\u662f\u6700\u4e3a\u57fa\u672c\u7684\u3001\u9ed8\u8ba4\u7684\u5e03\u5c40\u7ba1\u7406\u5668\u3002\u505c\u9760\u5f0f\u5e03\u5c40\u5c06\u6574\u4e2a\u5bb9\u5668\u7684\u7a7a\u95f4\u5212\u5206\u4e3a\u4e94\u79cd\uff0c\u5206\u522b\u662fleft\u3001top\u3001right\u3001bottom\u548ccenter\uff0c\u5bf9\u5e94\u4e94\u79cd\u505c\u9760\u65b9\u5f0f\u3002\n\n\u5f53\u4e00\u4e2a\u63a7\u4ef6\u88ab\u5206\u914d\u4e86\u4e0a\u8ff0\u4e94\u79cd\u505c\u9760\u65b9\u5f0f\u4e2d\u7684\u4e00\u79cd\u65f6\uff0c\u5b83\u603b\u662f\u5c3d\u53ef\u80fd\u5360\u636e\u90a3\u4e2a\u533a\u57df\u7684\u6240\u6709\u7a7a\u95f4\uff0c\u7136\u540e\u5c06\u5269\u4f59\u7684\u7a7a\u95f4\u7559\u7ed9\u540e\u9762\u7684\u63a7\u4ef6\u3002\nDockLayout\u4e2d\u5141\u8bb8\u9664center\u4e4b\u5916\u7684\u6bcf\u4e00\u79cd\u505c\u9760\u65b9\u5f0f\u51fa\u73b0\u591a\u6b21\uff0c\u5177\u4f53\u7a7a\u95f4\u88ab\u5982\u4f55\u5212\u5206\u53d6\u51b3\u4e8e\u5b83\u4eec\u88ab\u6dfb\u52a0\u5230\u5e03\u5c40\u7ba1\u7406\u5668\u7684\u987a\u5e8f\u3002\n\n[[\u8be6\u7ec6\u793a\u4f8b\u8bf4\u660e|http://wiki.bsdn.org/x/DwkX]]')),
(35401, STRINGDECODE('\u951a\u5b9a\u5f0f\u5e03\u5c40\uff08AnchorLayout\uff09'), 0, 0, 0, 'benny.bao@bstek.com', DATE '2011-02-10', DATE '2011-02-10', NULL, 'com.bstek.dorado.sample.layout.AnchorLayout.d', 1, 0, 400, 'Layout AnchorLayout', STRINGDECODE('\u951a\u5b9a\u5f0f\u5e03\u5c40\u662fDorado7\u63d0\u4f9b\u7684\u3001\u975e\u5e38\u5177\u6709\u72ec\u521b\u6027\u7684\u5e03\u5c40\u65b9\u5f0f\uff0c\u80fd\u591f\u9002\u5e94\u975e\u5e38\u5e7f\u6cdb\u7684\u754c\u9762\u5e03\u5c40\u9700\u6c42\u3002\n\n=== \u5b66\u4e60\u91cd\u70b9 ===\n* \u638c\u63e1\u951a\u5b9a\u5f0f\u5e03\u5c40\u7684\u57fa\u672c\u6982\u5ff5\uff0c\u6ce8\u610f\u7406\u89e3\u793a\u4f8b\u4e2d\u63d0\u4f9b\u76843\u4e2a\u4f7f\u7528\u573a\u666f\u3002\n* \u4e86\u89e3\u5bb9\u5668\u578b\u63a7\u4ef6\uff0c\u4ee5\u53ca\u5bb9\u5668\u578b\u63a7\u4ef6\u548c\u5e03\u5c40\u7ba1\u7406\u5668\u4e4b\u95f4\u7684\u5173\u7cfb\u3002\n\n=== \u7b80\u8981\u8bf4\u660e ===\n\u951a\u5b9a\u5f0f\u5e03\u5c40\u7684\u57fa\u672c\u601d\u8def\u5c31\u662f\u8bbe\u5b9a\u63a7\u4ef6\u7684\u8fb9\u754c\u4e0e\u5bb9\u5668\u6216\u5176\u5b83\u63a7\u4ef6\u4e4b\u95f4\u7684\u8ddd\u79bb\uff0c\u6700\u7ec8\u5f97\u51fa\u5e0c\u671b\u5f97\u5230\u7684\u5e03\u5c40\u6548\u679c\u3002\u951a\u5b9a\u5f0f\u5e03\u5c40\u7c7b\u4f3c\u4e8e\u7edd\u5bf9\u5b9a\u4f4d\u5f0f\u5e03\u5c40\uff0c\u4f46\u5176\u529f\u80fd\u6bd4\u7edd\u5bf9\u5b9a\u4f4d\u5f0f\u5e03\u5c40\u8981\u4e30\u5bcc\u7684\u591a\u3002\n\n* \u951a\u5b9a\u5f0f\u5e03\u5c40\u4e0d\u4ec5\u652f\u6301\u5bf9left\u548ctop\u8fb9\u7684\u5b9a\u4f4d\uff0c\u8fd8\u652f\u6301\u5bf9right\u548cbottom\u8fb9\u7684\u5b9a\u4f4d\u3002\n* \u951a\u5b9a\u5f0f\u5e03\u5c40\u4e0d\u4ec5\u53ef\u4ee5\u5c06\u5bb9\u5668\u7684\u8fb9\u754c\u4f5c\u4e3a\u951a\u5b9a\u76ee\u6807\u8fdb\u884c\u5b9a\u4f4d\uff0c\u8fd8\u652f\u6301\u5c06\u5176\u4ed6\u63a7\u4ef6\u7684\u8fb9\u754c\u4f5c\u4e3a\u951a\u5b9a\u76ee\u6807\u8fdb\u884c\u5b9a\u4f4d\u3002\n* \u951a\u5b9a\u5f0f\u5e03\u5c40\u4e0d\u4f46\u652f\u6301\u4ee5\u6570\u503c\u4f5c\u4e3a\u951a\u5b9a\u503c\uff0c\u4e5f\u652f\u6301\u4ee5\u767e\u5206\u6bd4\u4f5c\u4e3a\u951a\u5b9a\u503c\u3002\n\n\u5982\u679c\u80fd\u591f\u7075\u6d3b\u7684\u8fd0\u7528\u951a\u5b9a\u5e03\u5c40\uff0c\u6211\u4eec\u5c31\u80fd\u901a\u8fc7\u5b83\u5b9e\u73b0\u5927\u90e8\u5206\u7684\u754c\u9762\u5e03\u5c40\u9700\u6c42\u3002\u4e8b\u5b9e\u4e0aDorado\u4e2d\u9ed8\u8ba4\u7684\u505c\u9760\u5f0f\u5e03\u5c40\uff08DockLayout\uff09\u5c31\u662f\u5229\u7528\u951a\u5b9a\u5f0f\u5e03\u5c40\u6269\u5c55\u800c\u6765\u7684\u3002\n\n[[\u8be6\u7ec6\u793a\u4f8b\u8bf4\u660e|http://wiki.bsdn.org/x/HgkX]]'));
INSERT INTO PUBLIC.EXAMPLES(ID, LABEL, SORT_FLAG, IS_NEW, IS_HOT, AUTHOR, CREATE_DATE, LAST_MODIFY, ICON, URL, IS_EMBEDDED, EMBED_WIDTH, EMBED_HEIGHT, TAGS, SUMMARY) VALUES
(139800, STRINGDECODE('Javascript\u63a7\u5236\u5668'), 0, 1, 1, 'benny.bao@bstek.com', DATE '2012-06-14', DATE '2012-06-14', NULL, 'com.bstek.dorado.sample.basic.Controller.d', 1, 0, 0, 'Controller @Bind @View @Global', STRINGDECODE('\u672c\u4f8b\u5c55\u793a\u4e86Dorado7.1\u5f00\u59cb\u63d0\u4f9b\u7684Javascript\u63a7\u5236\u5668\u7684\u529f\u80fd\u3002Javascript\u63a7\u5236\u5668\u7684\u4e3b\u8981\u4f5c\u7528\u7684\u662f\u5c06view.xml\u4e2d\u7684\u4e8b\u4ef6\u4ee3\u7801\u62bd\u53d6\u5230\u4e00\u4e2a\u72ec\u7acb\u7684js\u5e93\u6587\u4ef6\u7684\u5f53\u4e2d\uff0c\u4f7f\u5f00\u53d1\u8005\u80fd\u591f\u66f4\u52a0\u4fbf\u6377\u7684\u9605\u8bfb\u548c\u7ef4\u62a4\u89c6\u56fe\u4e2d\u7684Javascript\u4ee3\u7801\u3002\n\n=== \u5b66\u4e60\u91cd\u70b9 ===\n* \u4e86\u89e3@Bind\u6807\u6ce8\u7684\u4f5c\u7528\uff0c\u638c\u63e1\u5176\u7ed1\u5b9a\u8868\u8fbe\u5f0f\u7684\u7528\u6cd5\u3002\n* \u4e86\u89e3@View\u548c@Global\u7684\u4f5c\u7528\u7684\u548c\u533a\u522b\u3002\u660e\u767d\u4e3a\u4ec0\u4e48Dorado\u63a8\u8350\u4f7f\u7528@View\u800c\u4e0d\u662f@Global\u3002\n* \u5982\u4f55\u5b9a\u4e49\u533f\u540d\u4e8b\u4ef6\u76d1\u542c\u5668\u3002\n* \u4e86\u89e3\u4e8b\u4ef6\u53c2\u6570\u7684\u81ea\u52a8\u6ce8\u5165\u529f\u80fd\u3002')),
(40352, STRINGDECODE('MapValue\u6620\u5c04\u8868'), 0, 0, 0, 'benny.bao@bstek.com', DATE '2011-02-13', DATE '2011-02-13', NULL, 'com.bstek.dorado.sample.data.MapValue.d', 1, 640, 0, 'MapValue', STRINGDECODE('\u5728\u5f88\u591a\u573a\u666f\u6211\u4eec\u4f1a\u9700\u8981\u5728\u754c\u9762\u4e0a\u5c06\u6570\u636e\u4e2d\u7684\u4ee3\u7801\u7ffb\u8bd1\u4e3a\u53e6\u4e00\u79cd\u7528\u4e8e\u663e\u793a\u7684\u5185\u5bb9\uff0c\u4f8b\u5982\u5c06true/false\u7ffb\u8bd1\u4e3aMale/Female\uff0c\u6216\u8005\u5c06\u72b6\u6001\u4ee3\u7801\u7ffb\u8bd1\u4e3a\u5177\u4f53\u7684\u72b6\u6001\u540d\u79f0\u7b49\u7b49\u3002\u8fd9\u4e9b\u6620\u5c04\u5173\u7cfb\u6709\u65f6\u662f\u56fa\u5316\u7684\uff0c\u6709\u65f6\u662f\u4fdd\u5b58\u5728\u6570\u636e\u5e93\u4e2d\u7684\u3002\n\nDorado7\u4e3aDataType\u63d0\u4f9b\u4e86MapValue\u7279\u6027\u7528\u4ee5\u652f\u6301\u4e0a\u8ff0\u8fd9\u7c7b\u9700\u6c42\u3002MapValue\u529f\u80fd\u5728\u8fd0\u884c\u65f6\u5728\u5185\u5b58\u4e2d\u7ef4\u62a4\u6620\u5c04\u5173\u7cfb\uff0c\u56e0\u6b64\u5b83\u975e\u5e38\u9002\u7528\u4e8e\u90a3\u4e9b\u4e0d\u6613\u53d1\u751f\u53d8\u5316\u4e14\u6570\u636e\u91cf\u4e0d\u5927\u7684\u663e\u793a\u5185\u5bb9\u5207\u6362\u3002\n\n=== \u5b66\u4e60\u91cd\u70b9 ===\n* \u5982\u4f55\u901a\u8fc7MapValue\u5b9e\u73b0\u9759\u6001\u7684\u663e\u793a\u5185\u5bb9\u5207\u6362\uff0c\u89c1\u793a\u4f8b\u4e2d\u5bf9\"\u6027\u522b\"\u5217\u3002\n* \u5982\u4f55\u901a\u8fc7MapValue\u5e76\u501f\u52a9DataProvider\u548cEL\u8868\u8fbe\u5f0f\u4ece\u5176\u4ed6\u5b58\u8d2e\u4e2d\u8bfb\u53d6\u6620\u5c04\u5173\u7cfb\uff0c\u89c1\u793a\u4f8b\u4e2d\u5bf9\"\u79f0\u8c13\"\u5217\u3002\n* \u4e86\u89e3\u5982\u4f55\u5728\u6a21\u578b\u914d\u7f6e\u6587\u4ef6\u4e2d\u663e\u5f0f\u7684\u5b9a\u4e49DataProvider\u3002\n\n[[\u8be6\u7ec6\u793a\u4f8b\u8bf4\u660e|http://wiki.bsdn.org/x/JoAj]]')),
(3301, STRINGDECODE('\u5355\u8868\u6570\u636e\u7ef4\u62a4'), 0, 0, 0, 'benny.bao@bstek.com', DATE '2010-12-23', DATE '2010-12-23', NULL, 'com.bstek.dorado.sample.data.SimpleCRUD.d', 1, 0, 0, STRINGDECODE('DataType\u3001DataProvider\u3001DataResolver\u3001\u81ea\u52a8\u65b9\u6cd5\u9002\u914d'), STRINGDECODE('\u8fd9\u662f\u4e00\u4e2a\u5bf9\u4ea7\u54c1\u5217\u8868\u8fdb\u884c\u589e\u5220\u6539\u9875\u9762\uff0c\u5177\u5907\u6570\u636e\u7ffb\u9875\u7684\u529f\u80fd\u3002\n\n\u5728\u672c\u793a\u4f8b\u4e2d\u60a8\u4f1a\u63a5\u89e6\u5230\u4e00\u7cfb\u5217\u6765\u81eaDorado7\u7684\u65b0\u6982\u5ff5\uff0c\u4f8b\u5982DataType\u3001DataProvider\u3001DataSet\u7b49\uff0c\u7406\u89e3\u672c\u793a\u4f8b\u5bf9\u4e8e\u638c\u63e1Dorado7\u7684\u5f00\u53d1\u662f\u81f3\u5173\u91cd\u8981\u7684\u4e00\u73af\u3002\n\n=== \u5b66\u4e60\u91cd\u70b9 ===\n* \u5982\u4f55\u914d\u7f6e\u57fa\u672c\u7684DataType\uff1f\n* \u4f7f\u7528Annotation\u5feb\u901f\u7684\u5b9a\u4e49DataProvider\u548cDataResolver\u3002\n* DataSet\u7684\u6982\u5ff5\u4ee5\u53caDataSet\u5982\u4f55\u901a\u8fc7DataProvider\u83b7\u5f97\u6570\u636e\u3002\n* \u6570\u636e\u7ed1\u5b9a\u63a7\u4ef6\u7684\u57fa\u672c\u4f7f\u7528\u65b9\u6cd5\u3002\n* \u6570\u636e\u63d0\u4ea4\uff08\u5373UpdateAction\uff09\u7684\u57fa\u672c\u4f7f\u7528\u65b9\u6cd5\u3002\n* \u521d\u6b65\u4e86\u89e3Dorado\u63d0\u4f9b\u7684HibernateDAO\u3002'));
INSERT INTO PUBLIC.EXAMPLES(ID, LABEL, SORT_FLAG, IS_NEW, IS_HOT, AUTHOR, CREATE_DATE, LAST_MODIFY, ICON, URL, IS_EMBEDDED, EMBED_WIDTH, EMBED_HEIGHT, TAGS, SUMMARY) VALUES
(40350, STRINGDECODE('\u9012\u5f52\u6811'), 0, 0, 0, 'benny.bao@bstek.com', DATE '2010-12-29', DATE '2010-12-29', '', 'com.bstek.dorado.sample.data.RecursiveTree.d', 1, 340, 440, 'DataTree', STRINGDECODE('\u672c\u793a\u4f8b\u6f14\u793a\u5982\u4f55\u5904\u7406\u754c\u9762\u4e2d\u9012\u5f52\u578b\u7684\u6570\u636e\u5173\u7cfb\u3002\n\n=== \u5b66\u4e60\u91cd\u70b9 ===\n* \u5982\u4f55\u5229\u7528DataSet\u548cDataType\u5b9a\u4e49\u9012\u5f52\u578b\u7684\u6570\u636e\u5173\u7cfb\u3002\n* \u5982\u4f55\u5b9e\u73b0DataTree\u63a7\u4ef6\u4e0e\u9012\u5f52\u578b\u7684\u6570\u636e\u4e4b\u95f4\u7684\u7ed1\u5b9a\u3002\n\n[[\u8be6\u7ec6\u793a\u4f8b\u8bf4\u660e|http://wiki.bsdn.org/x/PYAj]]')),
(40365, STRINGDECODE('\u7b80\u5355\u67e5\u8be2 1'), 0, 1, 0, 'benny.bao@bstek.com', DATE '2011-02-13', DATE '2011-02-13', '', 'com.bstek.dorado.sample.data.SimpleQuery1.d', 1, 0, 380, 'Query', STRINGDECODE('\u672c\u793a\u4f8b\u6f14\u793a\u4e86\u4e00\u4e2a\u975e\u5e38\u7b80\u5355\u7684\u52a8\u6001\u67e5\u8be2\uff0c\u540e\u53f0\u6839\u636e\u7528\u6237\u5b9a\u4e49\u7684\u6761\u4ef6\u52a8\u6001\u7684\u7ec4\u7ec7\u7684Hibernate Criteria\u3002\n\n=== \u5b66\u4e60\u91cd\u70b9 ===\n* \u5982\u4f55\u63d0\u53d6AutoForm\u4e2d\u7684\u6570\u636e\u3002\n* \u5982\u4f55\u5229\u7528DataSet\u7684parameter\u5c5e\u6027\u5b9e\u73b0Ajax\u5f0f\u7684\u67e5\u8be2\u3002\n\n[[\u8be6\u7ec6\u793a\u4f8b\u8bf4\u660e|http://wiki.bsdn.org/x/UIAj]]')),
(37050, STRINGDECODE('\u52a8\u6001\u89c6\u56fe'), 0, 0, 0, 'benny.bao@bstek.com', DATE '2011-02-11', DATE '2011-02-11', NULL, 'com.bstek.dorado.sample.basic.DynaView.d', 1, 0, 0, 'ViewInterceptor onReady', STRINGDECODE('=== \u5b66\u4e60\u91cd\u70b9 ===\n* \u521d\u6b65\u4e86\u89e3\u89c6\u56fe\u62e6\u622a\u5668\u3002\n* \u4e86\u89e3\u201c\u670d\u52a1\u5b9a\u4f4d\u8868\u8fbe\u5f0f\u201d\u53ca\u5176\u80cc\u540e\u7684\u9ed8\u8ba4\u7ea6\u5b9a\u3002\n* \u521d\u6b65\u4e86\u89e3\u201c\u667a\u80fd\u65b9\u6cd5\u9002\u914d\u201d\uff0c\u4f53\u9a8cDorado7\u5e26\u6765\u7684\u7ea6\u5b9a\u5f0f\u5f00\u53d1\u6a21\u5f0f\u3002\n\n=== \u7b80\u8981\u8bf4\u660e ===\n\u672c\u4f8b\u4e2d\u7684\u89c6\u56fe\u914d\u7f6e\u6587\u4ef6\u4e2d\u53ea\u58f0\u660e\u4e86\u4e00\u4e2a\u7a7a\u7684Panel\u63a7\u4ef6\uff0c\u800c\u5728\u5b9e\u9645\u7684\u8fd0\u884c\u6548\u679c\u4e2d\u6211\u4eec\u53ef\u4ee5\u770b\u5230Panel\u63a7\u4ef6\u4e2d\u591a\u51fa\u4e868\u4e2a\u6309\u94ae\u3002\u8fd9\u4e9b\u6309\u94ae\u6b63\u5f0f\u901a\u8fc7\u89c6\u56fe\u62e6\u622a\u5668\u4ee3\u7801\u52a8\u6001\u6dfb\u52a0\u7684\uff0c\u6bcf\u4e2a\u6309\u94ae\u8fd8\u88ab\u6307\u5b9a\u4e86\u5404\u81ea\u7684\u5e03\u5c40\u6761\u4ef6\u3001\u5355\u51fb\u4e8b\u4ef6\u3002\u4e8b\u5b9e\u4e0a\uff0c\u89c6\u56fe\u62e6\u622a\u5668\u53ef\u4ee5\u5b8c\u6210\u6240\u6709\u901a\u8fc7\u89c6\u56fe\u914d\u7f6e\u6587\u4ef6\u53ef\u89c1\u5b8c\u6210\u7684\u5de5\u4f5c\u3002\n\n\u901a\u8fc7\u672c\u793a\u4f8b\uff0c\u60a8\u4e5f\u53ef\u4ee5\u521d\u6b65\u7684\u63a5\u89e6\u5230\"\u667a\u80fd\u65b9\u6cd5\u9002\u914d\"\u3002\u5f53\u60a8\u5728\u5b9a\u4e49\u89c6\u56fe\u62e6\u622a\u5668\u4e2d\u7684onReady\u65b9\u6cd5\u65f6\u5e76\u4e0d\u9700\u8981\u62d8\u6ce5\u4e8e\u67d0\u4e2a\u7279\u5b9a\u7684\u65b9\u6cd5\u7b7e\u540d\u6216\u63a5\u53e3\u89c4\u8303\u3002\u60a8\u53ef\u4ee5\u76f8\u5f53\u81ea\u7531\u7684\u58f0\u660e\u8be5\u65b9\u6cd5\uff0cDorado\u5f15\u64ce\u4f1a\u81ea\u52a8\u6839\u636e\u60a8\u7684\u9700\u8981\u5c06\u771f\u5b9e\u7684\u5bf9\u8c61\u6ce8\u5165\u5230\u65b9\u6cd5\u53c2\u6570\u4e2d\u6765\u3002\u4f8b\u5982\u793a\u4f8b\u4e2d\u7684panelButtons\u53c2\u6570\u6b63\u662f\u901a\u8fc7\u8fd9\u4e00\u673a\u5236\u81ea\u52a8\u6ce8\u5165\u7684\u3002\n\n[[\u8be6\u7ec6\u793a\u4f8b\u8bf4\u660e|http://wiki.bsdn.org/x/EYAj]]')),
(40361, STRINGDECODE('\u52a8\u6001EL\u8868\u8fbe\u5f0f'), 0, 0, 0, 'benny.bao@bstek.com', DATE '2011-02-13', DATE '2011-02-13', NULL, 'com.bstek.dorado.sample.basic.DynaExpression.d', 1, 0, 380, 'EL Expression', STRINGDECODE('\u52a8\u6001EL\u8868\u8fbe\u5f0f\u662fDorado7\u4e2d\u63d0\u4f9b\u7684\u4e00\u79cd\u5f88\u6709\u610f\u601d\u7684\u65b0\u7279\u6027\u3002\n\n\u52a8\u6001EL\u8868\u8fbe\u5f0f\u548c\u666e\u901aEL\u8868\u8fbe\u5f0f\u90fd\u53ef\u4ee5\u7528\u4e8eDorado7\u7684\u6570\u636e\u6a21\u578b\u914d\u7f6e\u6587\u4ef6\u548c\u89c6\u56fe\u914d\u7f6e\u6587\u4ef6\u4e2d\uff0c\u4e8c\u8005\u7684\u4e3b\u8981\u533a\u522b\u5982\u4e0b\uff1a\n* \u666e\u901aEL\u8868\u8fbe\u5f0f\u7684\u57fa\u672c\u8bed\u6cd5\u662f${expression}\uff1b\u800c\u52a8\u6001EL\u8868\u8fbe\u5f0f\u57fa\u672c\u8bed\u6cd5\u662f$${expression}\u3002\n* \u666e\u901aEL\u8868\u8fbe\u5f0f\u662f\u5728\u201c\u6839\u636e\u914d\u7f6e\u521b\u5efa\u76ee\u6807\u5bf9\u8c61\u201d\u7684\u8fc7\u7a0b\u4e2d\u88ab\u4e00\u6b21\u6027\u6c42\u503c\u7684\uff1b\u800c\u52a8\u6001EL\u8868\u8fbe\u5f0f\u7684\u6c42\u503c\u52a8\u4f5c\u5219\u53d1\u751f\u7684\u66f4\u665a\uff0c\u662f\u5728\u76f8\u5e94\u7684\u5c5e\u6027\u88ab\u5916\u754c\u8bfb\u53d6\u65f6\u624d\u8fdb\u884c\u6c42\u503c\uff0c\u5e76\u4e14\u4f1a\u5728\u8be5\u5c5e\u6027\u6bcf\u4e00\u6b21\u88ab\u5916\u754c\u8bfb\u53d6\u65f6\u8fdb\u884c\u6c42\u503c\u3002\u4f8b\u5982\uff1a\u6211\u4eec\u58f0\u660e\u4e00\u4e2a\u7528\u4e8e\u83b7\u53d6\u5f53\u524d\u7cfb\u7edf\u65f6\u95f4\u7684\u8868\u8fbe\u5f0f\u3002\u5bf9\u4e8e\u666e\u901aEL\u8868\u8fbe\u5f0f\u800c\u8a00\uff0c\u5176\u7ed3\u679c\u4e3a\u76f8\u5e94\u76ee\u6807\u5bf9\u8c61\u88ab\u521b\u5efa\u65f6\u7684\u65f6\u95f4\uff1b\u800c\u5bf9\u4e8e\u52a8\u6001EL\u8868\u8fbe\u5f0f\u800c\u8a00\uff0c\u5176\u7ed3\u679c\u4e0d\u662f\u56fa\u5b9a\u7684\uff0c\u800c\u662f\u6bcf\u4e00\u6b21\u5916\u754c\u8bfb\u53d6\u8be5\u5c5e\u6027\u65f6\u7684\u7cfb\u7edf\u65f6\u95f4\u3002\n\n=== \u5b66\u4e60\u91cd\u70b9 ===\n* \u901a\u8fc7\u793a\u4f8b\u89c2\u5bdf\u540e\u53f0\u4e09\u6b21\u8bfb\u53d6\u666e\u901aEL\u8868\u8fbe\u5f0f\u548c\u52a8\u6001EL\u8868\u8fbe\u5f0f\u7684\u7ed3\u679c\uff0c\u5e76\u4f53\u4f1a\u52a8\u6001EL\u8868\u8fbe\u5f0f\u4e0e\u666e\u901aEL\u8868\u8fbe\u5f0f\u4e4b\u95f4\u7684\u5f02\u540c\u70b9\u3002\n\n[http://wiki.bsdn.org/ \u8be6\u7ec6\u793a\u4f8b\u8bf4\u660e]'));
INSERT INTO PUBLIC.EXAMPLES(ID, LABEL, SORT_FLAG, IS_NEW, IS_HOT, AUTHOR, CREATE_DATE, LAST_MODIFY, ICON, URL, IS_EMBEDDED, EMBED_WIDTH, EMBED_HEIGHT, TAGS, SUMMARY) VALUES
(40363, STRINGDECODE('\u89c6\u56fe\u914d\u7f6e\u7684\u6ce8\u5165\u548c\u5bfc\u51fa'), 0, 0, 0, 'benny.bao@bstek.com', DATE '2011-02-13', DATE '2011-02-13', '', 'com.bstek.dorado.sample.basic.ImportAndExportTest.d', 1, 440, 340, 'Import Export', STRINGDECODE('\u89c6\u56fe\u914d\u7f6e\u7684\u6ce8\u5165\u548c\u5bfc\u51fa\u529f\u80fd\u5141\u8bb8\u60a8\u5c06\u6765\u81ea\u4e8e\u4efb\u610f\u5176\u4ed6\u89c6\u56fe\u914d\u7f6e\u6587\u4ef6\u4e2d\u7684\u4e00\u4e2a\u63a7\u4ef6\u6216\u4e00\u6bb5\u914d\u7f6e\u5f15\u5165\u5230\u5f53\u524d\u89c6\u56fe\u4e2d\uff0c\u8be5\u529f\u80fd\u53ef\u4ee5\u5f88\u65b9\u4fbf\u7684\u8ba9\u60a8\u91cd\u7528\u90a3\u4e9b\u5177\u6709\u901a\u7528\u6027\u7684\u914d\u7f6e\u4fe1\u606f\u3002\n\n=== \u5b66\u4e60\u91cd\u70b9 ===\n* \u6ce8\u610f\u89c2\u5bdf\u793a\u4f8b\u6ce8\u5165\u6807\u8bb0\uff08<Import>\uff09\u548c\u6e90\u914d\u7f6e\u6587\u4ef6\u4e2d\u88ab\u5bfc\u51fa\u63a7\u4ef6\u6216\u5bfc\u51fa\u6807\u8bb0\uff08<Export>\uff09\u4e4b\u95f4\u7684\u5173\u7cfb\u3002\n\n[[\u8be6\u7ec6\u793a\u4f8b\u8bf4\u660e|http://wiki.bsdn.org/x/6QBq]]')),
(93250, STRINGDECODE('\u8868\u5355\u5f0f\u5e03\u5c40\uff08FormLayout\uff09'), 0, 0, 0, 'benny.bao@bstek.com', DATE '2012-03-30', DATE '2012-03-30', NULL, 'com.bstek.dorado.sample.layout.FormLayout.d', 1, 0, 580, NULL, STRINGDECODE('\u672c\u793a\u4f8b\u6f14\u793a\u4e86\u5982\u4f55\u4f7f\u7528\u8868\u5355\u5f0f\u5e03\u5c40\u3002')),
(93251, STRINGDECODE('\u6c34\u5e73\u7bb1\u5f0f\u5e03\u5c40\uff08HBoxLayout\uff09'), 0, 0, 0, 'benny.bao@bstek.com', DATE '2012-03-30', DATE '2012-03-30', NULL, 'com.bstek.dorado.sample.layout.HBoxLayout.d', 1, 0, 250, NULL, STRINGDECODE('\u672c\u793a\u4f8b\u6f14\u793a\u4e86\u5982\u4f55\u4f7f\u7528\u6c34\u5e73\u7bb1\u5f0f\u5e03\u5c40\u3002')),
(93252, STRINGDECODE('\u7eb5\u5411\u7bb1\u5f0f\u5e03\u5c40\uff08VBoxLayout\uff09'), 0, 0, 0, 'benny.bao@bstek.com', DATE '2012-03-30', DATE '2012-03-30', NULL, 'com.bstek.dorado.sample.layout.VBoxLayout.d', 1, 0, 420, NULL, STRINGDECODE('\u672c\u793a\u4f8b\u6f14\u793a\u4e86\u5982\u4f55\u4f7f\u7528\u7eb5\u5411\u7bb1\u5f0f\u5e03\u5c40\u3002')),
(48350, STRINGDECODE('Velocity\u6a21\u677f\u62e6\u622a\u5668'), 0, 0, 0, 'benny.bao@bstek.com', DATE '2011-02-25', DATE '2011-02-25', '', 'com.bstek.dorado.sample.basic.VelocityInterceptor.d', 1, 480, 200, 'VelocityInterceptor', STRINGDECODE('\u5c3d\u7ba1Velocity\u672c\u8eab\u5df2\u7ecf\u63d0\u4f9b\u4e86\u6bd4\u8f83\u7075\u6d3b\u7684\u5b9a\u5236\u529f\u80fd\uff0c\u4f46\u662f\u6709\u65f6\u53ef\u80fd\u4ecd\u7136\u4f1a\u663e\u5f97\u4e0d\u591f\u7075\u6d3b\u6216\u4e0d\u8fc7\u65b9\u4fbf\u3002\u57fa\u4e8e\u6b64\u8003\u8651\uff0cDorado7\u4e3a\u63d0\u4f9bVelocity\u6a21\u677f\u6269\u5c55\u4e86\u5d4c\u5165\u62e6\u622a\u5668\u7684\u529f\u80fd\u3002\n\n\u672c\u793a\u4f8b\u6f14\u793a\u4e86\u5982\u4f55\u5728Velocity\u6a21\u677f\u4e2d\u690d\u5165\u4e00\u6bb5\u81ea\u5b9a\u4e49\u7684\u903b\u8f91\u4ee3\u7801\uff0c\u4ee5\u4fbf\u4e8e\u6ee1\u8db3\u67d0\u4e9b\u8f83\u4e3a\u7279\u6b8a\u7684\u9875\u9762\u6a21\u677f\u5b9a\u4e49\u9700\u6c42\u3002\u5d4c\u5165\u7684\u903b\u8f91\u65b9\u6cd5\u540c\u6837\u652f\u6301\u201c\u667a\u80fd\u65b9\u6cd5\u9002\u914d\u201d\uff0c\u53ef\u652f\u6301\u7684\u53c2\u6570\u5305\u62ec\u7528\u4e8eVelocity\u6a21\u677f\u8f93\u51fa\u5185\u5bb9\u7684java.io.Writer\u4ee5\u53caVelocity\u7684\u4e0a\u4e0b\u6587\u2014\u2014org.apache.velocity.context\u3002\n\n[[\u8be6\u7ec6\u793a\u4f8b\u8bf4\u660e|http://wiki.bsdn.org/x/NAkX]]')),
(53150, STRINGDECODE('\u52a8\u6001HQL\u67e5\u8be2'), 0, 1, 0, 'benny.bao@bstek.com', DATE '2011-03-02', DATE '2011-03-02', '', 'com.bstek.dorado.sample.data.DynaHqlQuery.d', 1, 0, 380, 'hql HibernateHqlDataProvider', STRINGDECODE('\u672c\u793a\u4f8b\u4e0e\"\u7b80\u5355\u67e5\u8be2 1\"\u5f88\u76f8\u4f3c\uff0c\u4e3b\u8981\u7684\u4e0d\u540c\u70b9\u662f\u672c\u4f8b\u4f7f\u7528\u4e86Dorado7\u63d0\u4f9b\u7684HibernateHqlDataProvider\u3002\u8be5\u79cdDataProvider\u652f\u6301\u76f4\u63a5\u6839\u636e\u5f00\u53d1\u4eba\u5458\u5b9a\u4e49\u7684HQL\u5b8c\u6210\u6570\u636e\u67e5\u8be2\uff0c\u751a\u81f3\u53ef\u4ee5\u5229\u7528Velocity\u8bed\u6cd5\u5b9e\u73b0HQL\u7684\u52a8\u6001\u7ec4\u88c5\uff0c\u5b9e\u73b0\u52a8\u6001\u6761\u4ef6\u67e5\u8be2\u3002\n\n=== \u5b66\u4e60\u91cd\u70b9 ===\n* \u5b9a\u4e49\u89c6\u56fe\u79c1\u6709DataProvider\u3002\n* \u4e86\u89e3\u5982\u4f55\u5728HQL\u4e2d\u5d4c\u5165\u5916\u90e8\u53c2\u6570\u3002\n* \u4e86\u89e3\u5982\u4f55\u5229\u7528Velocity\u5224\u65ad\u8bed\u6cd5\u5b9e\u73b0HQL\u7684\u52a8\u6001\u7ec4\u88c5\u3002\n\n[[\u8be6\u7ec6\u793a\u4f8b\u8bf4\u660e|http://wiki.bsdn.org/x/M4Ej]]'));
INSERT INTO PUBLIC.EXAMPLES(ID, LABEL, SORT_FLAG, IS_NEW, IS_HOT, AUTHOR, CREATE_DATE, LAST_MODIFY, ICON, URL, IS_EMBEDDED, EMBED_WIDTH, EMBED_HEIGHT, TAGS, SUMMARY) VALUES
(123652, STRINGDECODE('\u81ea\u5b9a\u4e49\u63d0\u4ea4\u6570\u636e'), 0, 0, 0, 'benny.bao@bstek.com', DATE '2012-04-15', DATE '2012-04-15', NULL, 'com.bstek.dorado.sample.data.CustomUpdateItem.d', 1, 0, 0, NULL, STRINGDECODE('\u672c\u4f8b\u6f14\u793a\u4e86\u5982\u4f55\u901a\u8fc7UpdateAction\u7684onGetUpdateItemData\u4e8b\u4ef6\u6765\u81ea\u5b9a\u4e49Dorado\u63d0\u4ea4\u5230Server\u7aef\u7684\u6570\u636e\u3002\n\u7531\u4e8e\u9ed8\u8ba4\u60c5\u51b5\u4e0bUpdateItem\u90fd\u662f\u901a\u8fc7DataPath\u6765\u6307\u5b9a\u63d0\u4ea4\u6570\u636e\uff0c\u4f46\u662f\u8fd9\u79cd\u65b9\u5f0f\u5e76\u4e0d\u603b\u80fd\u6ee1\u8db3\u6240\u6709\u4e1a\u52a1\u573a\u666f\u7684\u9700\u8981\uff0c\u56e0\u6b64\u5728\u5fc5\u8981\u7684\u60c5\u51b5\u4e0b\u6211\u4eec\u8fd8\u8981\u638c\u63e1\u5982\u4f55\u901a\u8fc7\u4e8b\u4ef6\u4ee3\u7801\u6765\u5b9a\u4e49\u63d0\u4ea4\u6570\u636e\u3002')),
(131750, STRINGDECODE('\u52a8\u6001\u79c1\u6709DataType'), 0, 0, 0, 'benny.bao@bstek.com', DATE '2012-04-18', DATE '2012-04-18', NULL, 'com.bstek.dorado.sample.data.DynaPrivateDataType.d', 1, 0, 450, NULL, STRINGDECODE('\u672c\u4f8b\u6f14\u793a\u4e86\u5982\u4f55\u901a\u8fc7Java\u4ee3\u7801\u52a8\u6001\u7684\u521b\u5efa\u548c\u5b8c\u5584View\u4e2d\u7684\u79c1\u6709DataType\u3002\n\n\u5728\u5b9e\u9645\u7684\u4f7f\u7528\u8fc7\u7a0b\u4e2d\uff0c\u5f88\u591a\u60c5\u51b5\u4e0b\u7528\u6237\u7684\u7cfb\u7edf\u662f\u5b58\u5728\u6570\u636e\u5b57\u5178\u7684\uff0c\u5f00\u53d1\u4eba\u5458\u5e38\u5e38\u8981\u9762\u5bf9\u5982\u4f55\u901a\u8fc7\u6570\u636e\u5b57\u5178\u7b49\u5916\u90e8\u7684\u4fe1\u606f\u6765\u52a8\u6001\u7684\u521b\u5efaDataType\u7684\u9700\u6c42\uff0c\u672c\u4f8b\u4e3a\u6b64\u7c7b\u573a\u666f\u63d0\u4f9b\u4e86\u4e00\u4e2a\u6e05\u6670\u7684\u8303\u4f8b\u3002')),
(45150, STRINGDECODE('\u5b50\u89c6\u56fe'), 0, 0, 0, 'benny.bao@bstek.com', DATE '2011-02-24', DATE '2011-02-24', NULL, 'com.bstek.dorado.sample.widget.base.SubViewHolder.d', 1, 0, 340, 'SubView SubViewHolder', STRINGDECODE('\u5229\u7528SubViewHolder\u63a7\u4ef6\u53ef\u4ee5\u5f88\u65b9\u4fbf\u7684\u5c06\u4e00\u4e2a\u5df2\u7ecf\u5b9a\u4e49\u597d\u7684\u89c6\u56fe\u5f15\u5165\u5230\u5f53\u524d\u89c6\u56fe\u5f53\u4e2d\uff0c\u672c\u4f8b\u5c06\u201c\u5355\u8868\u6570\u636e\u7ef4\u62a4\u201d\u754c\u9762\u5f15\u5165\u5e76\u653e\u7f6e\u5230\u4e86\u4e00\u4e2aPanel\u4e2d\u3002')),
(99651, STRINGDECODE('\u5361\u7247\u7c3f\uff08CardBook\uff09'), 0, 0, 0, 'benny.bao@bstek.com', DATE '2012-04-06', DATE '2012-04-06', NULL, 'com.bstek.dorado.sample.widget.base.CardBook.d', 1, 0, 400, NULL, STRINGDECODE('\u672c\u793a\u4f8b\u5c55\u793aCardBook\u63a7\u4ef6\u7684\u57fa\u672c\u7528\u6cd5\u3002')),
(115650, STRINGDECODE('\u591a\u9875\u6807\u7b7e\uff08TabControl\uff09'), 0, 0, 0, 'benny.bao@bstek.com', DATE '2012-04-12', DATE '2012-04-12', NULL, 'com.bstek.dorado.sample.widget.base.TabControl.d', 1, 0, 430, NULL, STRINGDECODE('\u672c\u793a\u4f8b\u5c55\u793aTabControl\u63a7\u4ef6\u7684\u57fa\u672c\u7528\u6cd5\u3002')),
(117250, STRINGDECODE('\u624b\u98ce\u7434\uff08Accordion\uff09'), 0, 0, 0, 'benny.bao@bstek.com', DATE '2012-04-12', DATE '2012-04-12', NULL, 'com.bstek.dorado.sample.widget.base.Accordion.d', 1, 0, 440, NULL, STRINGDECODE('\u672c\u793a\u4f8b\u5c55\u793aAccordion\u63a7\u4ef6\u7684\u57fa\u672c\u7528\u6cd5\u3002')),
(118850, STRINGDECODE('\u5de5\u5177\u680f\uff08ToolBar\uff09'), 0, 0, 0, 'benny.bao@bstek.com', DATE '2012-04-13', DATE '2012-04-13', NULL, 'com.bstek.dorado.sample.widget.base.ToolBar.d', 1, 0, 0, NULL, ''),
(134900, STRINGDECODE('\u5c0f\u8d34\u58eb\uff08Tip\uff09'), 0, 0, 0, 'benny.bao@bstek.com', DATE '2012-04-19', DATE '2012-04-19', NULL, 'com.bstek.dorado.sample.widget.base.Tip.d', 1, 0, 360, NULL, STRINGDECODE('\u672c\u4f8b\u6f14\u793a\u4e86Tip\u63a7\u4ef6\u7684\u5404\u79cd\u4f7f\u7528\u65b9\u6cd5\u3002')),
(138100, STRINGDECODE('\u4efb\u52a1\u6307\u793a\u548c\u901a\u77e5'), 0, 0, 0, 'benny.bao@bstek.com', DATE '2012-04-19', DATE '2012-04-19', NULL, 'com.bstek.dorado.sample.widget.base.NotifyAndTask.d', 1, 0, 0, NULL, STRINGDECODE('\u672c\u793a\u4f8b\u6f14\u793a\u4e86\u4e24\u79cd\u7528\u4e8e\u5411\u7528\u6237\u663e\u793a\u6d88\u606f\u7684API:\n* dorado.util.TaskIndicator.showTaskIndicator\n* dorado.widget.NotifyTipManager.notify()'));
INSERT INTO PUBLIC.EXAMPLES(ID, LABEL, SORT_FLAG, IS_NEW, IS_HOT, AUTHOR, CREATE_DATE, LAST_MODIFY, ICON, URL, IS_EMBEDDED, EMBED_WIDTH, EMBED_HEIGHT, TAGS, SUMMARY) VALUES
(138101, STRINGDECODE('\u7cfb\u7edf\u5bf9\u8bdd\u6846'), 0, 0, 0, 'benny.bao@bstek.com', DATE '2012-04-19', DATE '2012-04-19', NULL, 'com.bstek.dorado.sample.widget.base.MessageBox.d', 1, 0, 0, NULL, STRINGDECODE('\u672c\u4f8b\u6f14\u793a\u91ccDorado7\u652f\u6301\u7684\u5404\u79cd\u9ed8\u8ba4\u7684\u7cfb\u7edf\u5bf9\u8bdd\u6846\u3002')),
(91650, STRINGDECODE('\u865a\u62df\u5c5e\u6027\u4e0b\u62c9\u9009\u62e9'), 0, 0, 0, 'benny.bao@bstek.com', DATE '2012-03-29', DATE '2012-03-29', NULL, 'com.bstek.dorado.sample.widget.form.DataSetDropDown1.d', 1, 0, 330, NULL, STRINGDECODE('\u672c\u4f8b\u6f14\u793a\u4e86\u5982\u4f55\u901a\u8fc7\u865a\u62df\u5c5e\u6027\u548c\u4e0b\u62c9\u6846\u7684\u914d\u5408\u6765\u5b8c\u6210\"\u4ee3\u7801/\u540d\u79f0\u6620\u5c04\"\u4ee5\u53ca\u5173\u8054\u5c5e\u6027\u7684\u9009\u62e9\u7f16\u8f91\u3002\n\n=== \u5b66\u4e60\u8981\u70b9 ===\n* \u4e86\u89e3\u672c\u4f8b\u529f\u80fd\u7684\u5b9e\u73b0\u539f\u7406\u3002\n* \u638c\u63e1DataSetDropDown.assignmentMap\u5c5e\u6027\u7684\u7528\u6cd5\u3002\n\n=== \u7b80\u8981\u8bf4\u660e ===\n\u865a\u62df\u5c5e\u6027\u662f\u6307\u5229\u7528Dorado7\u63d0\u4f9b\u7684\u52a8\u6001\u4ee3\u7406\u6280\u672f\u4e3aJava Bean\u6dfb\u52a0\u539f\u672c\u5e76\u4e0d\u652f\u6301\u7684\u5c5e\u6027\uff0c\u4ee5\u4fbf\u4e8e\u6ee1\u8db3\u5ba2\u6237\u7aef\u754c\u9762\u903b\u8f91\u7684\u9700\u8981\u3002\n\n\u4e4b\u6240\u4ee5\u9700\u8981\u4f7f\u7528\u865a\u62df\u5c5e\u6027\u800c\u4e0d\u662fMapValue\u662f\u56e0\u4e3aMapValue\u901a\u5e38\u53ea\u9002\u7528\u4e8e\u6570\u636e\u91cf\u4e0d\u5927\u7684\u573a\u666f\uff0c\u5f53\"\u4ee3\u7801/\u540d\u79f0\"\u5bf9\u7684\u6570\u636e\u91cf\u8f83\u5927\u65f6\u6211\u4eec\u5c31\u4e0d\u5e94\u8be5\u518d\u7ee7\u7eed\u4f9d\u9760\u5ba2\u6237\u7aef\u6765\u5b8c\u6210\"\u4ee3\u7801/\u540d\u79f0\"\u7684\u6620\u5c04\u4e86\u3002\u6b64\u65f6\u53ef\u9009\u7684\u4e00\u79cd\u65b9\u6cd5\u5c31\u662f\u5229\u7528\u865a\u62df\u5c5e\u6027\u4e3a\u6570\u636e\u5b9e\u4f53\u6dfb\u52a0\u4e00\u4e2a\u989d\u5916\u7684\u5c5e\u6027\u7528\u4e8e\u6682\u5b58\u548c\u663e\u793a\"\u540d\u79f0\"\uff0c\u800c\u6570\u636e\u5b9e\u4f53\u4e2d\u539f\u672c\u5b58\u5728\u7684\"\u4ee3\u7801\"\u5c5e\u6027\u5219\u88ab\u9690\u85cf\u8d77\u6765\u3002\u6b64\u79cd\u505a\u6cd5\u6709\u4ee5\u4e0b\u4e09\u4e2a\u8981\u70b9\uff1a\n* \u670d\u52a1\u7aef\u7684\u903b\u8f91\u9700\u8981\u6839\u636e\"\u4ee3\u7801\"\u5c5e\u6027\u7684\u503c\u586b\u5145\u597d\"\u540d\u79f0\"\u5c5e\u6027\uff0c\u4ee5\u4fbf\u4e8e\u754c\u9762\u80fd\u5728\u6253\u5f00\u65f6\u6b63\u786e\u7684\u663e\u793a\"\u540d\u79f0\"\u3002\n* \u754c\u9762\u4e0a\u5229\u7528\u4e0b\u62c9\u6846\u7b49\u5bf9\"\u540d\u79f0\"\u5c5e\u6027\u8fdb\u884c\u9009\u62e9\u5f0f\u7684\u7f16\u8f91\uff0c\u786e\u4fdd\u7528\u6237\u5728\u505a\u51fa\u9009\u62e9\u540e\u524d\u53f0\u903b\u8f91\u80fd\u591f\u540c\u65f6\u6539\u5199\"\u540d\u79f0\"\u548c\"\u4ee3\u7801\"\u8fd9\u4e24\u4e2a\u5c5e\u6027\u3002\n* \u5728\u6570\u636e\u63d0\u4ea4\u7684\u5904\u7406\u903b\u8f91\u4e2d\u6211\u4eec\u771f\u6b63\u9700\u8981\u5904\u7406\u7684\u901a\u5e38\u662f\"\u4ee3\u7801\"\u5c5e\u6027\uff0c\"\u540d\u79f0\"\u5c5e\u6027\u7684\u503c\u5f80\u5f80\u88ab\u76f4\u63a5\u5f03\u7f6e\u3002')),
(40351, STRINGDECODE('\u5f15\u7528\u5b9e\u4f53\u4e0b\u62c9\u9009\u62e9'), 0, 0, 0, 'benny.bao@bstek.com', DATE '2011-02-13', DATE '2011-02-13', '', 'com.bstek.dorado.sample.widget.form.DataSetDropDown2.d', 1, 0, 330, 'DataSetDropDown dynaFilter defaultDisplayProperty', STRINGDECODE('\u672c\u4f8b\u6f14\u793a\u4e86\u5982\u4f55\u4e3a\u6570\u636e\u5b9e\u4f53\u4e2d\u7684OneToMany\u5c5e\u6027\u5b9a\u4e49\u4e0b\u62c9\u6846\u3002\u4e0e\u4f20\u7edf\u505a\u6cd5\u4e0d\u540c\u7684\u662f\uff0c\u7531\u4e8e\u5f15\u5165\u4e86ORM\u6280\u672f\uff0c\u4e0b\u62c9\u6846\u4e2d\u6240\u5217\u51fa\u548c\u9009\u62e9\u7684\u7684\u5e76\u4e0d\u662f\u5916\u952e\u503c\u800c\u662f\u5f15\u7528\u7684\u6570\u636e\u5b9e\u4f53\u3002\n\n=== \u5b66\u4e60\u91cd\u70b9 ===\n* \u4e86\u89e3DataType\u4e2ddefaultDisplayProperty\u5c5e\u6027\u7684\u5177\u4f53\u542b\u4e49\u3002\n* \u4e86\u89e3DataSetDropDown\u4e2ddynaFilter\u529f\u80fd\u7684\u4f7f\u7528\u65b9\u6cd5\u3002\n\n[[\u8be6\u7ec6\u793a\u4f8b\u8bf4\u660e|http://wiki.bsdn.org/x/CAkX]]'));
INSERT INTO PUBLIC.EXAMPLES(ID, LABEL, SORT_FLAG, IS_NEW, IS_HOT, AUTHOR, CREATE_DATE, LAST_MODIFY, ICON, URL, IS_EMBEDDED, EMBED_WIDTH, EMBED_HEIGHT, TAGS, SUMMARY) VALUES
(93254, STRINGDECODE('\u8054\u52a8\u4e0b\u62c9\u6846\uff08Reference\uff09'), 0, 0, 0, 'benny.bao@bstek.com', DATE '2012-03-30', DATE '2012-03-30', NULL, 'com.bstek.dorado.sample.widget.form.LinkageDropDowns1.d', 1, 0, 400, NULL, STRINGDECODE('\u672c\u793a\u4f8b\u6f14\u793a\u4e86\u5982\u4f55\u901a\u8fc7DataType\u4e2d\u7684Reference\u5c5e\u6027\u6765\u5b9e\u73b0\u8054\u52a8\u4e0b\u62c9\u6846\u3002\n*red*\u6b64\u79cd\u7528\u6cd5\u5b9e\u73b0\u4e0a\u975e\u5e38\u7b80\u5355\uff0c\u4f46\u662f\u5728\u529f\u80fd\u4e0a\u5374\u4e5f\u6709\u7740\u5f88\u5927\u7684\u5c40\u9650\u6027\uff01**\n\n\u5728\u6b64\u79cd\u5b9e\u73b0\u65b9\u5f0f\u4e0b\u4ece\u5c5e\u4e0b\u62c9\u6846\u4e2d\u663e\u793a\u4ec0\u4e48\u5185\u5bb9\u5b8c\u5168\u53d6\u51b3\u4e8e\u4e3b\u4e0b\u62c9\u6846\u6700\u540e\u4e00\u6b21\u9009\u62e9\u7684\u6570\u636e\u3002\n\u56e0\u6b64\u5982\u679c\u60a8\u8981\u5f00\u53d1\u7684\u9875\u9762\u662f\u4e00\u4e2a\u7a7a\u767d\u7684\u8f93\u5165\u9875\u9762\uff0c\u4f8b\u5982\u65b0\u589e\u9875\u9762\u3001\u6ce8\u518c\u9875\u9762\u3002\u90a3\u4e48\u60a8\u53ef\u4ee5\u8003\u8651\u8fd9\u79cd\u4f7f\u7528\u65b9\u5f0f\uff0c\u56e0\u4e3a\u7406\u8bba\u4e0a\u7528\u6237\u4e00\u5b9a\u4f1a\u5148\u5728\u4e3b\u4e0b\u62c9\u6846\u4e2d\u8fdb\u884c\u9009\u62e9\uff0c\u7136\u540e\u624d\u4f1a\u53bb\u64cd\u4f5c\u4ece\u4e0b\u62c9\u6846\u3002\n\u800c\u5bf9\u4e8e\u90a3\u4e9b\u7f16\u8f91\u9875\u9762\uff0c\u6b64\u65b9\u6cd5\u53ef\u80fd\u5c31\u5b8c\u5168\u4e0d\u9002\u7528\uff0c\u56e0\u4e3a\u7528\u6237\u5f88\u53ef\u80fd\u8df3\u8fc7\u4e3b\u4e0b\u62c9\u6846\u76f4\u63a5\u64cd\u4f5c\u4ece\u4e0b\u62c9\u6846\uff0c\u6b64\u65f6\u6211\u4eec\u5b8c\u5168\u4e0d\u80fd\u4fdd\u8bc1\u4ece\u4e0b\u62c9\u6846\u4e2d\u663e\u793a\u7684\u662f\u7528\u6237\u60f3\u8981\u770b\u5230\u7684\u6570\u636e\u3002\n\n\u7efc\u4e0a\u6240\u8ff0\uff0c\u672c\u4f8b\u867d\u7136\u7b80\u5355\u4f46\u5374\u53ea\u80fd\u9002\u7528\u4e8e\u5c11\u6570\u573a\u666f\u3002\u8981\u5728\u5b9e\u9645\u7684\u5e94\u7528\u573a\u666f\u4e2d\u5f00\u53d1\u8054\u52a8\u4e0b\u62c9\u6846\u8bf7\u53c2\u8003\u793a\u4f8b\u2014\u2014\u8054\u52a8\u4e0b\u62c9\u6846\uff08Flush\uff09\u3002')),
(94900, STRINGDECODE('\u8054\u52a8\u4e0b\u62c9\u6846\uff08Flush\uff09'), 0, 0, 0, 'benny.bao@bstek.com', DATE '2012-04-01', DATE '2012-04-01', NULL, 'com.bstek.dorado.sample.widget.form.LinkageDropDowns2.d', 1, 0, 400, NULL, STRINGDECODE('\u8054\u52a8\u4e0b\u62c9\u6846\uff08Reference\uff09\n\n\u672c\u793a\u4f8b\u6f14\u793a\u4e86\u5982\u4f55\u901a\u8fc7DataSet\u7684flushAsync\u65b9\u6cd5\u6765\u5b9e\u73b0\u8054\u52a8\u4e0b\u62c9\u6846\uff0c\u672c\u4f8b\u53ef\u4f5c\u4e3a\u7edd\u5927\u591a\u6570\u8054\u52a8\u4e0b\u62c9\u6846\u573a\u666f\u7684\u5f00\u53d1\u8303\u4f8b\u3002\n\n=== \u5b66\u4e60\u91cd\u70b9 ===\n* \u7406\u89e3\u5982\u4f55\u901a\u8fc7\u4ece\u4e0b\u62c9\u6846\u7684beforeExecute\u4e8b\u4ef6\u6765\u5b9a\u5236\u4e0b\u62c9\u7684\u5185\u5bb9\u3002\n* \u4e86\u89e3DataSet\u7684cacheable\u5c5e\u6027\u3002\u672c\u4f8b\u901a\u8fc7\u8be5\u5c5e\u6027\u6765\u5b9e\u73b0\u5bf9\u4ece\u4e0b\u62c9\u6846\u6570\u636e\u7684\u5ba2\u6237\u7aef\u7f13\u5b58\uff0c\u907f\u514d\u4ece\u4e0b\u62c9\u6846\u8fdb\u884c\u4e0d\u5fc5\u8981\u7684\u91cd\u590d\u6570\u636e\u88c5\u8f7d\u3002')),
(83600, STRINGDECODE('\u6570\u636e\u8868\u683c'), 0, 0, 0, 'benny.bao@bstek.com', DATE '2011-07-13', DATE '2011-07-13', NULL, 'com.bstek.dorado.sample.widget.grid.DataGrid.d', 1, 0, 500, 'Grid Ajax JSON Summary', STRINGDECODE('\u672c\u4f8b\u6f14\u793a\u6570\u636e\u8868\u683c\u63a7\u4ef6\u7684\u57fa\u672c\u4f7f\u7528\u65b9\u6cd5\u548c\u529f\u80fd\u3002')),
(46750, STRINGDECODE('\u6811\u578b\u5217\u8868'), 0, 0, 0, 'benny.bao@bstek.com', DATE '2011-02-25', DATE '2011-02-25', '', 'com.bstek.dorado.sample.widget.tree.TreeGrid.d', 1, 0, 0, NULL, STRINGDECODE('\u672c\u793a\u4f8b\u6f14\u793a\u6811\u72b6\u5217\u8868\u63a7\u4ef6\u7684\u57fa\u672c\u4f7f\u7528\u65b9\u6cd5\u3002\n\n=== \u5b66\u4e60\u91cd\u70b9 ===\n* \u5982\u4f55\u5b9e\u73b0TreeGrid\u63a7\u4ef6\u4e0e\u9012\u5f52\u578b\u7684\u6570\u636e\u4e4b\u95f4\u7684\u7ed1\u5b9a\u3002\n\n[[\u8be6\u7ec6\u793a\u4f8b\u8bf4\u660e|http://wiki.bsdn.org/x/YYAj]]'));
INSERT INTO PUBLIC.EXAMPLES(ID, LABEL, SORT_FLAG, IS_NEW, IS_HOT, AUTHOR, CREATE_DATE, LAST_MODIFY, ICON, URL, IS_EMBEDDED, EMBED_WIDTH, EMBED_HEIGHT, TAGS, SUMMARY) VALUES
(123659, STRINGDECODE('\u4e0e\u6570\u636e\u6811\u8054\u52a8'), 0, 0, 0, 'benny.bao@bstek.com', DATE '2012-04-15', DATE '2012-04-15', NULL, 'com.bstek.dorado.sample.widget.tree.CurrentNodeDataPath.d', 1, 0, 400, NULL, STRINGDECODE('\u672c\u4f8b\u6f14\u793a\u4e86\u5982\u4f55\u8ba9\u6570\u636e\u6811\u4e0e\u5176\u4ed6\u6570\u636e\u63a7\u4ef6\u8fdb\u884c\u8054\u52a8\u7684\u754c\u9762\u3002\n\n\u7531\u4e8e\u6570\u636e\u6811\u4e2d\u7684\u5f53\u524d\u8282\u70b9\u8fd9\u4e00\u4fe1\u606f\u662f\u65e0\u6cd5\u901a\u8fc7DataPath\u8fdb\u884c\u63cf\u8ff0\u7684\uff0c\u56e0\u6b64\u5f53\u6211\u4eec\u5e0c\u671b\u5f00\u53d1\u4e00\u4e2a\u901a\u8fc7\u6570\u636e\u6811\u6765\u5b9e\u73b0\u6570\u636e\u5bfc\u822a\u6d4f\u89c8\u7684\u754c\u9762\u65f6\uff0c\u6211\u4eec\u5c31\u65e0\u6cd5\u5229\u7528\u50cf\u201c\u4e3b\u4ece\u8868\u89c6\u56fe\u201d\u4e2d\u90a3\u6837\u7684DataPath\u6765\u63cf\u8ff0\u4ece\u6570\u636e\u63a7\u4ef6\u7684\u7ed1\u5b9a\u5173\u7cfb\u3002\u4e3a\u4e86\u89e3\u51b3\u8fd9\u4e00\u95ee\u9898\uff0cDorado7\u4e3a\u6570\u636e\u5e93\u63d0\u4f9b\u4e86\u4e00\u4e2a\u540d\u4e3acurrentNodeDataPath\u7684\u5c5e\u6027\uff0c\u6b64\u5c5e\u6027\u5229\u7528\u4e86DataPath\u7684\u81ea\u5b9a\u4e49\u7247\u6bb5\u529f\u80fd\u3002\n\n\u4f8b\u5982\u5f53\u6211\u4eec\u4e3acurrentNodeDataPath\u5c5e\u6027\u8d4b\u503c\u4e3aCURRENT_EMPLOYEE\u65f6\uff0cDorado\u4f1a\u81ea\u52a8\u5728\u5f53\u524d\u89c6\u56fe\u7684DataPath\u5904\u7406\u5f15\u64ce\u4e2d\u6ce8\u518c\u4e00\u4e2a\u540d\u4e3aCURRENT_EMPLOYEE\u7684\u81ea\u5b9a\u4e49\u7247\u6bb5\uff0c\u5e76\u4f7f\u5f97\u8be5\u81ea\u5b9a\u4e49\u7247\u6bb5\u59cb\u7ec8\u6307\u5411\u5f53\u524d\u6811\u8282\u70b9\u6240\u5bf9\u5e94\u7684\u6570\u636e\u5b9e\u4f53\u3002\u5982\u6b64\u4e00\u6765\uff0c\u4f46\u6211\u4eec\u60f3\u518d\u5b9a\u4e49\u4e00\u4e2a\u6570\u636e\u8868\u683c\u7528\u6765\u663e\u793a\u5f53\u524d\u6811\u4e2d\u9009\u4e2d\u7684\u4e1a\u52a1\u5458\u7684\u8ba2\u5355\u65f6\uff0c\u5c31\u53ef\u4ee5\u4f7f\u7528\u8fd9\u6837\u7684DataPath\u2014\u2014!CURRENT_EMPLOYEE.orders\u3002\u5176\u4e2d!CURRENT_EMPLOYEE\u8868\u793a\u5f15\u7528\u4e00\u4e2a\u81ea\u5b9a\u4e49DataPath\u7247\u6bb5\uff0c!CURRENT_EMPLOYEE\u59cb\u7ec8\u6307\u5411\u5f53\u524d\u6811\u8282\u70b9\u6240\u5bf9\u5e94\u7684\u4e1a\u52a1\u5458\uff0c\u6545!CURRENT_EMPLOYEE.orders\u5c31\u8868\u793a\u8be5\u4e1a\u52a1\u5458\u540d\u4e0b\u7684\u6240\u6709\u8ba2\u5355\u3002')),
(101250, STRINGDECODE('\u9884\u5904\u7406\u6811\u8282\u70b9'), 0, 0, 0, 'benny.bao@bstek.com', DATE '2012-04-07', DATE '2012-04-07', NULL, 'com.bstek.dorado.sample.widget.tree.PrepocessTreeNode.d', 1, 340, 440, NULL, STRINGDECODE('\u672c\u4f8b\u6f14\u793a\u4e86\u5982\u4f55\u5229\u7528\u865a\u62df\u5c5e\u6027\u5728\u670d\u52a1\u7aef\u5bf9\u6811\u8282\u70b9\u7684\u72b6\u6001\u505a\u4e00\u4e9b\u9884\u8bbe\u7f6e\u3002\n\n=== \u5b66\u4e60\u91cd\u70b9 ===\n* \u5982\u4f55\u5229\u7528bindingConfig\u7684hasChildProperty\u5c5e\u6027\u5728\u670d\u52a1\u7aef\u5c31\u786e\u5b9a\u67d0\u4e2a\u6811\u8282\u70b9\u4e0b\u662f\u5426\u5b58\u5728\u5b50\u8282\u70b9\u3002\n* \u5982\u4f55\u5229\u7528bindingConfig\u7684checkedProperty\u5c5e\u6027\u5728\u670d\u52a1\u7aef\u5c31\u786e\u5b9a\u67d0\u4e2a\u6811\u8282\u70b9\u9ed8\u8ba4\u5df2\u88ab\u52fe\u9009\u3002')),
(98050, STRINGDECODE('\u64cd\u4f5c\u6811\u8282\u70b9'), 0, 0, 0, 'benny.bao@bstek.com', DATE '2012-04-05', DATE '2012-04-05', NULL, 'com.bstek.dorado.sample.widget.tree.OperateTreeNode.d', 1, 0, 450, NULL, STRINGDECODE('\u672c\u4f8b\u6f14\u793a\u4e86\u5982\u4f55\u5229\u7528Dorado7\u63d0\u4f9b\u7684API\u5b8c\u6210\u5bf9\u6811\u8282\u70b9\u7684\u5404\u79cd\u64cd\u4f5c\uff0c\u5bf9\u4e8e\u5f00\u53d1\u5305\u542b\u6570\u636e\u6811\u7684\u5e94\u7528\u754c\u9762\u5f88\u6709\u793a\u8303\u4ef7\u503c\u3002 ')),
(70800, STRINGDECODE('\u96c6\u5408\u63a7\u4ef6\u95f4\u7684\u62d6\u62fd'), 0, 0, 0, 'benny.bao@bstek.com', DATE '2011-03-06', DATE '2011-03-06', NULL, 'com.bstek.dorado.sample.widget.dragdrop.DragDrop1.d', 1, 740, 450, 'Drag Drop Draggable Droppable DragMode DropMode', STRINGDECODE('Dorado7\u63d0\u4f9b\u4e86\u5b8c\u5584\u7684\u62d6\u62fd\u529f\u80fd\u652f\u6301\uff0c\u6240\u6709\u7684\u63a7\u4ef6\u652f\u6301\u4e00\u7cfb\u5217\u4e0e\u62d6\u62fd\u64cd\u4f5c\u76f8\u5173\u7684\u5c5e\u6027\u3001\u4e8b\u4ef6\u548c\u65b9\u6cd5\u3002\n\n\u672c\u793a\u4f8b\u7b80\u5355\u7684\u6f14\u793a\u4e86\u5982\u4f55\u5b9e\u73b0\u5728\u51e0\u4e2a\u63a7\u4ef6\u4e4b\u95f4\u5b9e\u73b0\u76f8\u4e92\u62d6\u62fd\u7684\u529f\u80fd\u3002\n\n=== \u5b66\u4e60\u91cd\u70b9 ===\n* \u638c\u63e1draggable\u3001droppable\u3001dragTags\u3001droppableTags\u7b49\u5c5e\u6027\u7684\u5177\u4f53\u542b\u4e49\uff0c\u7406\u89e3\u4ed6\u4eec\u4e4b\u95f4\u662f\u5982\u4f55\u76f8\u4e92\u547c\u5e94\uff0c\u534f\u540c\u5de5\u4f5c\u7684\u3002\n\n[[\u8be6\u7ec6\u793a\u4f8b\u8bf4\u660e|http://wiki.bsdn.org/x/9wgX]]'));
INSERT INTO PUBLIC.EXAMPLES(ID, LABEL, SORT_FLAG, IS_NEW, IS_HOT, AUTHOR, CREATE_DATE, LAST_MODIFY, ICON, URL, IS_EMBEDDED, EMBED_WIDTH, EMBED_HEIGHT, TAGS, SUMMARY) VALUES
(70801, STRINGDECODE('\u6709\u903b\u8f91\u6761\u4ef6\u7684\u62d6\u62fd'), 0, 0, 0, 'benny.bao@bstek.com', DATE '2011-03-06', DATE '2011-03-06', NULL, 'com.bstek.dorado.sample.widget.dragdrop.DragDrop2.d', 1, 660, 340, 'Drag Drop Draggable Droppable DragTags DroppableTags', STRINGDECODE('\u672c\u793a\u4f8b\u6f14\u793a\u4e86\u5982\u4f55\u901a\u8fc7\u62d6\u62fd\u64cd\u4f5c\u76f8\u5173\u7684\u5c5e\u6027\u3001\u4e8b\u4ef6\u6765\u5b9a\u5236\u62d6\u62fd\u64cd\u4f5c\u7684\u884c\u4e3a\uff0c\u4f8b\u5982\u6839\u636e\u5916\u90e8\u6761\u4ef6\u6765\u51b3\u5b9a\u662f\u5426\u5141\u8bb8\u67d0\u63a7\u4ef6\u88ab\u62d6\u653e\u5230\u67d0\u5904\uff0c\u5b9a\u4e49\u62d6\u653e\u5b8c\u6210\u540e\u7684\u540e\u7eed\u52a8\u4f5c\u7b49\u7b49\u3002\n\n[http://wiki.bsdn.org \u8be6\u7ec6\u793a\u4f8b\u8bf4\u660e]')),
(102850, STRINGDECODE('\u6298\u7ebf\u56fe'), 0, 0, 0, 'frank.zhang@bstek.com,benny.bao@bstek.com', DATE '2012-04-07', DATE '2012-04-07', NULL, 'com.bstek.dorado.sample.widget.ofc.Line.d', 1, 0, 500, NULL, STRINGDECODE('\u672c\u4f8b\u6f14\u793a\u4e86\u6298\u7ebf\u56fe\u7684\u57fa\u672c\u4f7f\u7528\u65b9\u6cd5\u3002')),
(102851, STRINGDECODE('\u9762\u79ef\u56fe'), 0, 0, 0, 'frank.zhang@bstek.com,benny.bao@bstek.com', DATE '2012-04-07', DATE '2012-04-07', NULL, 'com.bstek.dorado.sample.widget.ofc.Area.d', 1, 0, 400, NULL, STRINGDECODE('\u672c\u4f8b\u6f14\u793a\u4e86\u9762\u79ef\u56fe\u7684\u57fa\u672c\u4f7f\u7528\u65b9\u6cd5\u3002')),
(104450, STRINGDECODE('\u67f1\u72b6\u56fe'), 0, 0, 0, 'frank.zhang@bstek.com,benny.bao@bstek.com', DATE '2012-04-07', DATE '2012-04-07', NULL, 'com.bstek.dorado.sample.widget.ofc.Column.d', 1, 0, 400, NULL, STRINGDECODE('\u672c\u4f8b\u6f14\u793a\u4e86\u67f1\u72b6\u56fe\u7684\u57fa\u672c\u4f7f\u7528\u65b9\u6cd5\u3002')),
(104451, STRINGDECODE('\u6761\u72b6\u56fe'), 0, 0, 0, 'frank.zhang@bstek.com,benny.bao@bstek.com', DATE '2012-04-08', DATE '2012-04-08', NULL, 'com.bstek.dorado.sample.widget.ofc.Bar.d', 1, 0, 400, NULL, STRINGDECODE('\u672c\u4f8b\u6f14\u793a\u4e86\u6761\u72b6\u56fe\u7684\u57fa\u672c\u4f7f\u7528\u65b9\u6cd5\u3002')),
(104452, STRINGDECODE('\u997c\u56fe'), 0, 0, 0, 'frank.zhang@bstek.com,benny.bao@bstek.com', DATE '2012-04-08', DATE '2012-04-08', NULL, 'com.bstek.dorado.sample.widget.ofc.Pie.d', 1, 640, 400, NULL, STRINGDECODE('\u672c\u4f8b\u6f14\u793a\u4e86\u997c\u56fe\u7684\u57fa\u672c\u4f7f\u7528\u65b9\u6cd5\u3002')),
(104453, STRINGDECODE('\u96f7\u8fbe\u56fe'), 0, 0, 0, 'frank.zhang@bstek.com,benny.bao@bstek.com', DATE '2012-04-08', DATE '2012-04-08', NULL, 'com.bstek.dorado.sample.widget.ofc.Radar.d', 1, 640, 400, NULL, STRINGDECODE('\u672c\u4f8b\u6f14\u793a\u4e86\u96f7\u8fbe\u56fe\u7684\u57fa\u672c\u4f7f\u7528\u65b9\u6cd5\u3002')),
(104454, STRINGDECODE('\u591aY\u8f74\u56fe'), 0, 0, 0, 'frank.zhang@bstek.com,benny.bao@bstek.com', DATE '2012-04-08', DATE '2012-04-08', NULL, 'com.bstek.dorado.sample.widget.ofc.DualYAxis.d', 1, 800, 440, NULL, STRINGDECODE('\u672c\u4f8b\u6f14\u793a\u4e86\u5982\u4f55\u5728\u4e00\u5f20\u56fe\u8868\u4e2d\u96c6\u6210\u591a\u79cd\u56fe\u5f62\u3002')),
(104455, STRINGDECODE('\u6563\u5217\u56fe'), 0, 0, 0, 'frank.zhang@bstek.com,benny.bao@bstek.com', DATE '2012-04-08', DATE '2012-04-08', NULL, 'com.bstek.dorado.sample.widget.ofc.Scatter.d', 1, 800, 440, NULL, STRINGDECODE('\u672c\u4f8b\u6f14\u793a\u4e86\u6563\u5217\u56fe\u7684\u57fa\u672c\u4f7f\u7528\u65b9\u6cd5\u3002')),
(104456, STRINGDECODE('\u591a\u8fb9\u5f62\u56fe'), 0, 0, 0, 'frank.zhang@bstek.com,benny.bao@bstek.com', DATE '2012-04-08', DATE '2012-04-08', NULL, 'com.bstek.dorado.sample.widget.ofc.Shape.d', 1, 540, 340, NULL, STRINGDECODE('\u672c\u4f8b\u6f14\u793a\u4e86\u591a\u8fb9\u5f62\u56fe\u7684\u57fa\u672c\u4f7f\u7528\u65b9\u6cd5\u3002')),
(104457, STRINGDECODE('\u5c42\u53e0\u5f0f\u67f1\u72b6\u56fe'), 0, 0, 0, 'frank.zhang@bstek.com,benny.bao@bstek.com', DATE '2012-04-08', DATE '2012-04-08', NULL, 'com.bstek.dorado.sample.widget.ofc.StackedColumn.d', 1, 540, 340, NULL, STRINGDECODE('\u672c\u4f8b\u6f14\u793a\u4e86\u5c42\u53e0\u5f0f\u67f1\u72b6\u56fe\u7684\u57fa\u672c\u4f7f\u7528\u65b9\u6cd5\u3002'));
INSERT INTO PUBLIC.EXAMPLES(ID, LABEL, SORT_FLAG, IS_NEW, IS_HOT, AUTHOR, CREATE_DATE, LAST_MODIFY, ICON, URL, IS_EMBEDDED, EMBED_WIDTH, EMBED_HEIGHT, TAGS, SUMMARY) VALUES
(106050, STRINGDECODE('\u5bcc\u6587\u672c\u7f16\u8f91\u5668'), 0, 0, 0, 'frank.zhang@bstek.com', DATE '2012-04-08', DATE '2012-04-08', NULL, 'com.bstek.dorado.sample.widget.other.HtmlEditor.d', 1, 800, 400, NULL, STRINGDECODE('\u672c\u4f8b\u6f14\u793aHtmlEditor\u63a7\u4ef6\u7684\u57fa\u672c\u529f\u80fd\u548c\u4f7f\u7528\u65b9\u6cd5\u3002')),
(66000, STRINGDECODE('\u914d\u7f6e\u578b\u7ec4\u88c5\u63a7\u4ef6'), 0, 0, 0, 'benny.bao@bstek.com', DATE '2011-03-05', DATE '2011-03-05', '', 'com.bstek.dorado.sample.widget.customize.XmlAssembledComponent.d', 1, 540, 300, 'AssembledComponent', STRINGDECODE('\u7ec4\u88c5\u63a7\u4ef6\u662f\u4e00\u79cd\u5229\u75281\u5230N\u4e2a\u5176\u4ed6\u63a7\u4ef6\u62fc\u88c5\u800c\u6210\u7684\u63a7\u4ef6\u3002\u7528\u4e8e\u62bd\u8c61\u5f00\u53d1\u8fc7\u7a0b\u4e2d\u90a3\u4e9b\u8fdb\u7a0b\u51fa\u73b0\u7684\u63a7\u4ef6\u4f7f\u7528\u573a\u666f\uff0c\u4f7f\u8fd9\u4e9b\u573a\u666f\u5177\u6709\u5c01\u88c5\u6027\uff0c\u66f4\u52a0\u6613\u4e8e\u91cd\u7528\u3002\n\n\u7ec4\u88c5\u63a7\u4ef6\u65e2\u53ef\u4ee5\u76f4\u63a5\u901a\u8fc7XML\u8fdb\u884c\u5b9a\u4e49\uff0c\u4e5f\u53ef\u4ee5\u901a\u8fc7Java\u5bf9\u8c61\u52a0\u4ee5\u5b9a\u4e49\uff0c\u8fd9\u4e24\u79cd\u5c01\u88c5\u5f62\u5f0f\u6211\u4eec\u5206\u522b\u79f0\u4e4b\u4e3a\uff1a\u914d\u7f6e\u578b\u7ec4\u88c5\u63a7\u4ef6\u548c\u5bf9\u8c61\u578b\u7ec4\u88c5\u63a7\u4ef6\u3002\n\n=== \u5b66\u4e60\u91cd\u70b9 ===\n* \u5982\u4f55\u5b9a\u4e49\u5e76\u5411\u7cfb\u7edf\u4e2d\u6ce8\u518c\u4e00\u4e2a\u65b0\u7684\u7ec4\u88c5\u63a7\u4ef6\u3002\n* \u5982\u4f55\u4e3a\u7ec4\u88c5\u63a7\u4ef6\u6dfb\u52a0\u865a\u62df\u5c5e\u6027\u3002\n\n[[\u8be6\u7ec6\u793a\u4f8b\u8bf4\u660e|http://wiki.bsdn.org/x/4ggX]]')),
(67600, STRINGDECODE('\u5bf9\u8c61\u578b\u7ec4\u88c5\u63a7\u4ef6'), 0, 0, 0, 'benny.bao@bstek.com', DATE '2011-03-05', DATE '2011-03-05', NULL, 'com.bstek.dorado.sample.widget.customize.ObjectAssembledComponent.d', 1, 480, 240, 'AssembledComponent', STRINGDECODE('\u7814\u7a76\u672c\u793a\u4f8b\u524d\u5efa\u8bae\u60a8\u5148\u4e86\u89e3\u4e00\u4e0b\u201c\u914d\u7f6e\u578b\u7ec4\u88c5\u63a7\u4ef6\u201d\u793a\u4f8b\u3002\u5bf9\u8c61\u578b\u7ec4\u88c5\u63a7\u4ef6\u5141\u8bb8\u60a8\u901a\u8fc7Java\u4ee3\u7801\u6765\u5b9a\u4e49\u7ec4\u88c5\u63a7\u4ef6\u5177\u4f53\u5f62\u5f0f\uff0c\u76f8\u5bf9\u4e8e\u914d\u7f6e\u578b\u7ec4\u88c5\u63a7\u4ef6\u5177\u6709\u66f4\u5927\u7684\u7075\u6d3b\u6027\u548c\u81ea\u7531\u5ea6\u3002\n\n\u5bf9\u8c61\u578b\u7ec4\u88c5\u63a7\u4ef6\u548c\u914d\u7f6e\u578b\u7ec4\u88c5\u63a7\u4ef6\u8fd9\u4e24\u79cd\u5b9a\u4e49\u65b9\u6cd5\u5e76\u4e0d\u662f\u76f8\u65a5\uff0c\u60a8\u4e5f\u53ef\u4ee5\u540c\u65f6\u5229\u7528\u8fd9\u4e24\u79cd\u65b9\u6cd5\u6765\u5b9a\u4e49\u4e00\u4e2a\u7ec4\u88c5\u63a7\u4ef6\u3002\u4f8b\u5982\u9996\u5148\u901a\u8fc7\u914d\u7f6e\u4fe1\u606f\u5927\u81f4\u7684\u751f\u6210\u7ec4\u88c5\u63a7\u4ef6\uff0c\u7136\u540e\u518d\u5229\u7528Java\u4ee3\u7801\u5bf9\u5176\u8fdb\u884c\u8fdb\u4e00\u6b65\u7684\u5b9a\u5236\u3002\n\n\u672c\u4f8b\u8bd5\u505a\u4e86\u4e00\u4e2a\u540d\u4e3aQuickForm\u7684\u7ec4\u88c5\u63a7\u4ef6\uff0c\u8be5\u63a7\u4ef6\u53ef\u4ee5\u6839\u636e\u7528\u6237\u6307\u5b9a\u7684\u4e00\u4e2aitems\u5b57\u7b26\u4e32\u5feb\u901f\u7684\u751f\u6210\u4e00\u4e2a\u8868\u5355\u3002\n\n=== \u5b66\u4e60\u91cd\u70b9 ===\n* \u5982\u4f55\u4e3a\u7ec4\u88c5\u63a7\u4ef6\u6dfb\u52a0\u865a\u62df\u4e8b\u4ef6\u3002\n* \u9605\u8bfb\u76f8\u5e94\u6587\u6863\u4e86\u89e3\u201c\u884c\u4e3a\u6a21\u62df\u201d\u7b49\u66f4\u52a0\u9ad8\u7ea7\u7684\u5b9a\u4e49\u6280\u5de7\u3002\n\n[[\u8be6\u7ec6\u793a\u4f8b\u8bf4\u660e|http://wiki.bsdn.org/x/7AgX]]')),
(80450, STRINGDECODE('\u63a7\u4ef6\u6807\u7b7e'), 0, 0, 0, 'benny.bao@bstek.com', DATE '2011-06-27', DATE '2011-06-27', NULL, 'com.bstek.dorado.sample.other.Tags.d', 1, 580, 370, 'tags tag $tag', STRINGDECODE('\u672c\u4f8b\u6f14\u793a\u4e86\u5982\u4f55\u4f7f\u7528\u63a7\u4ef6\u7684tag\u5c5e\u6027\u3002\n\u63a7\u4ef6\u6807\u7b7e\u662fDorado7\u4e2d\u65b0\u589e\u7684\u975e\u5e38\u5177\u6709\u72ec\u521b\u6027\u7684\u529f\u80fd\uff0c\u5229\u7528\u81ea\u5b9a\u4e49\u7684\u6807\u7b7e\u503c\u53ef\u4ee5\u5f88\u65b9\u4fbf\u7684\u5bf9\u4e00\u7ec4\u63a7\u4ef6\u6267\u884c\u6279\u91cf\u64cd\u4f5c\u3002'));
INSERT INTO PUBLIC.EXAMPLES(ID, LABEL, SORT_FLAG, IS_NEW, IS_HOT, AUTHOR, CREATE_DATE, LAST_MODIFY, ICON, URL, IS_EMBEDDED, EMBED_WIDTH, EMBED_HEIGHT, TAGS, SUMMARY) VALUES
(120450, STRINGDECODE('\u804a\u5929\u5ba4\uff08Push/Comet\uff09'), 0, 0, 0, 'benny.bao@bstek.com', DATE '2012-04-13', DATE '2012-04-13', NULL, 'com.bstek.dorado.sample.other.chatroom.ChatRoom.d', 1, 640, 440, NULL, STRINGDECODE('\u4e00\u4e2a\u7528\u4e86\u4e0d\u5230100\u884c\u6709\u6548\u4ee3\u7801\u5b9e\u73b0\u7684\u804a\u5929\u5ba4\u3002\n\n\u9700\u8981\u6ce8\u610f\u7684\u662f\u672c\u4f8b\u5e76\u6ca1\u6709\u4f7f\u7528\u5e38\u89c1\u7684\u5b9a\u65f6Ajax\u65b9\u6cd5\u6765\u63d0\u53d6\u804a\u5929\u8bb0\u5f55\u3002\u800c\u662f\u5229\u7528AjaxAction\u548cServer\u7aef\u7684\u963b\u585e\u65f6\u4ee3\u7801\u6765\u5b9e\u73b0\u4e86\u7c7b\u4f3c\u5b9e\u65f6Push\u7279\u6027\u3002')),
(144650, STRINGDECODE('\u56fd\u9645\u5316'), 0, 1, 0, 'benny.bao@bstek.com', DATE '2012-06-23', DATE '2012-06-23', NULL, 'com.bstek.dorado.sample.basic.TestI18n.d', 1, 700, 340, 'i18n resource', STRINGDECODE('\u672c\u4f8b\u6f14\u793a\u4e86\u56fd\u9645\u5316\u7684\u4e24\u79cd\u57fa\u672c\u4f7f\u7528\u65b9\u6cd5\uff1a\u5229\u7528\u8868\u8fbe\u5f0f\u5f15\u7528\u56fd\u9645\u5316\u8d44\u6e90\u3001\u56fd\u9645\u5316\u8d44\u6e90\u7684\u81ea\u52a8\u6ce8\u5165\u3002\u540c\u65f6\u5728\u4f7f\u7528\u8868\u8fbe\u5f0f\u65f6\uff0c\u8fd8\u5f15\u7528\u4e86\u5168\u5c40\u56fd\u9645\u5316\u8d44\u6e90\u548c\u79c1\u6709\u56fd\u9645\u5316\u8d44\u6e90\u4e24\u79cd\u8d44\u6e90\u3002\n\u5173\u4e8e\u56fd\u9645\u5316\u529f\u80fd\u7684\u8be6\u7ec6\u4f7f\u7528\u65b9\u6cd5\u8bf7\u9605\u8bfb [[\u56fd\u9645\u5316|http://wiki.bsdn.org/x/fYCX]]')),
(123654, STRINGDECODE('\u89c6\u56fe\u4e0a\u4e0b\u6587\uff08ViewContext\uff09'), 0, 0, 0, 'benny.bao@bstek.com', DATE '2012-04-14', DATE '2012-04-15', NULL, 'com.bstek.dorado.sample.basic.ViewContextTest.d?attr1=value1', 1, 640, 220, NULL, STRINGDECODE('\u89c6\u56fe\u4e0a\u4e0b\u6587\u5c1d\u8bd5\u5728\u89c6\u56fe\u7684\u5ba2\u6237\u7aef\u548c\u670d\u52a1\u7aef\u4e4b\u95f4\u81ea\u52a8\u7ef4\u62a4\u4e00\u7ec4\u952e\u503c\u5bf9\u6570\u636e\uff0c\u4e00\u904d\u4e8e\u8ba9\u5f00\u53d1\u8005\u53ef\u4ee5\u66f4\u65b9\u4fbf\u7684\u5728\u5ba2\u6237\u7aef\u548c\u670d\u52a1\u7aef\u4e4b\u95f4\u4f20\u9012\u4fe1\u606f\u3002\n\u4f8b\u5982\u5f53\u6211\u4eec\u5728\u5ba2\u6237\u7aef\u5411\u89c6\u56fe\u4e0a\u4e0b\u6587\u4e2d\u653e\u5165\u4e00\u4e2a\u952e\u503c\u4e4b\u540e\uff0c\u4e0d\u9700\u8981\u4efb\u4f55\u7279\u6b8a\u7684\u64cd\u4f5c\uff0c\u5c31\u53ef\u4ee5\u5728\u63a5\u4e0b\u6765\u7684Ajax\u64cd\u4f5c\u7684\u670d\u52a1\u7aef\u4ece\u4e0a\u4e0b\u6587\u4e2d\u53d6\u51fa\u521a\u624d\u653e\u5165\u7684\u952e\u503c\u3002\u540c\u6837\uff0c\u5982\u679c\u6211\u4eec\u5728\u670d\u52a1\u7aef\u5bf9\u8fd9\u4e2a\u952e\u503c\u505a\u4e86\u4fee\u6539\uff0c\u65b0\u7684\u952e\u503c\u4e5f\u4f1a\u88ab\u81ea\u52a8\u7684\u540c\u6b65\u56de\u5230\u5ba2\u6237\u7aef\u7684\u4e0a\u4e0b\u6587\u4e2d\u3002')),
(4900, 'Ajax', 0, 1, 0, 'benny.bao@bstek.com', DATE '2010-12-24', DATE '2010-12-24', NULL, 'com.bstek.dorado.sample.basic.Ajax.d', 1, 0, 300, 'Ajax ExposedService RemoteServiceAction', STRINGDECODE('\u672c\u4f8b\u5c55\u793a\u4e86\u5728Dorado7\u4e2d\u5982\u4f55\u5feb\u901f\u7684\u5b8c\u6210Ajax\u529f\u80fd\u7684\u5f00\u53d1\u3002\n\n=== \u5b66\u4e60\u91cd\u70b9 ===\n* \u638c\u63e1RemoteServiceAction\u7684\u5b9a\u4e49\u548c\u4f7f\u7528\u65b9\u6cd5\u3002\n* \u4e86\u89e3\u201c\u53ef\u66b4\u9732\u670d\u52a1\u201d\u7684\u57fa\u672c\u6982\u5ff5\u53ca\u5176\u80cc\u540e\u7684\u9ed8\u8ba4\u7ea6\u5b9a\u3002\n* \u638c\u63e1\u5728JavaScript\u4e2d\u8c03\u7528\u5f02\u6b65\u64cd\u4f5c\u7684\u57fa\u672c\u65b9\u6cd5\u3002\n* \u8fdb\u4e00\u6b65\u4e86\u89e3\u201c\u667a\u80fd\u65b9\u6cd5\u9002\u914d\u201d\u3002')),
(40362, STRINGDECODE('\u89c6\u56fe\u6a21\u677f'), 0, 0, 0, 'benny.bao@bstek.com', DATE '2011-02-13', DATE '2011-02-13', '', 'com.bstek.dorado.sample.basic.TemplateTest.d', 1, 800, 0, 'Template Import Export', STRINGDECODE('Dorado7\u7684\u89c6\u56fe\u914d\u7f6e\u652f\u6301\u6a21\u677f\u529f\u80fd\uff0c\u8fd9\u4f7f\u5f97\u90e8\u5206\u914d\u7f6e\u4ee3\u7801\u53ef\u4ee5\u5f97\u5230\u5f88\u597d\u7684\u91cd\u7528\uff0c\u4e5f\u4f7f\u5f97\u9879\u76ee\u7ba1\u7406\u8005\u80fd\u591f\u5f88\u65b9\u4fbf\u7684\u7edf\u4e00\u6240\u6709\u9879\u76ee\u6210\u5458\u5f00\u53d1\u51fa\u7684\u9875\u9762\u6548\u679c\u3002\n\n\u89c6\u56fe\u6a21\u677f\u529f\u80fd\u7684\u57fa\u672c\u7528\u6cd5\u662f\u5728\u4f5c\u4e3a\u6a21\u677f\u7684\u89c6\u56fe\u914d\u7f6e\u6587\u4ef6\u4e2d\u6dfb\u52a0\u4e00\u4e9b\u201c\u6ce8\u5165\u6807\u8bc6\u201d\uff08\u6709\u65f6\u4e5f\u88ab\u79f0\u4e3a\u5360\u4f4d\u7b26\uff09\u3002\u7136\u540e\u5728\u5b9e\u9645\u5f15\u7528\u8be5\u6a21\u677f\u7684\u89c6\u56fe\u6587\u4ef6\u4e2d\u8bbe\u5b9a\u4e00\u4e9b\u53ef\u4ee5\u66ff\u6362\u6a21\u677f\u4e2d\u6ce8\u5165\u6807\u8bc6\u7684\u5185\u5bb9\u3002\n\n\u89c6\u56fe\u6a21\u677f\u53ef\u4ee5\u591a\u5c42\u5d4c\u5957\u4f7f\u7528\u3002\n\n=== \u5b66\u4e60\u91cd\u70b9 ===\n* \u4e86\u89e3\u5982\u4f55\u4e3a\u4e00\u4e2a\u89c6\u56fe\u5173\u8054\u4e00\u4e2a\u6a21\u677f\u3002\n* \u7406\u89e3<Import>\u6807\u8bb0\u548c<Export>\u6807\u8bb0\u4e4b\u95f4\u7684\u5173\u7cfb\u3002\n* \u6ce8\u610f\u5e76\u7406\u89e3\u793a\u4f8b\u4e2d\u5bf9\u89c6\u56fe\u914d\u7f6e\u6587\u4ef6\u4e2d<Argument>\u7684\u7528\u6cd5\u3002\n\n[[\u8be6\u7ec6\u793a\u4f8b\u8bf4\u660e|http://wiki.bsdn.org/x/RQkX]]'));
INSERT INTO PUBLIC.EXAMPLES(ID, LABEL, SORT_FLAG, IS_NEW, IS_HOT, AUTHOR, CREATE_DATE, LAST_MODIFY, ICON, URL, IS_EMBEDDED, EMBED_WIDTH, EMBED_HEIGHT, TAGS, SUMMARY) VALUES
(40354, STRINGDECODE('Velocity\u9875\u9762\u6a21\u677f'), 0, 0, 0, 'benny.bao@bstek.com', DATE '2011-02-13', DATE '2011-02-13', '', 'com.bstek.dorado.sample.basic.VelocityTemplate.d', 0, 0, 0, 'PageTemplate Velocity renderTo renderOn', STRINGDECODE('\u5c3d\u7ba1Dorado7\u79cd\u63d0\u4f9b\u7684\u529f\u80fd\u5f3a\u5927\u7684\u5e03\u5c40\u7ba1\u7406\u5668\uff0c\u4f46\u662f\u51fa\u4e8e\u67d0\u4e9b\u6280\u672f\u4eba\u5458\u4e60\u60ef\u4ee5\u53ca\u9875\u9762\u9700\u6c42\u7b49\u539f\u56e0\uff0c\u5f00\u53d1\u4eba\u5458\u53ef\u80fd\u4ecd\u7136\u9700\u8981\u4ee5HTML\u5f62\u5f0f\u6765\u5b9e\u73b0\u9875\u9762\u7684\u5e03\u5c40\u3002 Dorado7\u540c\u6837\u5bf9\u6b64\u79cd\u4f7f\u7528\u65b9\u5f0f\u63d0\u4f9b\u4e86\u5b8c\u5584\u7684\u652f\u6301\u3002\u5f00\u53d1\u8005\u53ef\u4ee5\u5f88\u65b9\u4fbf\u7684\u4f7f\u7528JSP\u3001Velocity\u6216\u8005\u5176\u4ed6\u7c7b\u4f3c\u7684\u6280\u672f\u6765\u4e3a\u89c6\u56fe\u914d\u7f6e\u6587\u4ef6\u5b9a\u4e49\u5e03\u5c40\u65b9\u5f0f\u3002 \u5e76\u4e14\uff0c\u65b0\u7684\u5f00\u53d1\u65b9\u5f0f\u8ba9\u7f8e\u5de5\u4eba\u5458\u4e0e\u5f00\u53d1\u4eba\u5458\u7684\u5408\u4f5c\u53d8\u5f97\u66f4\u4e3a\u53ef\u884c\u548c\u4fbf\u5229\u3002\u4ee5JSP\u4e3a\u4f8b\uff0cDorado7\u4e0d\u518d\u5f15\u5165\u7e41\u591a\u7684Taglib\u6807\u7b7e\u5e93\uff0c\u800c\u662f\u4ee5\u7eafHTML\u65b9\u5f0f\u7684\u5360\u4f4d\u7b26\u6765\u8f85\u52a9Web\u9875\u9762\u7684\u5e03\u5c40\u3002\n\n\u672c\u4f8b\u5c55\u793a\u4e86\u5982\u4f55\u901a\u8fc7Velocity\u7684\u6a21\u677f\u6765\u5b9a\u5236\u9875\u9762\u5e03\u5c40\u3002\n\n=== \u5b66\u4e60\u91cd\u70b9 ===\n* \u4e86\u89e3\u89c6\u56fe\u914d\u7f6e\u6587\u4ef6\u4e0eVelocity\u6a21\u677f\u6587\u4ef6\u4e4b\u95f4\u7684\u5173\u7cfb\uff0c\u5982\u4f55\u901a\u8fc7\u89c6\u56fe\u914d\u7f6e\u6587\u4ef6\u4e2d\u7684pageTemplate\u5c5e\u6027\u6307\u5b9aVelocity\u6a21\u677f\u3002\n* \u4e86\u89e3HTML\u5360\u4f4d\u5bf9\u8c61\u7684\u4e0e\u89c6\u56fe\u63a7\u4ef6\u4e2d\u7684\u6620\u5c04\u5173\u7cfb\u3002\n* \u7406\u89e3\u793a\u4f8b\u4e2d\u5c55\u793a3\u79cd\u5360\u4f4d\u5bf9\u8c61\u7684\u66ff\u6362\u6a21\u5f0f\uff0c\u5373renderTo\u6a21\u5f0f\u3001renderOn\u6a21\u5f0f\u3001renderOn\u5bb9\u5668\u6a21\u5f0f\u3002\n\n[[\u8be6\u7ec6\u793a\u4f8b\u8bf4\u660e|http://wiki.bsdn.org/x/LAkX]]'));
CREATE INDEX PUBLIC.I_EXAMPLES_LABEL ON PUBLIC.EXAMPLES(LABEL);
ALTER TABLE PUBLIC.ORDER_DETAILS ADD CONSTRAINT PUBLIC.CONSTRAINT_800A6 CHECK((DISCOUNT >= 0)
    AND (DISCOUNT <= 1)) NOCHECK;
ALTER TABLE PUBLIC.ORDERS ADD CONSTRAINT PUBLIC.CONSTRAINT_8B72 FOREIGN KEY(SHIP_VIA) REFERENCES PUBLIC.SHIPPERS(ID) NOCHECK;
ALTER TABLE PUBLIC.CATEGORY_EXAMPLE_RELATIONS ADD CONSTRAINT PUBLIC.CONSTRAINT_DB1 FOREIGN KEY(EXAMPLE_ID) REFERENCES PUBLIC.EXAMPLES(ID) NOCHECK;
ALTER TABLE PUBLIC.CATEGORIES ADD CONSTRAINT PUBLIC.CONSTRAINT_6A FOREIGN KEY(PARENT_ID) REFERENCES PUBLIC.CATEGORIES(ID) NOCHECK;
ALTER TABLE PUBLIC.EXAMPLE_SOURCES ADD CONSTRAINT PUBLIC.CONSTRAINT_FEA FOREIGN KEY(EXAMPLE_ID) REFERENCES PUBLIC.EXAMPLES(ID) NOCHECK;
ALTER TABLE PUBLIC.ORDERS ADD CONSTRAINT PUBLIC.CONSTRAINT_8B FOREIGN KEY(CUSTOMER_ID) REFERENCES PUBLIC.CUSTOMERS(ID) NOCHECK;
ALTER TABLE PUBLIC.EXAMPLE_CATEGORIES ADD CONSTRAINT PUBLIC.CONSTRAINT_24 FOREIGN KEY(CATEGORY_ID) REFERENCES PUBLIC.EXAMPLE_CATEGORIES(ID) NOCHECK;
ALTER TABLE PUBLIC.EMPLOYEES ADD CONSTRAINT PUBLIC.CONSTRAINT_43 FOREIGN KEY(REPORTS_TO) REFERENCES PUBLIC.EMPLOYEES(ID) NOCHECK;
ALTER TABLE PUBLIC.PRODUCTS ADD CONSTRAINT PUBLIC.CONSTRAINT_F2D1 FOREIGN KEY(SUPPLIER_ID) REFERENCES PUBLIC.SUPPLIERS(ID) NOCHECK;
ALTER TABLE PUBLIC.ORDERS ADD CONSTRAINT PUBLIC.CONSTRAINT_8B7 FOREIGN KEY(EMPLOYEE_ID) REFERENCES PUBLIC.EMPLOYEES(ID) NOCHECK;
ALTER TABLE PUBLIC.CATEGORY_EXAMPLE_RELATIONS ADD CONSTRAINT PUBLIC.CONSTRAINT_DB FOREIGN KEY(CATEGORY_ID) REFERENCES PUBLIC.EXAMPLE_CATEGORIES(ID) NOCHECK;
ALTER TABLE PUBLIC.ORDER_DETAILS ADD CONSTRAINT PUBLIC.CONSTRAINT_800A FOREIGN KEY(PRODUCT_ID) REFERENCES PUBLIC.PRODUCTS(ID) NOCHECK;
ALTER TABLE PUBLIC.PRODUCTS ADD CONSTRAINT PUBLIC.CONSTRAINT_F2D FOREIGN KEY(CATEGORY_ID) REFERENCES PUBLIC.CATEGORIES(ID) NOCHECK;
ALTER TABLE PUBLIC.ORDER_DETAILS ADD CONSTRAINT PUBLIC.CONSTRAINT_800 FOREIGN KEY(ORDER_ID) REFERENCES PUBLIC.ORDERS(ID) NOCHECK;
